Date,Open,High,Low,Close,Volume,Dividends,Stock Splits,Outstanding Shares
2014-01-01,123.05980805086882,125.46505014674304,123.05980805086882,124.3360595703125,262868,0.0,0,72161600
2014-01-02,124.63057369301556,126.15225761747648,117.9057272168549,118.9365463256836,452564,0.0,0,72161600
2014-01-03,117.80755413465263,119.2801485613358,116.43313117174785,118.7892837524414,209427,0.0,0,72161600
2014-01-06,119.1819766375045,121.14543586550292,117.90572514330452,118.98562622070312,182586,0.0,0,72161600
2014-01-07,117.95481867990954,120.4091427993833,116.58039567500369,117.0221710205078,195127,0.0,0,72161600
2014-01-08,118.1020788811026,120.16370963047292,117.07125976141609,118.3475112915039,276887,0.0,0,72161600
2014-01-09,117.9057272336147,121.53813136381096,116.82582613707088,117.07125854492188,260799,0.0,0,72161600
2014-01-10,116.8749185619694,119.28015322356272,114.22424399633296,114.76419830322266,185215,0.0,0,72161600
2014-01-13,114.86236814053716,116.8258274249908,113.88063849831036,114.61693572998048,141911,0.0,0,72161600
2014-01-14,114.17516001025596,115.94226886643196,113.487944768963,113.8806381225586,180835,0.0,0,72161600
2014-01-15,114.66602162088002,115.54957227924092,113.58611305621216,114.51876068115234,149542,0.0,0,72161600
2014-01-16,115.05870592275468,118.93654232997358,113.88063340081617,118.1020736694336,547437,0.0,0,72161600
2014-01-17,121.29269855573207,124.23788744022576,115.1568883797036,116.3349609375,1361798,0.0,0,72161600
2014-01-20,115.94226797080678,118.59294246959908,115.94226797080678,117.07125854492188,189311,0.0,0,72161600
2014-01-21,117.07125815862342,119.5746717064441,115.94226758823363,116.3349609375,241330,0.0,0,72161600
2014-01-22,116.38405367007869,118.78928833035329,115.59866694957934,116.62948608398438,267078,0.0,0,72161600
2014-01-23,116.5313018907553,117.26759909939108,113.92972441224424,114.51876068115234,167482,0.0,0,72161600
2014-01-24,113.5861167784086,114.37150348935808,109.4628552709307,109.95372009277344,237107,0.0,0,72161600
2014-01-27,108.5792939011784,108.5792939011784,104.40694303819006,104.99597930908205,174160,0.0,0,72161600
2014-01-28,104.16150824819546,106.86126462710251,103.62156146641549,105.2414093017578,146116,0.0,0,72161600
2014-01-29,105.48684743274045,107.69573913552937,102.59074797397388,103.42521667480467,122420,0.0,0,72161600
2014-01-30,102.0507937170978,102.39440508523842,100.2345953697955,101.55992889404295,150626,0.0,0,72161600
2014-01-31,101.60901878586914,104.06334291113168,101.60901878586914,103.22887420654295,114390,0.0,0,72161600
2014-02-03,103.86699802943524,104.94689912630028,100.9708911219305,101.41267395019533,143763,0.0,0,72161600
2014-02-04,100.0873337329194,102.09988248953144,97.9766210003784,101.01998138427734,181002,0.0,0,72161600
2014-02-05,100.28368412364205,104.35786362356538,100.28368412364205,102.88526916503906,171987,0.0,0,72161600
2014-02-06,102.5907456502792,105.38867357910448,101.80535895552003,102.73800659179688,133697,0.0,0,72161600
2014-02-07,103.62156789281784,104.89781194799532,102.68892022826212,103.03252410888672,169203,0.0,0,72161600
2014-02-10,103.13069824331856,105.87953664976912,103.13069824331856,103.52338409423828,147680,0.0,0,72161600
2014-02-11,103.47430500863948,103.86699836057034,100.77454851286852,101.21632385253906,176319,0.0,0,72161600
2014-02-12,101.21632548018874,103.670649606721,100.13642436251511,101.36358642578124,280638,0.0,0,72161600
2014-02-13,101.55992742076174,102.05079223669584,99.30195376146656,99.5473861694336,121257,0.0,0,72161600
2014-02-14,99.94007748014766,100.48002427265185,98.17296118285526,98.66382598876952,127690,0.0,0,72161600
2014-02-17,98.90926002681697,101.26541263215606,98.17296280577364,98.81108856201172,179006,0.0,0,72161600
2014-02-18,98.27113268497769,103.67064555217428,98.27113268497769,102.39440155029295,381006,0.0,0,72161600
2014-02-19,101.80535771122136,103.37613108154116,101.26541091892612,101.46175384521484,126092,0.0,0,72161600
2014-02-20,100.43094144600016,101.4617530357963,99.64555476710572,99.9891586303711,105880,0.0,0,72161600
2014-02-21,100.0382489635179,101.70718630796225,99.98915948691555,100.52911376953124,91518,0.0,0,72161600
2014-02-24,99.8418997103958,101.60901602863396,99.8418997103958,100.87271881103516,91988,0.0,0,72161600
2014-02-25,101.16724475475012,103.52338995363569,100.2836865601666,100.77455139160156,250349,0.0,0,72161600
2014-02-26,100.82363221871748,101.90354082743046,100.13642445862996,100.43094635009766,151998,0.0,0,72161600
2014-02-28,100.77455095948147,102.98344269146716,100.3327681190826,101.9035415649414,185772,0.0,0,72161600
2014-03-03,101.60901523166234,103.08160965530962,98.27113304006132,99.4001235961914,215459,0.0,0,72161600
2014-03-04,99.94007990238808,101.21632393469592,98.66382838007756,100.28368377685548,144543,0.0,0,72161600
2014-03-05,100.72546051002304,105.48684781064736,100.72546051002304,104.16151428222656,416166,0.0,0,72161600
2014-03-06,105.53593839195176,107.5975691788172,104.89781261530216,106.3704071044922,494319,0.0,0,72161600
2014-03-07,106.51766670040968,112.50621604916029,106.51766670040968,110.69001770019533,812779,0.0,0,72161600
2014-03-10,110.7881843797552,114.66602081187928,109.4628509115619,113.0461654663086,805088,0.0,0,72161600
2014-03-11,112.60438709419924,113.83154914836445,109.4628552315374,111.81900787353516,334755,0.0,0,72161600
2014-03-12,112.89890366398016,115.54957058009002,111.37721979250816,112.50621032714844,633363,0.0,0,72161600
2014-03-13,112.80073515371976,113.88063624076094,108.48112331555244,109.26651000976562,296033,0.0,0,72161600
2014-03-14,108.08843347240956,109.16833459445849,106.37040657687623,108.43203735351562,207750,0.0,0,72161600
2014-03-18,108.48112123940562,111.76991391472647,108.18659936221168,109.31558990478516,193811,0.0,0,72161600
2014-03-19,109.70828288528182,110.34640862377836,107.106697945259,107.64665222167967,146603,0.0,0,72161600
2014-03-20,106.61583428806676,109.1683297794196,105.634104676777,106.12496948242188,174866,0.0,0,72161600
2014-03-21,106.51766360730537,107.40122176195632,105.38867304802925,105.7322769165039,151611,0.0,0,72161600
2014-03-24,113.3406822795916,115.00962713711424,110.49367235735188,110.9354476928711,432650,0.0,0,72161600
2014-03-25,110.54275596810191,113.19343049015396,109.7082872720866,111.08271026611328,281005,0.0,0,72161600
2014-03-26,110.44458374153838,113.09525075533423,108.77564636100068,109.61011505126952,377381,0.0,0,72161600
2014-03-27,109.9046249941136,113.38976804696946,109.65919259574352,111.76991271972656,407978,0.0,0,72161600
2014-03-28,111.76991665836772,119.7219251477768,111.76991665836772,118.20024871826172,1827573,0.0,0,72161600
2014-03-31,119.52557854566996,133.80974719127667,119.28014614619222,130.22642517089844,2447690,0.0,0,72161600
2014-04-01,130.66821922385157,131.3063374888044,125.6613921388184,126.59403228759766,839030,0.0,0,72161600
2014-04-02,127.42851382985263,136.2640808368223,127.13399193361911,134.10427856445312,1499527,0.0,0,72161600
2014-04-03,135.3805119431209,135.67503383238184,128.60658339014594,130.0791778564453,508904,0.0,0,72161600
2014-04-04,129.8828265902365,135.08599636665653,127.62484555744994,133.26979064941406,710761,0.0,0,72161600
2014-04-07,133.95700791478333,134.25152980615445,128.7538377672457,129.68649291992188,382933,0.0,0,72161600
2014-04-09,130.47185994826538,137.88392154358183,130.47185994826538,134.6442108154297,987917,0.0,0,72161600
2014-04-10,135.4786826332847,138.86564670311589,131.8462861673787,134.00608825683594,764081,0.0,0,72161600
2014-04-11,133.3679721427484,139.11108131434702,132.72983891478978,135.82229614257812,602542,0.0,0,72161600
2014-04-15,136.31317230408342,137.88393080689232,133.4661472389819,134.05519104003906,311058,0.0,0,72161600
2014-04-16,134.79147909850602,137.29489261206993,129.24469778727533,130.17735290527344,311570,0.0,0,72161600
2014-04-17,130.57003993197196,134.00609361439226,130.57003993197196,132.38624572753906,241353,0.0,0,72161600
2014-04-21,132.9752811588796,137.34397520598816,132.5825952818384,135.57687377929688,371940,0.0,0,72161600
2014-04-22,135.72412629936576,140.5836851491647,135.52778336220328,135.9695587158203,598832,0.0,0,72161600
2014-04-23,137.04946792946302,139.20927020754786,133.6134140843261,134.840576171875,329017,0.0,0,72161600
2014-04-24,134.840576171875,134.840576171875,134.840576171875,134.840576171875,0,0.0,0,72161600
2014-04-25,134.98782817752485,135.87137887904817,131.06090953963323,131.8953857421875,229306,0.0,0,72161600
2014-04-28,132.53350102310816,132.53350102310816,129.58831211148353,130.47186279296875,219684,0.0,0,72161600
2014-04-29,131.5517740054662,134.3987840180598,130.0791795203304,131.15908813476562,282417,0.0,0,72161600
2014-04-30,130.57003471178888,137.29488835624,130.52094523657297,134.00608825683594,1245510,0.0,0,72161600
2014-05-02,135.92046456510587,140.19099445664443,133.7606623705368,134.5951385498047,415682,0.0,0,72161600
2014-05-05,133.66248876796618,135.18417275462437,130.57004629508498,131.11000061035156,150344,0.0,0,72161600
2014-05-06,131.25724649347396,132.7298409155698,129.68648809790815,130.17735290527344,171331,0.0,0,72161600
2014-05-07,130.1773617666923,136.16590383619695,129.88283986622343,132.1898956298828,714677,0.0,0,72161600
2014-05-08,133.46614091059715,134.7914819101308,131.06090630033736,131.60086059570312,205954,0.0,0,72161600
2014-05-09,132.4844072380759,135.28234260515842,130.81546990508147,133.56431579589844,287871,0.0,0,72161600
2014-05-12,134.6932954425735,142.9398329064073,134.5460419975069,139.99464416503906,1101178,0.0,0,72161600
2014-05-13,141.85993069393388,152.3644346766532,141.36906588184416,148.04483032226562,1945531,0.0,0,72161600
2014-05-14,149.61558337009595,174.99329923749303,149.41924044829884,173.17709350585938,5472043,0.0,0,72161600
2014-05-15,173.22618802901113,174.5024395278884,159.7274057870507,161.49452209472656,2194164,0.0,0,72161600
2014-05-16,166.30499189321512,172.78441338723866,162.96711717205463,164.8323974609375,990395,0.0,0,72161600
2014-05-19,166.89404201464112,193.10622091152769,165.5196264841699,191.87905883789065,3428650,0.0,0,72161600
2014-05-20,195.26601164364448,230.2155914306641,194.57880391895688,230.2155914306641,3998736,0.0,0,72161600
2014-05-21,234.63338322013757,237.97125799361007,211.3663938215057,216.96224975585935,2053513,0.0,0,72161600
2014-05-22,217.4531126588735,233.8479944547604,217.4531126588735,228.93934631347656,1501404,0.0,0,72161600
2014-05-23,231.344574381606,238.56029293777524,229.3320406844476,232.08087158203125,1094503,0.0,0,72161600
2014-05-26,233.897081170931,237.3822243061001,208.9120654227549,210.72825622558597,941022,0.0,0,72161600
2014-05-27,212.44628571838945,214.3606704788968,192.07539591713885,207.68490600585935,815668,0.0,0,72161600
2014-05-28,210.04105371799733,219.76018615292088,206.2614035877539,216.56956481933597,1077065,0.0,0,72161600
2014-05-29,218.6802714503413,218.8275249003934,209.45201907361965,211.12095642089844,480982,0.0,0,72161600
2014-05-30,211.5627421903973,216.32413704376123,201.99087798456728,205.27967834472656,581583,0.0,0,72161600
2014-06-02,199.389290855349,210.77734540459275,187.0685811875853,204.39610290527344,1285306,0.0,0,72161600
2014-06-03,208.02850833491303,213.918886277157,204.1997686644568,209.40293884277344,704761,0.0,0,72161600
2014-06-04,207.5376402060925,216.37320697895368,207.3412972738078,212.8389892578125,615852,0.0,0,72161600
2014-06-05,215.19512899968583,218.43483973102343,213.03532683879587,214.45883178710935,567404,0.0,0,72161600
2014-06-06,216.4713892441776,217.7476407935458,211.8572628549287,213.13351440429688,439701,0.0,0,72161600
2014-06-09,214.99879313271865,230.70646751684416,214.0170634837108,228.448486328125,1312210,0.0,0,72161600
2014-06-10,230.5592076119791,232.47357737799192,211.1700475864541,225.99415588378903,787343,0.0,0,72161600
2014-06-11,224.07978454549257,234.63337790305684,221.57637103211584,223.0489654541016,988534,0.0,0,72161600
2014-06-12,222.36176429476055,225.306953225817,217.06043021086123,219.90744018554688,307030,0.0,0,72161600
2014-06-13,221.87089223250075,225.5032887995982,201.745435193712,206.65408325195312,490006,0.0,0,72161600
2014-06-16,206.163216902203,209.9919563669562,197.622172340827,207.43946838378903,425663,0.0,0,72161600
2014-06-17,206.65408166982064,214.7042614277034,206.65408166982064,213.0353240966797,374709,0.0,0,72161600
2014-06-18,214.3115839492282,215.685999456697,199.4383708776638,201.6472625732422,552252,0.0,0,72161600
2014-06-19,204.34701025549737,208.07758573163525,201.1563890553803,202.23629760742188,343766,0.0,0,72161600
2014-06-20,202.72717037227773,203.7089000108844,194.382468444121,195.7078094482422,456559,0.0,0,72161600
2014-06-23,196.34593294419852,200.27285160308253,193.5970868869786,195.9532470703125,268867,0.0,0,72161600
2014-06-24,195.9532395874033,206.1141322412458,195.9532395874033,203.2180328369141,586726,0.0,0,72161600
2014-06-25,201.5000008877709,209.8937919840907,201.5000008877709,206.7031707763672,490561,0.0,0,72161600
2014-06-26,208.61755320398805,210.4828335700449,203.85615835062413,205.27967834472656,387955,0.0,0,72161600
2014-06-27,205.96687151696463,208.61753842089985,202.03995314668887,203.0216827392578,244894,0.0,0,72161600
2014-06-30,204.1997635800893,211.8081682327128,204.1997635800893,209.15750122070312,484216,0.0,0,72161600
2014-07-01,210.04105073194611,210.92461638438095,205.8686998165745,206.9486083984375,245013,0.0,0,72161600
2014-07-02,208.6175433266911,217.74763174828377,208.37211092277727,215.58782958984372,1027748,0.0,0,72161600
2014-07-03,217.35492947259863,222.7544423228936,215.9805140117983,217.1094970703125,954649,0.0,0,72161600
2014-07-04,219.66200908953493,219.66200908953493,209.59928018152272,214.6551818847656,374770,0.0,0,72161600
2014-07-07,215.9805228019952,221.8709006965951,214.2134064376141,218.38575744628903,537175,0.0,0,72161600
2014-07-08,219.26931596596205,219.26931596596205,198.40756160309368,201.40182495117188,432076,0.0,0,72161600
2014-07-09,201.25456708792436,204.59244172079528,193.4007303235175,197.0331268310547,328408,0.0,0,72161600
2014-07-10,196.34592201483912,209.5992717508408,191.4372739644681,200.32192993164065,574466,0.0,0,72161600
2014-07-11,199.34020526489533,204.2979429147153,185.05603608808943,188.63934326171875,364331,0.0,0,72161600
2014-07-14,187.51036071777344,191.29002581324903,185.54690144324175,187.51036071777344,233095,0.0,0,72161600
2014-07-15,191.14275613957204,194.1861239873537,188.8847749925087,192.7626190185547,249988,0.0,0,72161600
2014-07-16,193.6461723260676,199.9783255354056,192.51718922719544,197.9167022705078,351858,0.0,0,72161600
2014-07-17,196.34593186688733,202.0399668870282,195.95324599515587,200.07650756835935,265973,0.0,0,72161600
2014-07-18,198.9965873534469,199.8310635072497,194.8733260205496,197.37673950195312,282652,0.0,0,72161600
2014-07-21,196.88588581706975,204.00342583428616,196.88588581706975,199.3402099609375,272787,0.0,0,72161600
2014-07-22,200.27284397324755,203.56164421677116,197.573087498118,199.48745727539065,209939,0.0,0,72161600
2014-07-23,200.5182719430458,205.9668742501063,195.70780286762587,200.7146148681641,517295,0.0,0,72161600
2014-07-24,203.2180296895201,205.5741747663821,200.4200943032421,201.0582275390625,394199,0.0,0,72161600
2014-07-25,201.4509200874375,202.1872173209296,192.4190103526022,194.1861267089844,223395,0.0,0,72161600
2014-07-28,192.6153441416361,196.59135200974424,189.52290189977688,190.30828857421875,151123,0.0,0,72161600
2014-07-30,190.45555180598924,191.4372814544737,184.5651739150824,185.5959930419922,253530,0.0,0,72161600
2014-07-31,184.85968803584532,185.35055283945616,178.3311771598181,179.06747436523438,353786,0.0,0,72161600
2014-08-01,176.7113321354967,182.7980528019405,175.7296025125217,178.62570190429688,243074,0.0,0,72161600
2014-08-04,180.14738581590916,184.36882619070255,178.036673118515,178.62570190429688,257673,0.0,0,72161600
2014-08-05,179.6565159431901,181.4236322107634,177.69305675255413,180.2455596923828,238441,0.0,0,72161600
2014-08-06,178.57660961836228,188.49208464645375,178.57660961836228,182.7980499267578,741488,0.0,0,72161600
2014-08-07,182.8471490946026,188.09940876529552,180.7855108175068,181.8163299560547,263180,0.0,0,72161600
2014-08-08,180.14739327122533,180.14739327122533,169.5937993874887,170.62461853027344,408047,0.0,0,72161600
2014-08-11,173.12801961983453,177.69305623270603,173.12801961983453,175.7786865234375,213746,0.0,0,72161600
2014-08-12,177.34944806325797,180.58915877241895,175.4350783196644,177.93849182128906,230401,0.0,0,72161600
2014-08-13,176.12229112179227,177.6930645350992,167.38490333278682,168.12120056152344,241780,0.0,0,72161600
2014-08-14,165.7159684268809,168.75932136325974,158.05847413727275,166.94313049316406,485282,0.0,0,72161600
2014-08-18,165.22510294542914,173.66796893998716,165.02876001160328,171.8026885986328,254671,0.0,0,72161600
2014-08-19,171.80268018810813,177.0058500698061,171.80268018810813,174.99330139160156,237058,0.0,0,72161600
2014-08-20,174.35518810566498,175.53326066448594,164.93057767508645,172.6371612548828,242365,0.0,0,72161600
2014-08-21,171.85178163288967,177.30038429432776,170.33009764924392,170.9682159423828,264479,0.0,0,72161600
2014-08-22,170.82095389630098,174.25700756662886,168.8574946561136,169.6919708251953,200720,0.0,0,72161600
2014-08-25,170.33009738875455,171.7045129318776,164.93058421504762,165.7650604248047,164199,0.0,0,72161600
2014-08-26,165.4214359730955,165.4214359730955,148.3393470930982,151.52996826171875,798564,0.0,0,72161600
2014-08-27,152.65895682287632,155.60414570048806,145.73775996448762,146.91583251953125,567408,0.0,0,72161600
2014-08-28,147.55397176913385,155.01510824138188,147.55397176913385,150.49916076660156,585296,0.0,0,72161600
2014-09-01,151.62813577710506,156.58587332023578,151.62813577710506,154.4260711669922,400302,0.0,0,72161600
2014-09-02,154.9169358528231,159.38380858582372,154.13154916680014,156.29135131835938,359609,0.0,0,72161600
2014-09-03,157.61670176022608,159.9237575003192,154.76967672478398,156.43862915039062,337050,0.0,0,72161600
2014-09-04,155.11327768525405,155.99682833829465,149.17381057535567,152.21717834472656,212953,0.0,0,72161600
2014-09-05,151.18635893264536,157.91121270833966,150.695494130916,155.21145629882812,452786,0.0,0,72161600
2014-09-08,156.29135301654742,162.9671174502704,155.60414527631238,161.10183715820312,621090,0.0,0,72161600
2014-09-09,161.24909433702996,165.51962428864303,159.33472452355036,162.8689422607422,523506,0.0,0,72161600
2014-09-10,161.4945209415734,165.61778231003808,161.0527456128102,163.01620483398438,280634,0.0,0,72161600
2014-09-11,163.01621204477246,172.04812186568608,162.18173584685957,169.54470825195312,899908,0.0,0,72161600
2014-09-12,171.85177523796486,174.7478746590663,167.4339918898424,168.51388549804688,596954,0.0,0,72161600
2014-09-15,165.91231016101932,172.29355285952008,164.243372758951,168.46481323242188,443055,0.0,0,72161600
2014-09-16,166.8940371694895,171.16456705376976,158.10755997333214,159.5801544189453,384795,0.0,0,72161600
2014-09-17,160.2182673505306,162.77077029658267,158.05846523156606,161.1999969482422,260932,0.0,0,72161600
2014-09-18,162.60000610351562,169.8000030517578,161.35000610351562,168.8000030517578,353433,3.0,0,72161600
2014-09-19,168.8000030517578,171.0,164.0,165.35000610351562,206896,0.0,0,72161600
2014-09-22,164.0,166.60000610351562,162.0,163.14999389648438,145339,0.0,0,72161600
2014-09-23,162.0,164.89999389648438,158.3000030517578,159.64999389648438,155293,0.0,0,72161600
2014-09-24,160.0,161.4499969482422,155.0,157.25,187289,0.0,0,72161600
2014-09-25,156.10000610351562,159.0,146.3000030517578,147.39999389648438,247154,0.0,0,72161600
2014-09-26,146.0,148.0,142.6999969482422,146.75,229613,0.0,0,72161600
2014-09-29,145.60000610351562,152.4499969482422,145.3000030517578,150.64999389648438,154594,0.0,0,72161600
2014-09-30,149.4499969482422,154.35000610351562,149.10000610351562,150.85000610351562,150926,0.0,0,72161600
2014-10-01,150.25,152.35000610351562,146.10000610351562,147.0,130193,0.0,0,72161600
2014-10-07,147.0,150.89999389648438,144.85000610351562,145.60000610351562,106263,0.0,0,72161600
2014-10-08,144.10000610351562,147.75,144.10000610351562,146.25,119876,0.0,0,72161600
2014-10-09,147.85000610351562,153.6999969482422,147.64999389648438,152.9499969482422,220138,0.0,0,72161600
2014-10-10,151.39999389648438,152.35000610351562,146.5,148.35000610351562,175975,0.0,0,72161600
2014-10-13,148.60000610351562,152.75,148.5,151.85000610351562,238586,0.0,0,72161600
2014-10-14,152.85000610351562,153.60000610351562,150.35000610351562,151.0500030517578,103722,0.0,0,72161600
2014-10-15,151.0500030517578,151.0500030517578,151.0500030517578,151.0500030517578,0,0.0,0,72161600
2014-10-16,149.5500030517578,156.3000030517578,145.25,146.60000610351562,298373,0.0,0,72161600
2014-10-17,149.5,151.0,147.10000610351562,148.75,174083,0.0,0,72161600
2014-10-20,151.0500030517578,154.9499969482422,149.10000610351562,150.5500030517578,188885,0.0,0,72161600
2014-10-21,154.39999389648438,159.5500030517578,154.39999389648438,157.14999389648438,545339,0.0,0,72161600
2014-10-22,158.8000030517578,159.3000030517578,155.64999389648438,156.5,227564,0.0,0,72161600
2014-10-27,157.5,158.64999389648438,154.25,155.25,188281,0.0,0,72161600
2014-10-28,154.0,158.5,154.0,156.3000030517578,161012,0.0,0,72161600
2014-10-29,156.64999389648438,167.39999389648438,156.64999389648438,164.89999389648438,892286,0.0,0,72161600
2014-10-30,166.39999389648438,166.39999389648438,162.10000610351562,162.75,310632,0.0,0,72161600
2014-10-31,163.6999969482422,169.60000610351562,163.14999389648438,167.64999389648438,531281,0.0,0,72161600
2014-11-03,167.25,172.39999389648438,165.10000610351562,169.35000610351562,370715,0.0,0,72161600
2014-11-05,169.0500030517578,170.4499969482422,165.1999969482422,165.85000610351562,209243,0.0,0,72161600
2014-11-07,166.0,167.1999969482422,162.25,162.64999389648438,140890,0.0,0,72161600
2014-11-10,163.5,168.0,162.0,163.8000030517578,187781,0.0,0,72161600
2014-11-11,163.25,166.10000610351562,161.25,162.85000610351562,194120,0.0,0,72161600
2014-11-12,163.6999969482422,170.35000610351562,163.0,166.89999389648438,596544,0.0,0,72161600
2014-11-13,158.0,160.64999389648438,155.25,157.14999389648438,442952,0.0,0,72161600
2014-11-14,155.64999389648438,159.0,155.10000610351562,155.5,149228,0.0,0,72161600
2014-11-17,154.0,157.85000610351562,154.0,155.5,208469,0.0,0,72161600
2014-11-18,157.39999389648438,159.89999389648438,156.14999389648438,156.5500030517578,172772,0.0,0,72161600
2014-11-19,156.0,158.8000030517578,152.10000610351562,152.8000030517578,150246,0.0,0,72161600
2014-11-20,153.0,154.14999389648438,149.10000610351562,150.0500030517578,126012,0.0,0,72161600
2014-11-21,149.10000610351562,152.8000030517578,148.25,149.6999969482422,144482,0.0,0,72161600
2014-11-24,150.3000030517578,152.0,147.25,148.10000610351562,109920,0.0,0,72161600
2014-11-25,147.10000610351562,148.6999969482422,142.60000610351562,143.8000030517578,127516,0.0,0,72161600
2014-11-26,144.3000030517578,147.64999389648438,141.10000610351562,144.6999969482422,179557,0.0,0,72161600
2014-11-27,145.1999969482422,148.14999389648438,144.5,144.9499969482422,121519,0.0,0,72161600
2014-11-28,146.0,147.8000030517578,144.8000030517578,145.85000610351562,132696,0.0,0,72161600
2014-12-01,145.1999969482422,146.0500030517578,141.0,141.3000030517578,123686,0.0,0,72161600
2014-12-02,140.10000610351562,145.4499969482422,139.35000610351562,143.85000610351562,153643,0.0,0,72161600
2014-12-03,153.8000030517578,163.0,150.0,156.64999389648438,995895,0.0,0,72161600
2014-12-04,158.1999969482422,167.5,154.5,165.14999389648438,1295235,0.0,0,72161600
2014-12-05,165.0,172.35000610351562,162.5500030517578,166.0,1022430,0.0,0,72161600
2014-12-08,165.0,174.5,165.0,170.8000030517578,1104809,0.0,0,72161600
2014-12-09,171.1999969482422,177.5,166.0,167.6999969482422,899976,0.0,0,72161600
2014-12-10,168.39999389648438,174.25,167.9499969482422,173.3000030517578,539723,0.0,0,72161600
2014-12-11,173.89999389648438,173.89999389648438,167.60000610351562,168.5500030517578,341449,0.0,0,72161600
2014-12-12,169.4499969482422,174.39999389648438,165.6999969482422,167.10000610351562,454717,0.0,0,72161600
2014-12-15,167.0,167.0,160.10000610351562,160.8000030517578,221475,0.0,0,72161600
2014-12-16,159.6999969482422,160.25,148.0,148.8000030517578,299580,0.0,0,72161600
2014-12-17,148.9499969482422,153.1999969482422,143.10000610351562,149.0,335637,0.0,0,72161600
2014-12-18,152.25,157.1999969482422,152.25,156.10000610351562,240611,0.0,0,72161600
2014-12-19,158.10000610351562,163.39999389648438,153.3000030517578,155.25,395955,0.0,0,72161600
2014-12-22,155.35000610351562,159.4499969482422,152.35000610351562,154.0,178479,0.0,0,72161600
2014-12-23,154.0,158.5,153.10000610351562,153.8000030517578,299244,0.0,0,72161600
2014-12-24,154.10000610351562,156.60000610351562,152.0,153.0,171209,0.0,0,72161600
2014-12-26,153.35000610351562,155.8000030517578,151.5500030517578,152.1999969482422,218364,0.0,0,72161600
2014-12-29,151.8000030517578,155.8000030517578,151.8000030517578,153.6999969482422,160206,0.0,0,72161600
2014-12-30,154.1999969482422,159.60000610351562,154.0,158.14999389648438,305367,0.0,0,72161600
2014-12-31,158.6999969482422,164.75,158.60000610351562,162.0500030517578,425210,0.0,0,72161600
2015-01-01,161.14999389648438,165.89999389648438,160.75,164.39999389648438,280860,0.0,0,72161600
2015-01-02,164.1999969482422,167.5,162.0,163.14999389648438,301558,0.0,0,72161600
2015-01-05,161.5,164.8000030517578,161.0,162.3000030517578,140913,0.0,0,72161600
2015-01-06,160.6999969482422,160.6999969482422,152.6999969482422,154.1999969482422,182079,0.0,0,72161600
2015-01-07,154.0,154.89999389648438,150.60000610351562,151.89999389648438,158529,0.0,0,72161600
2015-01-08,153.10000610351562,156.85000610351562,153.10000610351562,155.39999389648438,126883,0.0,0,72161600
2015-01-09,156.5500030517578,157.9499969482422,153.14999389648438,154.0500030517578,99115,0.0,0,72161600
2015-01-12,154.10000610351562,157.8000030517578,152.5,155.64999389648438,130309,0.0,0,72161600
2015-01-13,155.1999969482422,156.6999969482422,153.1999969482422,154.60000610351562,143574,0.0,0,72161600
2015-01-14,154.1999969482422,155.8000030517578,150.3000030517578,152.1999969482422,91579,0.0,0,72161600
2015-01-15,154.10000610351562,159.6999969482422,153.25,156.5500030517578,190886,0.0,0,72161600
2015-01-16,155.8000030517578,164.75,154.14999389648438,163.60000610351562,379261,0.0,0,72161600
2015-01-19,165.35000610351562,167.64999389648438,163.5,165.5,486737,0.0,0,72161600
2015-01-20,165.8000030517578,167.1999969482422,161.35000610351562,162.5500030517578,153035,0.0,0,72161600
2015-01-21,162.35000610351562,169.85000610351562,162.35000610351562,163.9499969482422,255523,0.0,0,72161600
2015-01-22,163.25,166.25,160.0,161.25,146806,0.0,0,72161600
2015-01-23,163.39999389648438,163.39999389648438,157.6999969482422,160.10000610351562,163994,0.0,0,72161600
2015-01-27,161.64999389648438,164.89999389648438,158.10000610351562,158.75,164575,0.0,0,72161600
2015-01-28,158.75,162.0,155.4499969482422,156.5500030517578,130685,0.0,0,72161600
2015-01-29,156.89999389648438,159.0,155.85000610351562,156.64999389648438,78851,0.0,0,72161600
2015-01-30,158.39999389648438,160.64999389648438,154.60000610351562,155.25,175850,0.0,0,72161600
2015-02-02,155.60000610351562,159.3000030517578,155.0,157.14999389648438,128921,0.0,0,72161600
2015-02-03,157.5,163.89999389648438,157.0,159.8000030517578,321010,0.0,0,72161600
2015-02-04,160.8000030517578,161.85000610351562,155.10000610351562,155.60000610351562,179727,0.0,0,72161600
2015-02-05,156.35000610351562,158.64999389648438,151.0,152.60000610351562,158178,0.0,0,72161600
2015-02-06,152.60000610351562,152.85000610351562,145.5,146.39999389648438,171082,0.0,0,72161600
2015-02-09,144.0,146.60000610351562,138.10000610351562,139.14999389648438,160277,0.0,0,72161600
2015-02-10,137.5,143.3000030517578,134.75,135.85000610351562,272007,0.0,0,72161600
2015-02-11,136.89999389648438,136.89999389648438,127.6999969482422,129.60000610351562,512186,0.0,0,72161600
2015-02-12,130.89999389648438,136.1999969482422,130.85000610351562,135.35000610351562,278896,0.0,0,72161600
2015-02-13,136.6999969482422,138.5,135.0500030517578,135.8000030517578,297346,0.0,0,72161600
2015-02-16,136.25,140.0500030517578,128.0,129.9499969482422,405468,0.0,0,72161600
2015-02-18,131.0,137.39999389648438,131.0,135.5,399689,0.0,0,72161600
2015-02-19,136.10000610351562,152.60000610351562,135.5500030517578,149.14999389648438,1060286,0.0,0,72161600
2015-02-20,149.14999389648438,150.3000030517578,141.14999389648438,142.8000030517578,402585,0.0,0,72161600
2015-02-23,143.6999969482422,147.1999969482422,142.5,143.0,257541,0.0,0,72161600
2015-02-24,144.0,144.85000610351562,140.0,140.8000030517578,130363,0.0,0,72161600
2015-02-25,141.6999969482422,142.9499969482422,137.35000610351562,139.25,96444,0.0,0,72161600
2015-02-26,139.9499969482422,143.75,138.0,140.4499969482422,142018,0.0,0,72161600
2015-02-27,141.3000030517578,145.35000610351562,141.3000030517578,143.4499969482422,155857,0.0,0,72161600
2015-03-02,142.5,143.5,140.0,142.14999389648438,126789,0.0,0,72161600
2015-03-03,142.9499969482422,143.10000610351562,140.6999969482422,141.5500030517578,112605,0.0,0,72161600
2015-03-04,143.0,143.6999969482422,137.0,138.0,158899,0.0,0,72161600
2015-03-05,138.5,139.39999389648438,135.3000030517578,137.64999389648438,144584,0.0,0,72161600
2015-03-09,135.6999969482422,136.85000610351562,134.0,134.5500030517578,78098,0.0,0,72161600
2015-03-10,135.35000610351562,136.5500030517578,133.0,133.9499969482422,94523,0.0,0,72161600
2015-03-11,134.25,134.8000030517578,131.39999389648438,132.25,97711,0.0,0,72161600
2015-03-12,133.60000610351562,134.0,132.25,133.0,88229,0.0,0,72161600
2015-03-13,133.60000610351562,136.5,130.5500030517578,131.35000610351562,144061,0.0,0,72161600
2015-03-16,131.89999389648438,132.0,128.5,128.85000610351562,95107,0.0,0,72161600
2015-03-17,130.0,131.39999389648438,128.10000610351562,129.60000610351562,98073,0.0,0,72161600
2015-03-18,130.0,130.25,127.4000015258789,128.8000030517578,94148,0.0,0,72161600
2015-03-19,129.5,131.25,125.5,126.9000015258789,128489,0.0,0,72161600
2015-03-20,127.75,127.75,120.9000015258789,121.4499969482422,157508,0.0,0,72161600
2015-03-23,122.0999984741211,124.6500015258789,120.0999984741211,120.75,101248,0.0,0,72161600
2015-03-24,121.3499984741211,121.9000015258789,118.0,118.6500015258789,95995,0.0,0,72161600
2015-03-25,119.0999984741211,119.3499984741211,115.1500015258789,115.5500030517578,99108,0.0,0,72161600
2015-03-26,115.0,115.0,111.4000015258789,112.0,140553,0.0,0,72161600
2015-03-27,113.0,114.8000030517578,108.5,110.3499984741211,193656,0.0,0,72161600
2015-03-30,111.9000015258789,120.0,109.4000015258789,117.1999969482422,253172,0.0,0,72161600
2015-03-31,118.4499969482422,122.0,116.3000030517578,118.8499984741211,218691,0.0,0,72161600
2015-04-01,117.3499984741211,124.0,117.3499984741211,122.3000030517578,207979,0.0,0,72161600
2015-04-06,123.5,125.1999969482422,122.1999969482422,124.5,132040,0.0,0,72161600
2015-04-07,124.6999969482422,125.8000030517578,122.1999969482422,124.8499984741211,125961,0.0,0,72161600
2015-04-08,126.6999969482422,137.35000610351562,126.25,136.0,880433,0.0,0,72161600
2015-04-09,136.9499969482422,140.60000610351562,133.14999389648438,137.5500030517578,482684,0.0,0,72161600
2015-04-10,137.8000030517578,141.39999389648438,134.5500030517578,136.3000030517578,249504,0.0,0,72161600
2015-04-13,137.0,140.5,135.6999969482422,137.5500030517578,260620,0.0,0,72161600
2015-04-15,138.39999389648438,138.85000610351562,133.25,133.9499969482422,180813,0.0,0,72161600
2015-04-16,134.35000610351562,135.75,130.25,132.35000610351562,121568,0.0,0,72161600
2015-04-17,132.5500030517578,133.85000610351562,130.25,130.9499969482422,116245,0.0,0,72161600
2015-04-20,131.4499969482422,131.5,125.0,126.0,94319,0.0,0,72161600
2015-04-21,126.0,126.0,122.0500030517578,123.4000015258789,124527,0.0,0,72161600
2015-04-22,122.6999969482422,129.8000030517578,122.6999969482422,125.5500030517578,179193,0.0,0,72161600
2015-04-23,126.75,127.8499984741211,123.0,124.1999969482422,95299,0.0,0,72161600
2015-04-24,124.25,125.0,120.1999969482422,120.8000030517578,115196,0.0,0,72161600
2015-04-27,120.5500030517578,121.3499984741211,115.3499984741211,117.0,87203,0.0,0,72161600
2015-04-28,117.3499984741211,121.0,116.5999984741211,120.0999984741211,66636,0.0,0,72161600
2015-04-29,120.9000015258789,124.8000030517578,118.5500030517578,119.9000015258789,138788,0.0,0,72161600
2015-04-30,120.0,123.5500030517578,119.0,120.0,103373,0.0,0,72161600
2015-05-04,124.0,124.5,120.0,121.9000015258789,90442,0.0,0,72161600
2015-05-05,122.5,125.3499984741211,122.0,123.1999969482422,114914,0.0,0,72161600
2015-05-06,123.75,124.0,117.6500015258789,118.8499984741211,101056,0.0,0,72161600
2015-05-07,118.0,119.0,115.0999984741211,116.0,69440,0.0,0,72161600
2015-05-08,117.6500015258789,120.0,113.0,116.3499984741211,101633,0.0,0,72161600
2015-05-11,117.0,121.75,116.1500015258789,118.8000030517578,123201,0.0,0,72161600
2015-05-12,118.8000030517578,119.4000015258789,114.8000030517578,115.4499969482422,60569,0.0,0,72161600
2015-05-13,117.0,118.5,115.0,115.5999984741211,100904,0.0,0,72161600
2015-05-14,115.6999969482422,117.5,115.6999969482422,116.4499969482422,75631,0.0,0,72161600
2015-05-15,117.0500030517578,118.6500015258789,116.0,116.4499969482422,55207,0.0,0,72161600
2015-05-18,117.0,118.4000015258789,114.4499969482422,115.5999984741211,104593,0.0,0,72161600
2015-05-19,116.0,118.1999969482422,115.0,116.0999984741211,77991,0.0,0,72161600
2015-05-20,116.5,117.5,114.6999969482422,115.1500015258789,77502,0.0,0,72161600
2015-05-21,115.0,116.3000030517578,114.0500030517578,114.5999984741211,69419,0.0,0,72161600
2015-05-22,115.0,116.1999969482422,113.0500030517578,113.5500030517578,73727,0.0,0,72161600
2015-05-25,113.0,115.0999984741211,111.5,112.6500015258789,89683,0.0,0,72161600
2015-05-26,112.9000015258789,113.8499984741211,111.0,111.3000030517578,55420,0.0,0,72161600
2015-05-27,111.5,113.5,110.0,111.3000030517578,75852,0.0,0,72161600
2015-05-28,112.9499969482422,114.75,112.0999984741211,113.1999969482422,139437,0.0,0,72161600
2015-05-29,113.0999984741211,116.0999984741211,113.0999984741211,115.1999969482422,131573,0.0,0,72161600
2015-06-01,115.5,115.5,113.0999984741211,113.5999984741211,40543,0.0,0,72161600
2015-06-02,114.0500030517578,114.0999984741211,110.75,111.6999969482422,61114,0.0,0,72161600
2015-06-03,111.8499984741211,112.0,102.5500030517578,105.8499984741211,96501,0.0,0,72161600
2015-06-04,107.75,107.9499969482422,104.0,105.0999984741211,61638,0.0,0,72161600
2015-06-05,104.9000015258789,107.0999984741211,103.5,105.0500030517578,96351,0.0,0,72161600
2015-06-08,107.0,114.9499969482422,104.3499984741211,105.8499984741211,377948,0.0,0,72161600
2015-06-09,105.9499969482422,113.0,104.0500030517578,106.75,145102,0.0,0,72161600
2015-06-10,106.75,108.8499984741211,106.4000015258789,107.0999984741211,90923,0.0,0,72161600
2015-06-11,108.3000030517578,108.5500030517578,102.5999984741211,103.3499984741211,106378,0.0,0,72161600
2015-06-12,103.25,103.6500015258789,100.0,100.9000015258789,151085,0.0,0,72161600
2015-06-15,100.9000015258789,103.6999969482422,100.0,101.25,105304,0.0,0,72161600
2015-06-16,101.8000030517578,102.5999984741211,100.3499984741211,101.6500015258789,61861,0.0,0,72161600
2015-06-17,102.3000030517578,106.75,100.5999984741211,103.9499969482422,161560,0.0,0,72161600
2015-06-18,104.5500030517578,107.4000015258789,104.0500030517578,104.8499984741211,138570,0.0,0,72161600
2015-06-19,105.5999984741211,111.6500015258789,104.4000015258789,107.6999969482422,314566,0.0,0,72161600
2015-06-22,108.5999984741211,109.6999969482422,107.3000030517578,108.9000015258789,136814,0.0,0,72161600
2015-06-23,109.4499969482422,114.4000015258789,108.5999984741211,112.6999969482422,268008,0.0,0,72161600
2015-06-24,113.0,113.9000015258789,108.0,109.3000030517578,139620,0.0,0,72161600
2015-06-25,109.8000030517578,110.6500015258789,107.6999969482422,109.1500015258789,88985,0.0,0,72161600
2015-06-26,109.0,109.5999984741211,106.4000015258789,107.25,104306,0.0,0,72161600
2015-06-29,104.0999984741211,104.8000030517578,102.0,103.5999984741211,94506,0.0,0,72161600
2015-06-30,103.8499984741211,105.6999969482422,103.6999969482422,104.8499984741211,62209,0.0,0,72161600
2015-07-01,105.25,110.25,105.0,107.8000030517578,155979,0.0,0,72161600
2015-07-02,107.5,111.4000015258789,107.5,108.1999969482422,128411,0.0,0,72161600
2015-07-03,108.0,109.6999969482422,107.1999969482422,107.9000015258789,80171,0.0,0,72161600
2015-07-06,105.1500015258789,110.5,103.9000015258789,109.6500015258789,167866,0.0,0,72161600
2015-07-07,109.9000015258789,125.0,109.5,123.6500015258789,1713772,0.0,0,72161600
2015-07-08,120.0,126.9000015258789,119.0,121.9499969482422,863826,0.0,0,72161600
2015-07-09,122.0500030517578,130.5,121.1999969482422,126.5999984741211,779925,0.0,0,72161600
2015-07-10,127.1500015258789,128.39999389648438,123.1500015258789,124.6999969482422,246305,0.0,0,72161600
2015-07-13,124.0500030517578,126.8000030517578,123.0,124.5,168993,0.0,0,72161600
2015-07-14,124.5,128.89999389648438,122.1999969482422,124.0500030517578,334245,0.0,0,72161600
2015-07-15,124.0999984741211,136.0,124.0999984741211,132.25,1529981,0.0,0,72161600
2015-07-16,132.10000610351562,133.25,129.25,130.89999389648438,289177,0.0,0,72161600
2015-07-17,130.89999389648438,133.89999389648438,130.14999389648438,131.3000030517578,259654,0.0,0,72161600
2015-07-20,130.5,131.85000610351562,128.1999969482422,129.14999389648438,163231,0.0,0,72161600
2015-07-21,128.64999389648438,130.0,122.5,123.3000030517578,159716,0.0,0,72161600
2015-07-22,122.8000030517578,126.4499969482422,122.8000030517578,123.3499984741211,145329,0.0,0,72161600
2015-07-23,123.5,126.9000015258789,123.5,124.6500015258789,163112,0.0,0,72161600
2015-07-24,124.9499969482422,131.6999969482422,124.0999984741211,126.4499969482422,457547,0.0,0,72161600
2015-07-27,125.5,126.25,121.1999969482422,122.3499984741211,148886,0.0,0,72161600
2015-07-28,123.0500030517578,125.4000015258789,121.1999969482422,121.6999969482422,116906,0.0,0,72161600
2015-07-29,122.0,125.0,120.5,121.0500030517578,149410,0.0,0,72161600
2015-07-30,122.1500015258789,125.0,122.0,122.8499984741211,113866,0.0,0,72161600
2015-07-31,123.5,124.8000030517578,121.0,121.8000030517578,119802,0.0,0,72161600
2015-08-03,122.5999984741211,128.64999389648438,121.3000030517578,124.6500015258789,346495,0.0,0,72161600
2015-08-04,130.1999969482422,143.8000030517578,130.1999969482422,139.14999389648438,3151870,0.0,0,72161600
2015-08-05,140.39999389648438,147.0,140.10000610351562,142.25,1030848,0.0,0,72161600
2015-08-06,142.5,142.5,135.0,136.1999969482422,324511,0.0,0,72161600
2015-08-07,136.5,147.39999389648438,135.60000610351562,141.10000610351562,837588,0.0,0,72161600
2015-08-10,141.5,143.5,139.14999389648438,140.64999389648438,272020,0.0,0,72161600
2015-08-11,141.89999389648438,141.89999389648438,132.0,132.6999969482422,263638,0.0,0,72161600
2015-08-12,131.5500030517578,138.89999389648438,130.0,132.85000610351562,389666,0.0,0,72161600
2015-08-13,134.0,138.0500030517578,128.1999969482422,129.14999389648438,231249,0.0,0,72161600
2015-08-14,129.89999389648438,134.0,128.3000030517578,132.14999389648438,221321,0.0,0,72161600
2015-08-17,132.89999389648438,133.9499969482422,128.64999389648438,130.85000610351562,191822,0.0,0,72161600
2015-08-18,131.3000030517578,138.0,131.3000030517578,134.0500030517578,276634,0.0,0,72161600
2015-08-19,134.0,135.5,131.64999389648438,133.0500030517578,139819,0.0,0,72161600
2015-08-20,131.5,133.75,127.0,127.8000030517578,142302,0.0,0,72161600
2015-08-21,126.8000030517578,126.8000030517578,120.5,122.0,220281,0.0,0,72161600
2015-08-24,114.8000030517578,115.5500030517578,100.0,104.0999984741211,355125,0.0,0,72161600
2015-08-25,110.0,110.1999969482422,100.0500030517578,107.75,229671,0.0,0,72161600
2015-08-26,109.75,111.0,105.0500030517578,105.8499984741211,231204,0.0,0,72161600
2015-08-27,109.0,111.9000015258789,106.0,109.6500015258789,250210,0.0,0,72161600
2015-08-28,111.75,114.0,108.5999984741211,109.8499984741211,215774,0.0,0,72161600
2015-08-31,109.0,110.4499969482422,107.0500030517578,107.8000030517578,112852,0.0,0,72161600
2015-09-01,107.1999969482422,107.3499984741211,101.5,105.0500030517578,107500,0.0,0,72161600
2015-09-02,106.8000030517578,106.8000030517578,103.5,104.75,139406,0.0,0,72161600
2015-09-03,106.4499969482422,107.5,105.0999984741211,105.9499969482422,93997,0.0,0,72161600
2015-09-04,104.5,105.6999969482422,101.0,103.1500015258789,114694,0.0,0,72161600
2015-09-07,103.1500015258789,104.4000015258789,100.5,101.0500030517578,100902,0.0,0,72161600
2015-09-08,101.5500030517578,102.4499969482422,99.0500030517578,101.5500030517578,183394,0.0,0,72161600
2015-09-09,119.0,119.0,105.0,105.8499984741211,260937,0.0,0,72161600
2015-09-10,104.6500015258789,105.8000030517578,102.5500030517578,104.9499969482422,105725,0.0,0,72161600
2015-09-11,106.4000015258789,108.0500030517578,104.4499969482422,104.8499984741211,144357,0.0,0,72161600
2015-09-14,105.75,106.9000015258789,104.0,106.3000030517578,126794,0.0,0,72161600
2015-09-15,106.8000030517578,110.0,106.1999969482422,106.8000030517578,225950,0.0,0,72161600
2015-09-16,107.4000015258789,108.0,105.0999984741211,105.6999969482422,116025,0.0,0,72161600
2015-09-18,106.5,109.0,106.5,107.3000030517578,95523,0.0,0,72161600
2015-09-21,106.25,112.0,105.6999969482422,110.5,266466,0.0,0,72161600
2015-09-22,111.0,111.9499969482422,105.0999984741211,106.0,148549,0.0,0,72161600
2015-09-23,104.1500015258789,107.5,104.1500015258789,106.25,106561,0.0,0,72161600
2015-09-24,106.0500030517578,108.3000030517578,105.0999984741211,105.75,158961,0.0,0,72161600
2015-09-28,106.0,107.8499984741211,104.6500015258789,105.0999984741211,169553,0.0,0,72161600
2015-09-29,104.0,106.75,103.0,105.3000030517578,111664,0.0,0,72161600
2015-09-30,106.25,107.5999984741211,104.9000015258789,105.9000015258789,119801,0.0,0,72161600
2015-10-01,106.9000015258789,110.6999969482422,106.9000015258789,109.5,248003,0.0,0,72161600
2015-10-05,110.3499984741211,113.8000030517578,109.25,111.75,192975,0.0,0,72161600
2015-10-06,112.3000030517578,114.0,111.0500030517578,112.0500030517578,121066,0.0,0,72161600
2015-10-07,112.5999984741211,116.0,111.5,114.9000015258789,219181,0.0,0,72161600
2015-10-08,115.4499969482422,121.3499984741211,114.9000015258789,117.5,341267,0.0,0,72161600
2015-10-09,117.8000030517578,119.3499984741211,114.1500015258789,115.6999969482422,133309,0.0,0,72161600
2015-10-12,116.5999984741211,118.6999969482422,114.1999969482422,115.3000030517578,188267,0.0,0,72161600
2015-10-13,115.1500015258789,117.8000030517578,114.0999984741211,115.3000030517578,89383,0.0,0,72161600
2015-10-14,115.25,118.1999969482422,114.5500030517578,115.3000030517578,129933,0.0,0,72161600
2015-10-15,115.5,121.0,115.5,118.5,283818,0.0,0,72161600
2015-10-16,119.6999969482422,121.4499969482422,118.0500030517578,119.0500030517578,185906,0.0,0,72161600
2015-10-19,119.3000030517578,121.4000015258789,118.1500015258789,118.5999984741211,91509,0.0,0,72161600
2015-10-20,119.0,124.5,118.8000030517578,122.3000030517578,387575,0.0,0,72161600
2015-10-21,123.0,128.25,120.5500030517578,125.9499969482422,350114,0.0,0,72161600
2015-10-23,127.0,127.8000030517578,122.0999984741211,122.4499969482422,161939,0.0,0,72161600
2015-10-26,122.9000015258789,124.5,120.25,120.6999969482422,112101,0.0,0,72161600
2015-10-27,120.75,123.25,119.8000030517578,120.9000015258789,101076,0.0,0,72161600
2015-10-28,120.9000015258789,122.4000015258789,118.3000030517578,118.9000015258789,93954,0.0,0,72161600
2015-10-29,118.8499984741211,120.4000015258789,117.0,117.75,119294,0.0,0,72161600
2015-10-30,118.0,120.4000015258789,108.4000015258789,109.5500030517578,240508,0.0,0,72161600
2015-11-02,110.5999984741211,111.0500030517578,107.1500015258789,109.3000030517578,159188,0.0,0,72161600
2015-11-03,109.75,112.6999969482422,109.6999969482422,110.3499984741211,125678,0.0,0,72161600
2015-11-04,111.0500030517578,117.8499984741211,110.8000030517578,114.3499984741211,431178,0.0,0,72161600
2015-11-05,114.3499984741211,115.6999969482422,110.1999969482422,111.0500030517578,166149,0.0,0,72161600
2015-11-06,111.5,112.5999984741211,108.5,108.9000015258789,119563,0.0,0,72161600
2015-11-09,107.0,110.9000015258789,105.0,110.25,99175,0.0,0,72161600
2015-11-10,109.4499969482422,111.1999969482422,108.1999969482422,108.8499984741211,73951,0.0,0,72161600
2015-11-13,111.4499969482422,114.9499969482422,110.4499969482422,111.4499969482422,138126,0.0,0,72161600
2015-11-16,108.1999969482422,111.8000030517578,107.5999984741211,108.0,156737,0.0,0,72161600
2015-11-17,108.1999969482422,115.0,108.1999969482422,112.8499984741211,412649,0.0,0,72161600
2015-11-18,113.0,113.3000030517578,110.0,110.1999969482422,98611,0.0,0,72161600
2015-11-19,111.0999984741211,112.4499969482422,110.1999969482422,110.6500015258789,81512,0.0,0,72161600
2015-11-20,111.0,112.0,110.0999984741211,110.75,102395,0.0,0,72161600
2015-11-23,111.3000030517578,112.0,110.25,110.8499984741211,83976,0.0,0,72161600
2015-11-24,111.1500015258789,117.4000015258789,110.5500030517578,115.1500015258789,624537,0.0,0,72161600
2015-11-26,115.5500030517578,118.0,114.9000015258789,116.1500015258789,238305,0.0,0,72161600
2015-11-27,116.8000030517578,117.9499969482422,113.6999969482422,115.1500015258789,152854,0.0,0,72161600
2015-11-30,114.25,127.5,114.25,125.25,1032243,0.0,0,72161600
2015-12-01,125.8000030517578,126.8000030517578,122.5,123.3000030517578,298558,0.0,0,72161600
2015-12-02,123.8499984741211,126.6999969482422,123.1500015258789,124.0999984741211,198611,0.0,0,72161600
2015-12-03,123.6500015258789,124.9499969482422,121.0999984741211,121.6500015258789,135364,0.0,0,72161600
2015-12-04,120.1999969482422,121.5,117.6500015258789,118.0500030517578,105006,0.0,0,72161600
2015-12-07,119.1999969482422,123.0,117.8000030517578,119.4499969482422,144683,0.0,0,72161600
2015-12-08,119.0,124.3499984741211,118.0,119.0,243084,0.0,0,72161600
2015-12-09,118.3000030517578,120.5,111.0,112.0500030517578,152203,0.0,0,72161600
2015-12-10,112.4499969482422,117.9000015258789,112.4499969482422,114.3499984741211,109409,0.0,0,72161600
2015-12-11,114.75,117.8000030517578,112.1999969482422,113.6500015258789,133427,0.0,0,72161600
2015-12-14,111.0,116.1999969482422,111.0,114.0500030517578,90754,0.0,0,72161600
2015-12-15,113.5999984741211,116.9000015258789,113.5999984741211,115.5500030517578,94663,0.0,0,72161600
2015-12-16,116.5,117.5,114.4000015258789,114.8499984741211,90008,0.0,0,72161600
2015-12-17,116.1999969482422,118.5999984741211,116.0,117.9499969482422,138449,0.0,0,72161600
2015-12-18,117.25,119.0,115.3499984741211,115.9000015258789,90728,0.0,0,72161600
2015-12-21,115.9000015258789,123.9000015258789,114.1999969482422,121.9499969482422,403192,0.0,0,72161600
2015-12-22,122.8499984741211,131.4499969482422,122.3000030517578,130.0,1093580,0.0,0,72161600
2015-12-23,130.0,132.0500030517578,126.1999969482422,127.6999969482422,289262,0.0,0,72161600
2015-12-24,128.0,129.39999389648438,125.0,127.0999984741211,241791,0.0,0,72161600
2015-12-28,127.6500015258789,134.8000030517578,127.0,133.3000030517578,764320,0.0,0,72161600
2015-12-29,134.64999389648438,136.4499969482422,131.1999969482422,132.75,482422,0.0,0,72161600
2015-12-30,132.64999389648438,135.5,132.0,132.5500030517578,205792,0.0,0,72161600
2015-12-31,131.1999969482422,133.39999389648438,130.14999389648438,130.8000030517578,143455,0.0,0,72161600
2016-01-01,130.85000610351562,133.6999969482422,130.8000030517578,132.6999969482422,150135,0.0,0,72161600
2016-01-04,133.0,135.10000610351562,125.6999969482422,130.25,281795,0.0,0,72161600
2016-01-05,131.10000610351562,136.9499969482422,125.0999984741211,132.85000610351562,385903,0.0,0,72161600
2016-01-06,132.60000610351562,139.0,130.85000610351562,132.75,595562,0.0,0,72161600
2016-01-07,131.39999389648438,131.39999389648438,125.0999984741211,125.8000030517578,246322,0.0,0,72161600
2016-01-08,127.4000015258789,130.5,124.4000015258789,129.4499969482422,193883,0.0,0,72161600
2016-01-11,125.5999984741211,129.39999389648438,125.0999984741211,127.0999984741211,140516,0.0,0,72161600
2016-01-12,127.3499984741211,130.39999389648438,125.5500030517578,126.1500015258789,206064,0.0,0,72161600
2016-01-13,127.5,129.0,115.0,121.9000015258789,309420,0.0,0,72161600
2016-01-14,118.1500015258789,120.4499969482422,116.4000015258789,118.0,142346,0.0,0,72161600
2016-01-15,118.8000030517578,120.25,106.0999984741211,109.1999969482422,162823,0.0,0,72161600
2016-01-18,108.0,110.8000030517578,103.0999984741211,105.0500030517578,142551,0.0,0,72161600
2016-01-19,105.3499984741211,109.6999969482422,105.3499984741211,108.75,117320,0.0,0,72161600
2016-01-20,106.5999984741211,107.4000015258789,101.25,103.6500015258789,134179,0.0,0,72161600
2016-01-21,105.5999984741211,108.3499984741211,105.4000015258789,106.1999969482422,92127,0.0,0,72161600
2016-01-22,107.4499969482422,111.0,106.5,109.25,160320,0.0,0,72161600
2016-01-25,110.4000015258789,115.1999969482422,110.3000030517578,112.6500015258789,213519,0.0,0,72161600
2016-01-27,113.3000030517578,115.0,112.0,112.9499969482422,87293,0.0,0,72161600
2016-01-28,113.0999984741211,116.5,112.9000015258789,113.75,148732,0.0,0,72161600
2016-01-29,113.9499969482422,115.5999984741211,113.3000030517578,114.0999984741211,81058,0.0,0,72161600
2016-02-01,114.5,122.5,111.5,116.5500030517578,363285,0.0,0,72161600
2016-02-02,117.0500030517578,117.4499969482422,113.0,113.5,95814,0.0,0,72161600
2016-02-03,111.25,111.8000030517578,108.1500015258789,109.4000015258789,92218,0.0,0,72161600
2016-02-04,110.0999984741211,112.8000030517578,108.0,109.3499984741211,80678,0.0,0,72161600
2016-02-05,109.4499969482422,112.4499969482422,109.0,110.75,65836,0.0,0,72161600
2016-02-08,110.0,113.5,109.5500030517578,111.3499984741211,95339,0.0,0,72161600
2016-02-09,109.6999969482422,110.9499969482422,106.5999984741211,108.5999984741211,92175,0.0,0,72161600
2016-02-10,107.0999984741211,109.4000015258789,105.0999984741211,105.75,86759,0.0,0,72161600
2016-02-11,106.0999984741211,107.25,101.0,101.5500030517578,111304,0.0,0,72161600
2016-02-12,97.5,99.9000015258789,89.05000305175781,96.5999984741211,362028,0.0,0,72161600
2016-02-15,98.9000015258789,102.5999984741211,97.4000015258789,99.1999969482422,129463,0.0,0,72161600
2016-02-16,100.4499969482422,104.0,96.0999984741211,96.3499984741211,115005,0.0,0,72161600
2016-02-17,96.4499969482422,99.8000030517578,93.5500030517578,97.25,112580,0.0,0,72161600
2016-02-18,99.0,100.5500030517578,96.0999984741211,97.5,100649,0.0,0,72161600
2016-02-19,97.5,99.0,96.8000030517578,97.0999984741211,61903,0.0,0,72161600
2016-02-22,97.0999984741211,100.9499969482422,97.0999984741211,98.0,146480,0.0,0,72161600
2016-02-23,98.5999984741211,99.8000030517578,94.0500030517578,95.0,123908,0.0,0,72161600
2016-02-24,95.4000015258789,96.8499984741211,92.1500015258789,95.5,149750,0.0,0,72161600
2016-02-25,96.4499969482422,96.5,93.0999984741211,94.1500015258789,94110,0.0,0,72161600
2016-02-26,96.6500015258789,96.6500015258789,92.1500015258789,92.5500030517578,97468,0.0,0,72161600
2016-02-29,93.0,94.3499984741211,91.25,92.4499969482422,94560,0.0,0,72161600
2016-03-01,91.5,95.6999969482422,91.5,95.1999969482422,100893,0.0,0,72161600
2016-03-02,96.1500015258789,101.25,96.1500015258789,98.5500030517578,210049,0.0,0,72161600
2016-03-03,99.4499969482422,101.0,98.6500015258789,99.8499984741211,106840,0.0,0,72161600
2016-03-04,100.5500030517578,105.1999969482422,100.5500030517578,102.0500030517578,336486,0.0,0,72161600
2016-03-08,102.4000015258789,104.0999984741211,99.6999969482422,101.6500015258789,126061,0.0,0,72161600
2016-03-09,100.5999984741211,104.0,100.0,102.8499984741211,140692,0.0,0,72161600
2016-03-10,103.0,105.6500015258789,102.0999984741211,103.6500015258789,243670,0.0,0,72161600
2016-03-11,102.4499969482422,105.5999984741211,102.3000030517578,102.6999969482422,147706,0.0,0,72161600
2016-03-14,103.5999984741211,106.1999969482422,102.6999969482422,103.0500030517578,136113,0.0,0,72161600
2016-03-15,103.0999984741211,105.4000015258789,102.0,102.6500015258789,112895,0.0,0,72161600
2016-03-16,102.25,103.4499969482422,101.5,102.0500030517578,64216,0.0,0,72161600
2016-03-17,103.25,104.5,102.3000030517578,102.9000015258789,95109,0.0,0,72161600
2016-03-18,103.9499969482422,104.0,102.0,102.3499984741211,83240,0.0,0,72161600
2016-03-21,102.5999984741211,104.0,101.0500030517578,102.5500030517578,104948,0.0,0,72161600
2016-03-22,102.5,104.0,101.6999969482422,102.75,140680,0.0,0,72161600
2016-03-23,102.4000015258789,108.4000015258789,102.4000015258789,105.5,522007,0.0,0,72161600
2016-03-28,105.0,105.9499969482422,101.0500030517578,101.4499969482422,127842,0.0,0,72161600
2016-03-29,101.8499984741211,106.0,100.0500030517578,104.8499984741211,225158,0.0,0,72161600
2016-03-30,105.5,111.4499969482422,104.0500030517578,109.9000015258789,551460,0.0,0,72161600
2016-03-31,108.5500030517578,109.6500015258789,106.0,107.0500030517578,120847,0.0,0,72161600
2016-04-01,106.6999969482422,108.6500015258789,105.75,106.9000015258789,104555,0.0,0,72161600
2016-04-04,107.1999969482422,108.6999969482422,106.8000030517578,107.5,88851,0.0,0,72161600
2016-04-05,106.9499969482422,106.9499969482422,102.6999969482422,103.1999969482422,127228,0.0,0,72161600
2016-04-06,103.6999969482422,105.3000030517578,103.0500030517578,103.5500030517578,68160,0.0,0,72161600
2016-04-07,103.3000030517578,106.8000030517578,103.3000030517578,104.75,131025,0.0,0,72161600
2016-04-08,104.4000015258789,106.3499984741211,103.4000015258789,105.0999984741211,100432,0.0,0,72161600
2016-04-11,105.0500030517578,106.75,103.3499984741211,105.5500030517578,119188,0.0,0,72161600
2016-04-12,106.0,110.0,105.6500015258789,109.25,293557,0.0,0,72161600
2016-04-13,110.0999984741211,111.3499984741211,107.9499969482422,108.5500030517578,184823,0.0,0,72161600
2016-04-18,108.0,110.8499984741211,106.8000030517578,109.0,111283,0.0,0,72161600
2016-04-20,109.0,112.5500030517578,108.1999969482422,111.1999969482422,231965,0.0,0,72161600
2016-04-21,112.5,112.75,108.5500030517578,109.5500030517578,221253,0.0,0,72161600
2016-04-22,110.9000015258789,113.8000030517578,110.0,110.9000015258789,278363,0.0,0,72161600
2016-04-25,111.0,111.5999984741211,107.5999984741211,108.3499984741211,96035,0.0,0,72161600
2016-04-26,107.8000030517578,109.4000015258789,107.1999969482422,108.8499984741211,109907,0.0,0,72161600
2016-04-27,108.5,110.5,107.8499984741211,108.0999984741211,96461,0.0,0,72161600
2016-04-28,108.3000030517578,109.8000030517578,106.0500030517578,106.5500030517578,99878,0.0,0,72161600
2016-04-29,106.0,107.8000030517578,103.3000030517578,105.1500015258789,110195,0.0,0,72161600
2016-05-02,104.5,106.8499984741211,103.5,106.0,90649,0.0,0,72161600
2016-05-03,108.0,124.8499984741211,108.0,118.1500015258789,3665820,0.0,0,72161600
2016-05-04,116.6500015258789,117.6999969482422,111.0,111.6999969482422,800788,0.0,0,72161600
2016-05-05,112.5,121.1999969482422,111.4000015258789,116.9000015258789,914021,0.0,0,72161600
2016-05-06,117.1999969482422,117.8000030517578,113.3000030517578,114.3000030517578,315865,0.0,0,72161600
2016-05-09,115.3000030517578,117.4000015258789,114.0,114.8000030517578,154255,0.0,0,72161600
2016-05-10,114.25,115.4000015258789,112.0999984741211,112.5500030517578,192084,0.0,0,72161600
2016-05-11,110.0,114.4000015258789,109.5999984741211,111.3499984741211,236247,0.0,0,72161600
2016-05-12,111.9499969482422,114.0,111.0500030517578,112.6999969482422,191594,0.0,0,72161600
2016-05-13,112.0999984741211,112.4499969482422,109.1999969482422,109.75,147957,0.0,0,72161600
2016-05-16,110.3000030517578,111.5999984741211,108.5,109.5,124033,0.0,0,72161600
2016-05-17,109.75,111.8499984741211,109.25,109.9000015258789,139020,0.0,0,72161600
2016-05-18,109.0999984741211,115.3000030517578,108.4499969482422,113.1500015258789,323892,0.0,0,72161600
2016-05-19,112.4499969482422,112.8499984741211,108.5,109.0500030517578,142815,0.0,0,72161600
2016-05-20,109.0500030517578,109.9000015258789,106.0999984741211,106.8000030517578,103893,0.0,0,72161600
2016-05-23,107.5500030517578,108.5,106.25,106.5999984741211,86135,0.0,0,72161600
2016-05-24,107.0,107.6999969482422,105.0,105.9000015258789,84861,0.0,0,72161600
2016-05-25,107.0999984741211,111.0,106.4000015258789,109.0999984741211,303834,0.0,0,72161600
2016-05-26,111.0,113.0,109.5,110.75,315590,0.0,0,72161600
2016-05-27,110.8499984741211,115.0999984741211,110.5999984741211,113.25,447403,0.0,0,72161600
2016-05-30,113.4499969482422,115.1999969482422,110.1500015258789,111.0500030517578,187540,0.0,0,72161600
2016-05-31,113.9000015258789,116.8000030517578,112.8000030517578,113.3000030517578,327233,0.0,0,72161600
2016-06-01,115.1999969482422,118.8000030517578,113.5500030517578,116.0500030517578,680027,0.0,0,72161600
2016-06-02,116.0,116.0999984741211,113.5999984741211,115.1500015258789,147931,0.0,0,72161600
2016-06-03,115.5,116.1999969482422,112.25,112.8499984741211,113341,0.0,0,72161600
2016-06-06,112.9499969482422,119.9000015258789,111.1999969482422,116.0500030517578,579609,0.0,0,72161600
2016-06-07,117.0999984741211,118.1500015258789,114.5999984741211,115.6500015258789,254069,0.0,0,72161600
2016-06-08,114.8000030517578,118.5999984741211,114.5,116.4000015258789,346422,0.0,0,72161600
2016-06-09,117.3000030517578,120.6999969482422,116.0,117.3000030517578,292869,0.0,0,72161600
2016-06-10,117.5,121.9499969482422,117.1999969482422,118.0999984741211,482713,0.0,0,72161600
2016-06-13,116.9000015258789,118.5999984741211,115.0999984741211,115.75,121799,0.0,0,72161600
2016-06-14,116.3000030517578,118.8499984741211,115.8000030517578,116.5500030517578,132208,0.0,0,72161600
2016-06-15,117.5,118.5999984741211,116.5999984741211,116.8000030517578,107949,0.0,0,72161600
2016-06-16,116.8000030517578,116.8000030517578,112.3499984741211,113.1500015258789,224822,0.0,0,72161600
2016-06-17,114.4000015258789,115.6999969482422,112.5999984741211,113.4000015258789,184248,0.0,0,72161600
2016-06-20,112.3499984741211,115.0999984741211,112.0999984741211,113.75,122402,0.0,0,72161600
2016-06-21,114.0,115.5500030517578,113.0999984741211,113.4000015258789,171042,0.0,0,72161600
2016-06-22,113.8499984741211,114.5500030517578,110.6500015258789,111.3499984741211,114606,0.0,0,72161600
2016-06-23,112.0,112.9499969482422,110.0999984741211,112.0500030517578,148250,0.0,0,72161600
2016-06-24,108.0,108.6500015258789,101.5999984741211,107.4000015258789,294550,0.0,0,72161600
2016-06-27,106.5,109.6500015258789,106.5,108.6500015258789,108578,0.0,0,72161600
2016-06-28,109.4000015258789,113.1500015258789,109.0,111.5,151095,0.0,0,72161600
2016-06-29,112.0,115.9499969482422,112.0,114.0500030517578,319646,0.0,0,72161600
2016-06-30,114.75,117.3000030517578,114.0,116.0500030517578,242719,0.0,0,72161600
2016-07-01,116.0,119.5500030517578,115.9499969482422,117.9000015258789,403318,0.0,0,72161600
2016-07-04,118.9000015258789,120.4000015258789,116.4000015258789,117.6999969482422,301308,0.0,0,72161600
2016-07-05,117.9499969482422,121.5500030517578,116.1999969482422,118.6999969482422,438216,0.0,0,72161600
2016-07-07,119.5500030517578,133.8000030517578,119.0,127.3499984741211,3326006,0.0,0,72161600
2016-07-08,127.8000030517578,127.9000015258789,123.5,124.5,485030,0.0,0,72161600
2016-07-11,125.8000030517578,128.10000610351562,125.0,125.3499984741211,204530,0.0,0,72161600
2016-07-12,125.3499984741211,127.0,123.8000030517578,124.75,169685,0.0,0,72161600
2016-07-13,125.3499984741211,127.5,123.0,123.8499984741211,186872,0.0,0,72161600
2016-07-14,124.6500015258789,124.9000015258789,120.0999984741211,122.1999969482422,128794,0.0,0,72161600
2016-07-15,122.0999984741211,127.3499984741211,121.3499984741211,122.0,317938,0.0,0,72161600
2016-07-18,122.75,124.75,119.5500030517578,120.25,128717,0.0,0,72161600
2016-07-19,120.9000015258789,121.5999984741211,117.0,118.5999984741211,117693,0.0,0,72161600
2016-07-20,119.0,122.0999984741211,118.1999969482422,120.1500015258789,108183,0.0,0,72161600
2016-07-21,121.0,122.3499984741211,117.8000030517578,118.3499984741211,122830,0.0,0,72161600
2016-07-22,118.9000015258789,122.0,118.4499969482422,120.0500030517578,105869,0.0,0,72161600
2016-07-25,120.75,124.75,120.0,121.0999984741211,313911,0.0,0,72161600
2016-07-26,121.8000030517578,126.0,121.25,124.1500015258789,396934,0.0,0,72161600
2016-07-27,123.6999969482422,125.9000015258789,121.0,122.9499969482422,202554,0.0,0,72161600
2016-07-28,123.0,124.75,122.25,122.5999984741211,81996,0.0,0,72161600
2016-07-29,122.9000015258789,123.3000030517578,120.1500015258789,120.5500030517578,99688,0.0,0,72161600
2016-08-01,121.0,124.5999984741211,120.1500015258789,122.6999969482422,197403,0.0,0,72161600
2016-08-02,123.3000030517578,123.3000030517578,120.5500030517578,122.3000030517578,81679,0.0,0,72161600
2016-08-03,125.1500015258789,126.75,119.0999984741211,120.0500030517578,321082,0.0,0,72161600
2016-08-04,121.4000015258789,122.5500030517578,119.4000015258789,120.0,76856,0.0,0,72161600
2016-08-05,121.0500030517578,122.4499969482422,120.5999984741211,121.3000030517578,97143,0.0,0,72161600
2016-08-08,122.5500030517578,122.5500030517578,120.6500015258789,120.9499969482422,81751,0.0,0,72161600
2016-08-09,120.8499984741211,122.4000015258789,120.0,120.3000030517578,92465,0.0,0,72161600
2016-08-10,120.4000015258789,127.4000015258789,112.25,116.1999969482422,1108882,0.0,0,72161600
2016-08-11,116.4000015258789,117.0500030517578,113.0,113.75,139860,0.0,0,72161600
2016-08-12,114.4000015258789,115.5,113.0,113.5,86948,0.0,0,72161600
2016-08-16,113.5500030517578,115.8000030517578,112.0500030517578,113.3499984741211,105672,0.0,0,72161600
2016-08-17,113.3499984741211,114.5999984741211,113.0500030517578,113.5,59562,0.0,0,72161600
2016-08-18,114.75,115.4499969482422,113.25,114.1999969482422,82055,0.0,0,72161600
2016-08-19,114.8499984741211,116.3499984741211,114.3499984741211,114.9499969482422,88534,0.0,0,72161600
2016-08-22,115.5,116.6999969482422,114.3000030517578,114.6500015258789,101595,0.0,0,72161600
2016-08-23,114.5,114.9000015258789,111.5,113.4000015258789,81833,0.0,0,72161600
2016-08-24,113.5,115.3499984741211,112.5999984741211,114.25,81723,0.0,0,72161600
2016-08-25,113.9000015258789,115.6999969482422,113.75,115.0999984741211,126952,0.0,0,72161600
2016-08-26,115.1999969482422,117.0999984741211,113.5,113.8499984741211,90092,0.0,0,72161600
2016-08-29,113.8499984741211,114.25,112.5,113.9499969482422,93677,0.0,0,72161600
2016-08-30,114.6999969482422,117.25,114.0,114.9000015258789,140451,0.0,0,72161600
2016-08-31,115.5500030517578,117.25,114.5999984741211,116.0500030517578,115225,0.0,0,72161600
2016-09-01,115.9499969482422,116.5500030517578,113.25,113.75,132698,0.0,0,72161600
2016-09-02,113.3000030517578,114.8000030517578,113.0,113.4000015258789,94955,0.0,0,72161600
2016-09-06,114.4000015258789,114.9000015258789,113.0,113.5999984741211,89188,0.0,0,72161600
2016-09-07,114.3499984741211,122.0,113.5999984741211,119.4000015258789,443490,0.0,0,72161600
2016-09-08,120.0,128.89999389648438,119.6999969482422,126.3000030517578,1051189,0.0,0,72161600
2016-09-09,126.0,126.0,121.9000015258789,123.9000015258789,229719,0.0,0,72161600
2016-09-12,120.3499984741211,125.6999969482422,119.5999984741211,121.5999984741211,317988,0.0,0,72161600
2016-09-14,119.8000030517578,119.8000030517578,116.5500030517578,117.75,153800,0.0,0,72161600
2016-09-15,117.6999969482422,118.6999969482422,116.5500030517578,117.0999984741211,73948,0.0,0,72161600
2016-09-16,118.9000015258789,118.9000015258789,114.5,114.6999969482422,113240,0.0,0,72161600
2016-09-19,115.1999969482422,116.9000015258789,114.9000015258789,115.5999984741211,75350,0.0,0,72161600
2016-09-20,116.25,116.25,114.5,114.9499969482422,53748,0.0,0,72161600
2016-09-21,114.5999984741211,118.75,114.5999984741211,116.3499984741211,104821,0.0,0,72161600
2016-09-22,117.4000015258789,118.4000015258789,116.5999984741211,117.3000030517578,65564,0.0,0,72161600
2016-09-23,118.0,119.1999969482422,116.25,116.5500030517578,97044,0.0,0,72161600
2016-09-26,116.5500030517578,116.9000015258789,114.0,114.3000030517578,76540,0.0,0,72161600
2016-09-27,115.1999969482422,116.3499984741211,113.5,113.8000030517578,79752,0.0,0,72161600
2016-09-28,113.6500015258789,118.5,113.5,116.3499984741211,207644,0.0,0,72161600
2016-09-29,117.1999969482422,118.0,108.0,109.1999969482422,229105,0.0,0,72161600
2016-09-30,108.0500030517578,112.0,108.0500030517578,109.4000015258789,127518,0.0,0,72161600
2016-10-03,110.5,113.5,110.0999984741211,112.6500015258789,98642,0.0,0,72161600
2016-10-04,113.4499969482422,114.0,112.5,113.25,57168,0.0,0,72161600
2016-10-05,113.1999969482422,116.5,113.1500015258789,114.4000015258789,105416,0.0,0,72161600
2016-10-06,114.9000015258789,119.5,114.5,115.5999984741211,400336,0.0,0,72161600
2016-10-07,116.0500030517578,118.5,116.0,117.25,109159,0.0,0,72161600
2016-10-10,118.0,118.4499969482422,116.5,116.8499984741211,87662,0.0,0,72161600
2016-10-13,116.0,116.0,113.0,113.9000015258789,86476,0.0,0,72161600
2016-10-14,114.8499984741211,114.8499984741211,112.8000030517578,114.1500015258789,103513,0.0,0,72161600
2016-10-17,114.1500015258789,116.9000015258789,113.5999984741211,114.25,110091,0.0,0,72161600
2016-10-18,114.9499969482422,117.5,114.25,116.5999984741211,149969,0.0,0,72161600
2016-10-19,117.3000030517578,118.0,115.3000030517578,115.9499969482422,93382,0.0,0,72161600
2016-10-20,118.0,119.6999969482422,115.9499969482422,116.1500015258789,176172,0.0,0,72161600
2016-10-21,116.8000030517578,117.3499984741211,115.0,115.1500015258789,117448,0.0,0,72161600
2016-10-24,115.9499969482422,117.4000015258789,114.8000030517578,115.1500015258789,118231,0.0,0,72161600
2016-10-25,115.5500030517578,117.1500015258789,114.0,116.4000015258789,166341,0.0,0,72161600
2016-10-26,116.3499984741211,119.5,115.1999969482422,116.3000030517578,326300,0.0,0,72161600
2016-10-27,116.4000015258789,117.6999969482422,115.0,115.5,71827,0.0,0,72161600
2016-10-28,115.8000030517578,117.5,115.0500030517578,116.8000030517578,112326,0.0,0,72161600
2016-11-01,118.9000015258789,128.60000610351562,118.0,123.4499969482422,2041756,0.0,0,72161600
2016-11-02,120.0999984741211,121.5999984741211,118.4000015258789,119.0,309073,0.0,0,72161600
2016-11-03,119.3000030517578,120.8499984741211,117.1999969482422,117.6500015258789,133805,0.0,0,72161600
2016-11-04,117.9000015258789,117.9000015258789,111.3000030517578,113.6500015258789,172478,0.0,0,72161600
2016-11-07,114.8499984741211,116.3000030517578,114.1500015258789,115.5,60291,0.0,0,72161600
2016-11-08,116.25,116.25,114.5,115.0,66788,0.0,0,72161600
2016-11-09,107.6500015258789,111.8000030517578,99.1999969482422,110.9499969482422,172486,0.0,0,72161600
2016-11-10,113.0,115.6999969482422,113.0,114.0,111920,0.0,0,72161600
2016-11-11,112.9499969482422,114.0,109.25,110.0,90000,0.0,0,72161600
2016-11-15,112.8000030517578,112.8000030517578,105.5,106.25,93156,0.0,0,72161600
2016-11-16,108.5500030517578,108.8000030517578,106.0,106.0999984741211,71893,0.0,0,72161600
2016-11-17,106.9000015258789,107.4000015258789,105.1999969482422,105.6999969482422,61227,0.0,0,72161600
2016-11-18,106.25,107.1999969482422,104.5999984741211,105.0999984741211,60008,0.0,0,72161600
2016-11-21,104.0999984741211,105.6999969482422,100.0,100.6500015258789,90416,0.0,0,72161600
2016-11-22,103.25,109.9000015258789,100.5500030517578,107.0,388708,0.0,0,72161600
2016-11-23,108.5,111.1999969482422,107.0999984741211,108.1500015258789,437665,0.0,0,72161600
2016-11-24,107.0,107.8000030517578,105.5999984741211,106.25,49017,0.0,0,72161600
2016-11-25,107.0,109.5999984741211,106.3000030517578,107.9000015258789,126810,0.0,0,72161600
2016-11-28,107.0999984741211,109.6999969482422,106.6999969482422,108.5999984741211,86240,0.0,0,72161600
2016-11-29,109.4499969482422,112.9499969482422,108.9000015258789,110.1500015258789,136671,0.0,0,72161600
2016-11-30,111.0999984741211,113.4499969482422,110.1500015258789,111.5500030517578,97009,0.0,0,72161600
2016-12-01,112.5,112.8000030517578,110.5,111.1999969482422,82218,0.0,0,72161600
2016-12-02,111.5,113.8000030517578,110.0999984741211,112.4499969482422,186459,0.0,0,72161600
2016-12-05,114.1500015258789,121.0,114.0999984741211,117.3000030517578,921320,0.0,0,72161600
2016-12-06,117.8000030517578,119.9000015258789,116.0500030517578,118.0500030517578,169397,0.0,0,72161600
2016-12-07,118.0999984741211,118.9499969482422,116.0,116.4499969482422,85771,0.0,0,72161600
2016-12-08,117.5,118.3000030517578,116.1500015258789,116.4000015258789,60459,0.0,0,72161600
2016-12-09,116.4000015258789,120.8000030517578,116.1500015258789,118.0,206750,0.0,0,72161600
2016-12-12,116.4000015258789,118.6999969482422,116.0,117.25,79922,0.0,0,72161600
2016-12-13,116.1999969482422,118.8000030517578,116.0,117.0500030517578,75331,0.0,0,72161600
2016-12-14,118.4000015258789,118.4000015258789,115.0,115.8000030517578,47420,0.0,0,72161600
2016-12-15,115.0,117.5500030517578,114.8000030517578,117.0500030517578,58112,0.0,0,72161600
2016-12-16,118.0999984741211,118.1999969482422,114.5,115.1999969482422,68381,0.0,0,72161600
2016-12-19,115.1999969482422,115.9000015258789,113.3000030517578,113.6999969482422,39571,0.0,0,72161600
2016-12-20,114.4000015258789,115.5999984741211,113.25,113.5500030517578,38893,0.0,0,72161600
2016-12-21,114.5500030517578,114.5500030517578,111.5999984741211,112.1999969482422,54235,0.0,0,72161600
2016-12-22,112.0999984741211,112.4000015258789,110.1999969482422,111.3000030517578,36929,0.0,0,72161600
2016-12-23,112.0,112.0,110.0,110.25,41224,0.0,0,72161600
2016-12-26,110.8000030517578,110.8000030517578,106.5500030517578,107.25,56524,0.0,0,72161600
2016-12-27,106.5999984741211,108.5999984741211,106.0500030517578,108.0500030517578,36754,0.0,0,72161600
2016-12-28,108.0500030517578,111.8499984741211,108.0500030517578,109.1999969482422,57843,0.0,0,72161600
2016-12-29,108.9000015258789,113.0,108.8000030517578,111.0500030517578,71225,0.0,0,72161600
2016-12-30,111.25,114.0,111.25,113.0,66060,0.0,0,72161600
2017-01-02,114.8000030517578,117.0,112.5,115.4499969482422,101442,0.0,0,72161600
2017-01-03,117.1999969482422,118.5,117.1999969482422,117.8000030517578,136447,0.0,0,72161600
2017-01-04,117.9000015258789,127.4000015258789,117.5,125.3000030517578,1357776,0.0,0,72161600
2017-01-05,126.0,126.9000015258789,122.75,124.75,524706,0.0,0,72161600
2017-01-06,125.0500030517578,126.6500015258789,122.0999984741211,122.75,231739,0.0,0,72161600
2017-01-09,121.3000030517578,129.39999389648438,121.3000030517578,126.0500030517578,526761,0.0,0,72161600
2017-01-10,126.8000030517578,133.6999969482422,126.5,131.5500030517578,1030843,0.0,0,72161600
2017-01-11,132.0,134.60000610351562,130.10000610351562,130.75,486514,0.0,0,72161600
2017-01-12,131.5500030517578,133.39999389648438,127.6500015258789,129.4499969482422,321627,0.0,0,72161600
2017-01-13,128.60000610351562,132.6999969482422,128.60000610351562,130.5,375246,0.0,0,72161600
2017-01-16,130.5,142.64999389648438,130.1999969482422,138.5,2177691,0.0,0,72161600
2017-01-17,139.0,140.89999389648438,136.0,137.60000610351562,489218,0.0,0,72161600
2017-01-18,138.5,143.5,137.5,139.75,744117,0.0,0,72161600
2017-01-19,139.0,140.64999389648438,136.89999389648438,137.60000610351562,286341,0.0,0,72161600
2017-01-20,137.14999389648438,137.5,130.5,132.0500030517578,335932,0.0,0,72161600
2017-01-23,132.3000030517578,136.25,130.85000610351562,133.4499969482422,210751,0.0,0,72161600
2017-01-24,133.60000610351562,136.60000610351562,133.14999389648438,133.89999389648438,160075,0.0,0,72161600
2017-01-25,134.5500030517578,136.25,133.5,134.3000030517578,169550,0.0,0,72161600
2017-01-27,134.0,139.10000610351562,134.0,136.14999389648438,343669,0.0,0,72161600
2017-01-30,136.0,136.6999969482422,132.64999389648438,133.60000610351562,126814,0.0,0,72161600
2017-01-31,133.3000030517578,133.5,129.0500030517578,129.5500030517578,169574,0.0,0,72161600
2017-02-01,129.8000030517578,133.0,128.5,132.0,190039,0.0,0,72161600
2017-02-02,132.0,133.89999389648438,131.0500030517578,132.89999389648438,127826,0.0,0,72161600
2017-02-03,133.0,138.5,132.5,135.5500030517578,269301,0.0,0,72161600
2017-02-06,136.10000610351562,141.0,135.39999389648438,140.1999969482422,513836,0.0,0,72161600
2017-02-07,141.1999969482422,144.89999389648438,140.0,141.1999969482422,601765,0.0,0,72161600
2017-02-08,140.3000030517578,155.8000030517578,140.3000030517578,154.0,2315672,0.0,0,72161600
2017-02-09,154.35000610351562,155.0500030517578,148.0500030517578,149.5500030517578,668100,0.0,0,72161600
2017-02-10,150.8000030517578,152.3000030517578,147.64999389648438,148.1999969482422,390970,0.0,0,72161600
2017-02-13,149.6999969482422,149.6999969482422,140.3000030517578,141.3000030517578,456780,0.0,0,72161600
2017-02-14,143.0,151.89999389648438,141.85000610351562,145.60000610351562,1409039,0.0,0,72161600
2017-02-15,145.0,145.39999389648438,136.64999389648438,137.35000610351562,475141,0.0,0,72161600
2017-02-16,137.75,142.39999389648438,137.0,140.5,279364,0.0,0,72161600
2017-02-17,142.1999969482422,142.1999969482422,137.60000610351562,138.25,167314,0.0,0,72161600
2017-02-20,138.5,142.10000610351562,138.5,139.89999389648438,183054,0.0,0,72161600
2017-02-21,140.64999389648438,143.25,138.10000610351562,140.64999389648438,207698,0.0,0,72161600
2017-02-22,141.1999969482422,145.14999389648438,139.3000030517578,140.6999969482422,455668,0.0,0,72161600
2017-02-23,140.3000030517578,140.60000610351562,137.64999389648438,138.25,109669,0.0,0,72161600
2017-02-27,139.3000030517578,139.3000030517578,135.35000610351562,135.6999969482422,131125,0.0,0,72161600
2017-02-28,135.89999389648438,139.3000030517578,134.75,137.9499969482422,256813,0.0,0,72161600
2017-03-01,138.85000610351562,139.75,137.14999389648438,137.5500030517578,124376,0.0,0,72161600
2017-03-02,138.3000030517578,138.64999389648438,130.8000030517578,131.64999389648438,236619,0.0,0,72161600
2017-03-03,131.60000610351562,133.64999389648438,130.35000610351562,131.39999389648438,135624,0.0,0,72161600
2017-03-06,132.10000610351562,133.75,131.39999389648438,132.39999389648438,123042,0.0,0,72161600
2017-03-07,133.25,139.25,133.0,135.6999969482422,767770,0.0,0,72161600
2017-03-08,135.9499969482422,136.35000610351562,131.14999389648438,132.25,169163,0.0,0,72161600
2017-03-09,131.60000610351562,134.8000030517578,131.0,131.35000610351562,131602,0.0,0,72161600
2017-03-10,130.60000610351562,133.14999389648438,130.60000610351562,130.85000610351562,98483,0.0,0,72161600
2017-03-14,133.9499969482422,135.89999389648438,131.39999389648438,131.6999969482422,189976,0.0,0,72161600
2017-03-15,131.9499969482422,136.5,131.9499969482422,135.0,280558,0.0,0,72161600
2017-03-16,136.0,139.39999389648438,135.25,136.75,339259,0.0,0,72161600
2017-03-17,137.10000610351562,143.25,134.25,142.3000030517578,642123,0.0,0,72161600
2017-03-20,143.25,143.89999389648438,138.6999969482422,141.1999969482422,296567,0.0,0,72161600
2017-03-21,141.9499969482422,141.9499969482422,139.0500030517578,139.4499969482422,149599,0.0,0,72161600
2017-03-22,138.39999389648438,138.39999389648438,134.60000610351562,135.0,138334,0.0,0,72161600
2017-03-23,135.4499969482422,138.89999389648438,135.4499969482422,136.5,146175,0.0,0,72161600
2017-03-24,137.10000610351562,138.5,135.5,136.1999969482422,120439,0.0,0,72161600
2017-03-27,135.5,136.10000610351562,133.5,133.9499969482422,115676,0.0,0,72161600
2017-03-28,134.1999969482422,138.1999969482422,133.3000030517578,136.4499969482422,144655,0.0,0,72161600
2017-03-29,138.39999389648438,142.8000030517578,138.39999389648438,140.4499969482422,305533,0.0,0,72161600
2017-03-30,140.10000610351562,141.0,137.39999389648438,138.14999389648438,101087,0.0,0,72161600
2017-03-31,138.4499969482422,139.60000610351562,138.0,138.3000030517578,63672,0.0,0,72161600
2017-04-03,138.4499969482422,144.85000610351562,138.4499969482422,142.5,464806,0.0,0,72161600
2017-04-05,143.10000610351562,152.0,142.75,150.35000610351562,991715,0.0,0,72161600
2017-04-06,149.9499969482422,155.75,149.0500030517578,153.5,636532,0.0,0,72161600
2017-04-07,152.0,183.3999938964844,151.10000610351562,171.1999969482422,5174738,0.0,0,72161600
2017-04-10,171.39999389648438,179.5,170.3000030517578,172.9499969482422,1192663,0.0,0,72161600
2017-04-11,172.6999969482422,178.3000030517578,172.14999389648438,173.25,634573,0.0,0,72161600
2017-04-12,172.5500030517578,174.60000610351562,161.64999389648438,167.6999969482422,595708,0.0,0,72161600
2017-04-13,167.0,174.3000030517578,165.35000610351562,168.39999389648438,431427,0.0,0,72161600
2017-04-17,168.0,171.60000610351562,165.6999969482422,167.14999389648438,199695,0.0,0,72161600
2017-04-18,167.35000610351562,177.9499969482422,162.35000610351562,164.64999389648438,742816,0.0,0,72161600
2017-04-19,165.39999389648438,171.0,165.0500030517578,168.8000030517578,276742,0.0,0,72161600
2017-04-20,168.9499969482422,174.39999389648438,168.9499969482422,171.75,366056,0.0,0,72161600
2017-04-21,171.89999389648438,174.0,166.8000030517578,168.4499969482422,268354,0.0,0,72161600
2017-04-24,168.5500030517578,172.0,167.14999389648438,168.0,178184,0.0,0,72161600
2017-04-25,168.9499969482422,172.5500030517578,168.1999969482422,169.0500030517578,278776,0.0,0,72161600
2017-04-26,169.25,172.3000030517578,164.10000610351562,164.9499969482422,291258,0.0,0,72161600
2017-04-27,165.3000030517578,167.39999389648438,164.10000610351562,165.89999389648438,191507,0.0,0,72161600
2017-04-28,166.0500030517578,168.89999389648438,163.14999389648438,163.8000030517578,145263,0.0,0,72161600
2017-05-02,164.4499969482422,165.5,160.35000610351562,160.75,166344,0.0,0,72161600
2017-05-03,161.1999969482422,162.89999389648438,160.0,160.1999969482422,105484,0.0,0,72161600
2017-05-04,160.64999389648438,171.9499969482422,160.60000610351562,166.6999969482422,586610,0.0,0,72161600
2017-05-05,166.0,167.0,159.0,160.9499969482422,232156,0.0,0,72161600
2017-05-08,162.60000610351562,168.0,162.5500030517578,165.85000610351562,246607,0.0,0,72161600
2017-05-09,165.3000030517578,177.60000610351562,163.39999389648438,176.6999969482422,1677526,0.0,0,72161600
2017-05-10,178.64999389648438,184.8000030517578,178.10000610351562,182.5500030517578,1370383,0.0,0,72161600
2017-05-11,182.4499969482422,183.75,175.5500030517578,177.10000610351562,404244,0.0,0,72161600
2017-05-12,177.0,177.9499969482422,170.60000610351562,174.5,310898,0.0,0,72161600
2017-05-15,174.5,178.39999389648438,172.85000610351562,175.0,222213,0.0,0,72161600
2017-05-16,174.9499969482422,177.6999969482422,173.89999389648438,174.64999389648438,182354,0.0,0,72161600
2017-05-17,174.4499969482422,180.3000030517578,172.5,174.5500030517578,473962,0.0,0,72161600
2017-05-18,172.5,174.39999389648438,166.8000030517578,168.8000030517578,229318,0.0,0,72161600
2017-05-19,170.0,172.89999389648438,165.10000610351562,165.64999389648438,300146,0.0,0,72161600
2017-05-22,167.39999389648438,171.0500030517578,164.5500030517578,165.5,213341,0.0,0,72161600
2017-05-23,165.14999389648438,166.75,155.3000030517578,157.35000610351562,278612,0.0,0,72161600
2017-05-24,157.25,159.9499969482422,148.4499969482422,150.1999969482422,264194,0.0,0,72161600
2017-05-25,150.60000610351562,157.8000030517578,150.10000610351562,156.89999389648438,263236,0.0,0,72161600
2017-05-26,156.0,161.0,155.0,160.0,214204,0.0,0,72161600
2017-05-29,158.9499969482422,159.89999389648438,153.5500030517578,156.5500030517578,167679,0.0,0,72161600
2017-05-30,155.0,159.60000610351562,150.1999969482422,158.4499969482422,199851,0.0,0,72161600
2017-05-31,161.64999389648438,164.6999969482422,160.10000610351562,160.9499969482422,253949,0.0,0,72161600
2017-06-01,160.8000030517578,163.1999969482422,158.75,160.5500030517578,181078,0.0,0,72161600
2017-06-02,161.25,164.6999969482422,159.5500030517578,160.25,227662,0.0,0,72161600
2017-06-05,160.5,163.39999389648438,159.39999389648438,160.35000610351562,181710,0.0,0,72161600
2017-06-06,160.75,162.35000610351562,153.39999389648438,154.89999389648438,173103,0.0,0,72161600
2017-06-07,155.0500030517578,157.75,154.25,155.35000610351562,125787,0.0,0,72161600
2017-06-08,155.5,157.5,154.0,154.6999969482422,89755,0.0,0,72161600
2017-06-09,154.6999969482422,158.89999389648438,153.64999389648438,156.85000610351562,202548,0.0,0,72161600
2017-06-12,157.3000030517578,157.3000030517578,152.8000030517578,153.35000610351562,134765,0.0,0,72161600
2017-06-13,153.0,155.89999389648438,151.25,152.1999969482422,182889,0.0,0,72161600
2017-06-14,153.25,154.89999389648438,152.0,152.85000610351562,142203,0.0,0,72161600
2017-06-15,153.1999969482422,155.4499969482422,152.14999389648438,153.14999389648438,187659,0.0,0,72161600
2017-06-16,153.25,162.0,153.1999969482422,159.10000610351562,484319,0.0,0,72161600
2017-06-19,160.39999389648438,161.9499969482422,157.0500030517578,157.39999389648438,163456,0.0,0,72161600
2017-06-20,156.1999969482422,157.89999389648438,154.10000610351562,155.25,87179,0.0,0,72161600
2017-06-21,155.3000030517578,157.6999969482422,154.10000610351562,154.8000030517578,158413,0.0,0,72161600
2017-06-22,155.10000610351562,157.5,152.10000610351562,152.5,184084,0.0,0,72161600
2017-06-23,152.8000030517578,153.5,147.1999969482422,148.10000610351562,182375,0.0,0,72161600
2017-06-27,148.9499969482422,150.75,141.75,142.5500030517578,177524,0.0,0,72161600
2017-06-28,142.85000610351562,144.4499969482422,140.64999389648438,142.9499969482422,117098,0.0,0,72161600
2017-06-29,143.3000030517578,145.39999389648438,142.4499969482422,143.4499969482422,108313,0.0,0,72161600
2017-06-30,142.9499969482422,143.35000610351562,140.5,141.5500030517578,110584,0.0,0,72161600
2017-07-03,141.25,146.14999389648438,141.25,144.0500030517578,111481,0.0,0,72161600
2017-07-04,144.60000610351562,155.5,144.25,153.89999389648438,684132,0.0,0,72161600
2017-07-05,155.89999389648438,157.3000030517578,152.0500030517578,153.89999389648438,199317,0.0,0,72161600
2017-07-06,154.3000030517578,156.6999969482422,152.35000610351562,152.89999389648438,119779,0.0,0,72161600
2017-07-07,152.5,155.6999969482422,151.8000030517578,152.75,84944,0.0,0,72161600
2017-07-10,152.6999969482422,154.39999389648438,149.0,153.64999389648438,23374,0.0,0,72161600
2017-07-11,154.35000610351562,160.5,153.39999389648438,155.89999389648438,473647,0.0,0,72161600
2017-07-12,156.5,157.3000030517578,154.1999969482422,155.0500030517578,98852,0.0,0,72161600
2017-07-13,156.0500030517578,157.0,152.5,153.39999389648438,169709,0.0,0,72161600
2017-07-14,152.60000610351562,153.89999389648438,151.10000610351562,151.8000030517578,137210,0.0,0,72161600
2017-07-17,153.0,156.4499969482422,152.14999389648438,152.5500030517578,127191,0.0,0,72161600
2017-07-18,152.0,152.8000030517578,149.10000610351562,149.6999969482422,86469,0.0,0,72161600
2017-07-19,150.10000610351562,153.85000610351562,149.6999969482422,151.60000610351562,104991,0.0,0,72161600
2017-07-20,152.10000610351562,153.0500030517578,150.1999969482422,150.64999389648438,95179,0.0,0,72161600
2017-07-21,151.39999389648438,152.14999389648438,149.0500030517578,149.6999969482422,94234,0.0,0,72161600
2017-07-24,150.6999969482422,151.85000610351562,149.25,149.64999389648438,73793,0.0,0,72161600
2017-07-25,150.35000610351562,150.85000610351562,148.10000610351562,148.35000610351562,71824,0.0,0,72161600
2017-07-26,148.89999389648438,157.0,148.89999389648438,151.85000610351562,283743,0.0,0,72161600
2017-07-27,152.89999389648438,154.0,148.0,148.3000030517578,133321,0.0,0,72161600
2017-07-28,148.39999389648438,150.8000030517578,147.0500030517578,147.89999389648438,68430,0.0,0,72161600
2017-07-31,147.60000610351562,152.8000030517578,147.60000610351562,150.25,113807,0.0,0,72161600
2017-08-01,151.60000610351562,151.8000030517578,146.85000610351562,147.6999969482422,60226,0.0,0,72161600
2017-08-02,148.4499969482422,149.60000610351562,145.0500030517578,146.10000610351562,80965,0.0,0,72161600
2017-08-03,146.1999969482422,146.64999389648438,143.0,143.64999389648438,70482,0.0,0,72161600
2017-08-04,143.64999389648438,144.35000610351562,142.3000030517578,142.85000610351562,56350,0.0,0,72161600
2017-08-07,143.75,144.85000610351562,142.39999389648438,142.9499969482422,53863,0.0,0,72161600
2017-08-08,143.0,144.0,140.25,140.4499969482422,76901,0.0,0,72161600
2017-08-09,140.39999389648438,140.39999389648438,135.5,136.5500030517578,81076,0.0,0,72161600
2017-08-10,135.25,136.0,125.0,128.89999389648438,95249,0.0,0,72161600
2017-08-11,126.0,128.8000030517578,123.1999969482422,126.5500030517578,116815,0.0,0,72161600
2017-08-14,126.9499969482422,131.6999969482422,126.9499969482422,128.75,115521,0.0,0,72161600
2017-08-16,129.60000610351562,133.39999389648438,128.6999969482422,132.89999389648438,57573,0.0,0,72161600
2017-08-17,133.1999969482422,137.0,132.89999389648438,133.6999969482422,101335,0.0,0,72161600
2017-08-18,132.0,133.5,130.3000030517578,131.35000610351562,51905,0.0,0,72161600
2017-08-21,131.85000610351562,133.6999969482422,128.35000610351562,129.0500030517578,41110,0.0,0,72161600
2017-08-22,130.39999389648438,131.8000030517578,127.3499984741211,128.35000610351562,30700,0.0,0,72161600
2017-08-23,128.9499969482422,139.75,128.89999389648438,137.1999969482422,561848,0.0,0,72161600
2017-08-24,137.0,138.0,134.3000030517578,134.8000030517578,122635,0.0,0,72161600
2017-08-28,134.8000030517578,138.0,134.5500030517578,135.35000610351562,72639,0.0,0,72161600
2017-08-29,134.14999389648438,134.75,131.35000610351562,132.10000610351562,45075,0.0,0,72161600
2017-08-30,133.14999389648438,137.0,133.14999389648438,134.4499969482422,104848,0.0,0,72161600
2017-08-31,133.9499969482422,137.60000610351562,133.3000030517578,134.6999969482422,90646,0.0,0,72161600
2017-09-01,135.0,137.6999969482422,134.6999969482422,135.89999389648438,100896,0.0,0,72161600
2017-09-04,135.89999389648438,136.4499969482422,133.0,134.35000610351562,43168,0.0,0,72161600
2017-09-05,134.4499969482422,140.85000610351562,134.4499969482422,139.4499969482422,245469,0.0,0,72161600
2017-09-06,138.8000030517578,151.0,136.64999389648438,144.25,764372,0.0,0,72161600
2017-09-07,145.0,148.89999389648438,144.60000610351562,145.6999969482422,210773,0.0,0,72161600
2017-09-08,146.39999389648438,148.75,143.0500030517578,143.6999969482422,142424,0.0,0,72161600
2017-09-11,144.25,149.89999389648438,144.0500030517578,146.5,291518,0.0,0,72161600
2017-09-12,146.5,151.5,146.5,147.39999389648438,172995,0.0,0,72161600
2017-09-13,147.3000030517578,150.5,144.60000610351562,145.39999389648438,138268,0.0,0,72161600
2017-09-14,145.25,149.0,145.25,146.25,105001,0.0,0,72161600
2017-09-15,145.0500030517578,146.5,143.0,143.35000610351562,85722,0.0,0,72161600
2017-09-18,144.60000610351562,148.89999389648438,143.60000610351562,144.14999389648438,110706,0.0,0,72161600
2017-09-19,144.35000610351562,151.0,144.0,147.35000610351562,312116,0.0,0,72161600
2017-09-20,153.0,155.0,150.5,151.3000030517578,475476,0.0,0,72161600
2017-09-21,151.5,152.9499969482422,145.6999969482422,147.60000610351562,121442,0.0,0,72161600
2017-09-22,146.75,148.10000610351562,139.0,140.1999969482422,180463,0.0,0,72161600
2017-09-25,140.3000030517578,141.5,133.0,135.64999389648438,136350,0.0,0,72161600
2017-09-26,136.0500030517578,139.89999389648438,136.0500030517578,136.75,97321,0.0,0,72161600
2017-09-27,138.0,139.85000610351562,129.1999969482422,130.10000610351562,139588,0.0,0,72161600
2017-09-28,130.10000610351562,133.89999389648438,130.10000610351562,131.4499969482422,77696,0.0,0,72161600
2017-09-29,132.10000610351562,134.5,130.3000030517578,130.75,83549,0.0,0,72161600
2017-10-03,131.60000610351562,134.3000030517578,131.35000610351562,131.8000030517578,52472,0.0,0,72161600
2017-10-04,132.0,133.8000030517578,131.1999969482422,131.60000610351562,59181,0.0,0,72161600
2017-10-05,132.0500030517578,134.60000610351562,130.35000610351562,130.89999389648438,127118,0.0,0,72161600
2017-10-06,131.64999389648438,134.25,131.64999389648438,132.14999389648438,100407,0.0,0,72161600
2017-10-09,132.14999389648438,137.8000030517578,132.14999389648438,135.9499969482422,244369,0.0,0,72161600
2017-10-10,136.10000610351562,139.0,135.5,136.35000610351562,109739,0.0,0,72161600
2017-10-11,137.25,139.0,132.10000610351562,132.75,109628,0.0,0,72161600
2017-10-12,133.5,136.0,133.10000610351562,134.35000610351562,76201,0.0,0,72161600
2017-10-13,134.8000030517578,135.10000610351562,132.1999969482422,132.9499969482422,68169,0.0,0,72161600
2017-10-16,133.3000030517578,134.75,132.0,132.5500030517578,54675,0.0,0,72161600
2017-10-17,132.5500030517578,134.39999389648438,131.9499969482422,132.8000030517578,57339,0.0,0,72161600
2017-10-18,132.5,135.9499969482422,132.0500030517578,132.6999969482422,75760,0.0,0,72161600
2017-10-19,132.4499969482422,133.5,131.5500030517578,132.3000030517578,26119,0.0,0,72161600
2017-10-23,132.60000610351562,134.3000030517578,132.0,132.39999389648438,53792,0.0,0,72161600
2017-10-24,132.60000610351562,137.5,132.60000610351562,136.8000030517578,226165,0.0,0,72161600
2017-10-25,137.35000610351562,139.39999389648438,134.1999969482422,137.14999389648438,160308,0.0,0,72161600
2017-10-26,137.14999389648438,141.0,136.0,137.0500030517578,107248,0.0,0,72161600
2017-10-27,137.60000610351562,143.4499969482422,136.5500030517578,140.1999969482422,233802,0.0,0,72161600
2017-10-30,140.5500030517578,148.75,140.5500030517578,146.0,510036,0.0,0,72161600
2017-10-31,146.5,147.0,143.10000610351562,143.9499969482422,165219,0.0,0,72161600
2017-11-01,144.3000030517578,148.0,143.1999969482422,144.4499969482422,157647,0.0,0,72161600
2017-11-02,145.0500030517578,153.4499969482422,144.5,148.75,528164,0.0,0,72161600
2017-11-03,149.8000030517578,157.6999969482422,149.14999389648438,153.14999389648438,668943,0.0,0,72161600
2017-11-06,153.14999389648438,157.8000030517578,150.39999389648438,156.5,658358,0.0,0,72161600
2017-11-07,157.39999389648438,161.8000030517578,149.60000610351562,150.5,396600,0.0,0,72161600
2017-11-08,150.35000610351562,154.39999389648438,143.14999389648438,143.89999389648438,226593,0.0,0,72161600
2017-11-09,145.14999389648438,148.5,141.35000610351562,143.75,183828,0.0,0,72161600
2017-11-10,144.25,147.0,142.60000610351562,144.10000610351562,121521,0.0,0,72161600
2017-11-13,145.25,147.0,135.0,138.10000610351562,212710,0.0,0,72161600
2017-11-14,130.0,134.5,128.75,129.39999389648438,469053,0.0,0,72161600
2017-11-15,129.39999389648438,131.8000030517578,126.3499984741211,127.3499984741211,153680,0.0,0,72161600
2017-11-16,128.0,130.75,128.0,128.89999389648438,128982,0.0,0,72161600
2017-11-17,130.89999389648438,131.64999389648438,129.14999389648438,129.6999969482422,104134,0.0,0,72161600
2017-11-20,129.6999969482422,131.6999969482422,129.60000610351562,129.8000030517578,83885,0.0,0,72161600
2017-11-21,130.89999389648438,135.35000610351562,130.5,133.0500030517578,255627,0.0,0,72161600
2017-11-22,143.25,146.89999389648438,137.5,138.89999389648438,867976,0.0,0,72161600
2017-11-23,140.0,140.64999389648438,135.14999389648438,137.35000610351562,135537,0.0,0,72161600
2017-11-24,137.1999969482422,141.0,137.10000610351562,137.9499969482422,134569,0.0,0,72161600
2017-11-27,137.4499969482422,138.0,136.5500030517578,137.25,79510,0.0,0,72161600
2017-11-28,137.8000030517578,140.89999389648438,135.0,135.35000610351562,143262,0.0,0,72161600
2017-11-29,135.6999969482422,137.1999969482422,134.0,134.9499969482422,89863,0.0,0,72161600
2017-11-30,134.0,135.6999969482422,132.89999389648438,133.89999389648438,67839,0.0,0,72161600
2017-12-01,134.9499969482422,139.8000030517578,133.0,133.60000610351562,206152,0.0,0,72161600
2017-12-04,134.0500030517578,135.6999969482422,131.10000610351562,131.6999969482422,130592,0.0,0,72161600
2017-12-05,131.89999389648438,131.89999389648438,129.35000610351562,130.6999969482422,65602,0.0,0,72161600
2017-12-06,130.5500030517578,131.3000030517578,128.10000610351562,128.60000610351562,73410,0.0,0,72161600
2017-12-07,129.1999969482422,131.8000030517578,129.1999969482422,131.10000610351562,63791,0.0,0,72161600
2017-12-08,131.1999969482422,133.8000030517578,131.1999969482422,131.9499969482422,69659,0.0,0,72161600
2017-12-11,133.0500030517578,133.10000610351562,129.89999389648438,130.3000030517578,61148,0.0,0,72161600
2017-12-12,130.75,131.3000030517578,128.9499969482422,129.8000030517578,76149,0.0,0,72161600
2017-12-13,130.0,133.60000610351562,128.0,128.64999389648438,115579,0.0,0,72161600
2017-12-14,129.5500030517578,129.75,127.0999984741211,128.5,67519,0.0,0,72161600
2017-12-15,130.39999389648438,131.75,129.10000610351562,129.4499969482422,60109,0.0,0,72161600
2017-12-18,129.1999969482422,131.8000030517578,125.1999969482422,128.60000610351562,73530,0.0,0,72161600
2017-12-19,132.85000610351562,134.35000610351562,130.60000610351562,133.60000610351562,223090,0.0,0,72161600
2017-12-20,134.0,134.3000030517578,131.4499969482422,132.35000610351562,109161,0.0,0,72161600
2017-12-21,133.0,139.39999389648438,132.75,137.6999969482422,347338,0.0,0,72161600
2017-12-22,138.5,138.8000030517578,135.5,136.0500030517578,122104,0.0,0,72161600
2017-12-26,136.39999389648438,140.0,135.1999969482422,138.25,149473,0.0,0,72161600
2017-12-27,137.5,139.6999969482422,135.10000610351562,135.5500030517578,125245,0.0,0,72161600
2017-12-28,136.39999389648438,138.75,135.0,137.0500030517578,86143,0.0,0,72161600
2017-12-29,137.5,140.0,137.0500030517578,137.4499969482422,117280,0.0,0,72161600
2018-01-01,138.8000030517578,144.60000610351562,137.10000610351562,140.9499969482422,445161,0.0,0,72161600
2018-01-02,142.35000610351562,142.5,136.4499969482422,138.6999969482422,134428,0.0,0,72161600
2018-01-03,139.64999389648438,142.60000610351562,138.39999389648438,138.89999389648438,113441,0.0,0,72161600
2018-01-04,140.0,142.75,139.10000610351562,141.25,193668,0.0,0,72161600
2018-01-05,142.3000030517578,142.75,139.5,140.39999389648438,159134,0.0,0,72161600
2018-01-08,141.25,143.8000030517578,140.25,141.60000610351562,139940,0.0,0,72161600
2018-01-09,142.39999389648438,142.89999389648438,139.0500030517578,139.85000610351562,146162,0.0,0,72161600
2018-01-10,140.0,142.39999389648438,139.0,139.5,128044,0.0,0,72161600
2018-01-11,139.5,153.89999389648438,138.9499969482422,148.75,2477940,0.0,0,72161600
2018-01-12,150.89999389648438,155.64999389648438,144.35000610351562,151.0,810176,0.0,0,72161600
2018-01-15,151.39999389648438,154.89999389648438,150.35000610351562,150.9499969482422,279741,0.0,0,72161600
2018-01-16,151.39999389648438,151.39999389648438,142.64999389648438,143.5500030517578,209865,0.0,0,72161600
2018-01-17,143.5,144.0,136.89999389648438,142.85000610351562,128796,0.0,0,72161600
2018-01-18,143.14999389648438,146.3000030517578,132.89999389648438,135.8000030517578,193018,0.0,0,72161600
2018-01-19,136.0,138.60000610351562,133.64999389648438,135.64999389648438,156833,0.0,0,72161600
2018-01-22,136.60000610351562,141.64999389648438,135.10000610351562,139.75,141221,0.0,0,72161600
2018-01-23,141.35000610351562,144.6999969482422,140.10000610351562,140.75,255267,0.0,0,72161600
2018-01-24,141.10000610351562,143.5,138.35000610351562,139.39999389648438,203500,0.0,0,72161600
2018-01-25,139.39999389648438,139.9499969482422,136.0,136.39999389648438,85489,0.0,0,72161600
2018-01-29,137.39999389648438,138.89999389648438,132.5500030517578,133.4499969482422,83924,0.0,0,72161600
2018-01-30,133.4499969482422,134.8000030517578,131.6999969482422,133.25,77057,0.0,0,72161600
2018-01-31,132.0,134.60000610351562,131.5,132.8000030517578,61445,0.0,0,72161600
2018-02-01,133.0,134.0,129.85000610351562,131.64999389648438,58386,0.0,0,72161600
2018-02-02,129.89999389648438,130.0,118.25,123.4499969482422,152176,0.0,0,72161600
2018-02-05,121.5,124.8499984741211,117.5,122.5500030517578,104042,0.0,0,72161600
2018-02-06,117.0,119.0,114.8000030517578,117.3499984741211,154882,0.0,0,72161600
2018-02-07,119.4000015258789,123.3499984741211,119.4000015258789,120.75,84237,0.0,0,72161600
2018-02-08,122.0999984741211,125.5500030517578,120.6500015258789,123.4000015258789,115071,0.0,0,72161600
2018-02-09,119.9000015258789,123.0,118.8499984741211,121.9000015258789,71628,0.0,0,72161600
2018-02-12,122.5,127.5,122.5,125.3000030517578,98304,0.0,0,72161600
2018-02-14,126.3499984741211,128.4499969482422,125.0,125.6500015258789,65298,0.0,0,72161600
2018-02-15,126.0500030517578,126.8000030517578,122.6999969482422,123.6500015258789,48929,0.0,0,72161600
2018-02-16,123.0500030517578,124.8499984741211,120.0,120.5500030517578,64412,0.0,0,72161600
2018-02-19,121.0,121.4000015258789,116.4000015258789,118.5999984741211,70029,0.0,0,72161600
2018-02-20,119.3000030517578,120.6999969482422,118.6500015258789,119.0500030517578,24713,0.0,0,72161600
2018-02-21,120.0500030517578,120.0999984741211,118.0,118.75,35923,0.0,0,72161600
2018-02-22,118.3499984741211,119.0,116.0999984741211,118.25,34631,0.0,0,72161600
2018-02-23,117.5999984741211,120.8499984741211,117.5999984741211,118.9000015258789,43845,0.0,0,72161600
2018-02-26,119.5,120.8000030517578,119.0,119.3000030517578,50076,0.0,0,72161600
2018-02-27,120.1500015258789,120.4000015258789,117.0999984741211,117.6999969482422,58913,0.0,0,72161600
2018-02-28,117.25,117.6500015258789,116.1999969482422,116.8499984741211,37841,0.0,0,72161600
2018-03-01,116.8499984741211,119.8000030517578,116.0,117.0999984741211,69695,0.0,0,72161600
2018-03-05,118.3000030517578,118.3000030517578,115.0500030517578,116.1999969482422,42297,0.0,0,72161600
2018-03-06,116.6999969482422,117.8499984741211,112.5,113.8000030517578,43176,0.0,0,72161600
2018-03-07,114.0999984741211,114.1500015258789,109.5,110.0500030517578,72233,0.0,0,72161600
2018-03-08,110.25,111.5500030517578,107.1500015258789,109.0,58847,0.0,0,72161600
2018-03-09,110.0500030517578,110.0500030517578,106.9000015258789,107.3000030517578,39061,0.0,0,72161600
2018-03-12,108.25,108.5,104.0500030517578,105.5999984741211,72710,0.0,0,72161600
2018-03-13,105.6500015258789,109.9499969482422,105.5999984741211,109.0500030517578,71085,0.0,0,72161600
2018-03-14,108.8000030517578,109.0,107.0,108.5,27625,0.0,0,72161600
2018-03-15,108.0500030517578,113.4499969482422,107.0,110.4000015258789,106890,0.0,0,72161600
2018-03-16,110.3499984741211,112.3499984741211,106.3000030517578,107.4499969482422,97267,0.0,0,72161600
2018-03-19,107.8000030517578,108.0500030517578,100.0,102.3000030517578,110177,0.0,0,72161600
2018-03-20,103.9000015258789,107.0,102.9000015258789,105.75,565779,0.0,0,72161600
2018-03-21,107.25,110.0,106.1999969482422,107.0500030517578,132566,0.0,0,72161600
2018-03-22,107.0500030517578,108.1999969482422,102.0999984741211,102.4499969482422,192937,0.0,0,72161600
2018-03-23,100.0,102.1500015258789,99.25,100.6999969482422,80494,0.0,0,72161600
2018-03-26,100.6999969482422,105.8000030517578,100.3000030517578,104.8499984741211,138303,0.0,0,72161600
2018-03-27,105.5500030517578,107.1500015258789,104.0,104.6500015258789,66200,0.0,0,72161600
2018-03-28,104.3000030517578,104.3000030517578,101.4000015258789,101.9000015258789,49807,0.0,0,72161600
2018-04-02,103.4499969482422,106.6500015258789,102.1500015258789,104.5999984741211,55734,0.0,0,72161600
2018-04-03,104.0999984741211,106.75,104.0999984741211,106.0,58485,0.0,0,72161600
2018-04-04,106.8000030517578,108.5999984741211,103.0999984741211,104.0500030517578,70324,0.0,0,72161600
2018-04-05,105.8000030517578,107.9000015258789,105.8000030517578,106.4499969482422,41179,0.0,0,72161600
2018-04-06,106.0,109.0,104.75,107.3000030517578,69817,0.0,0,72161600
2018-04-09,107.4000015258789,109.5,107.1500015258789,108.0500030517578,55518,0.0,0,72161600
2018-04-10,108.5,109.0,105.6500015258789,106.4000015258789,52565,0.0,0,72161600
2018-04-11,106.4000015258789,108.1999969482422,105.0,106.3000030517578,34786,0.0,0,72161600
2018-04-12,106.3499984741211,108.5,105.8000030517578,106.6500015258789,28800,0.0,0,72161600
2018-04-13,107.4000015258789,109.25,106.5999984741211,107.3499984741211,79907,0.0,0,72161600
2018-04-16,105.0999984741211,107.8000030517578,105.0999984741211,105.9499969482422,41665,0.0,0,72161600
2018-04-17,106.4000015258789,107.5999984741211,106.1999969482422,106.4499969482422,29766,0.0,0,72161600
2018-04-18,106.9000015258789,107.9000015258789,104.6500015258789,105.25,70230,0.0,0,72161600
2018-04-19,106.3000030517578,114.9499969482422,105.0,110.1999969482422,420106,0.0,0,72161600
2018-04-20,111.3000030517578,115.0,110.8000030517578,112.3499984741211,350352,0.0,0,72161600
2018-04-23,111.75,113.0,109.3000030517578,109.8499984741211,54382,0.0,0,72161600
2018-04-24,109.3499984741211,110.8000030517578,108.1999969482422,108.5,42237,0.0,0,72161600
2018-04-25,108.5,108.5,106.0,106.25,106052,0.0,0,72161600
2018-04-26,106.9000015258789,113.0,106.3499984741211,109.9499969482422,307815,0.0,0,72161600
2018-04-27,110.5999984741211,111.5500030517578,108.0999984741211,108.5500030517578,52791,0.0,0,72161600
2018-04-30,109.3000030517578,109.4000015258789,107.75,108.25,36280,0.0,0,72161600
2018-05-02,108.9000015258789,112.4499969482422,106.1999969482422,107.3499984741211,135416,0.0,0,72161600
2018-05-03,107.3499984741211,108.1999969482422,105.1999969482422,105.8499984741211,45721,0.0,0,72161600
2018-05-04,106.3499984741211,107.25,105.0999984741211,105.5,43933,0.0,0,72161600
2018-05-07,106.0,108.8000030517578,106.0,106.9000015258789,50364,0.0,0,72161600
2018-05-08,107.9000015258789,107.9000015258789,105.6500015258789,106.0999984741211,33733,0.0,0,72161600
2018-05-09,106.25,106.8000030517578,105.25,105.5999984741211,40646,0.0,0,72161600
2018-05-10,105.9000015258789,106.5,102.6999969482422,103.25,70479,0.0,0,72161600
2018-05-11,104.4000015258789,104.4000015258789,102.0,102.3499984741211,43253,0.0,0,72161600
2018-05-14,103.0999984741211,103.1500015258789,99.5999984741211,100.1999969482422,50700,0.0,0,72161600
2018-05-15,100.8499984741211,102.0,98.0999984741211,98.8000030517578,57826,0.0,0,72161600
2018-05-16,97.0500030517578,99.0,96.0500030517578,96.5500030517578,54564,0.0,0,72161600
2018-05-17,97.0,98.5999984741211,95.1500015258789,97.0,57364,0.0,0,72161600
2018-05-18,96.9499969482422,97.9499969482422,94.3499984741211,95.1500015258789,62676,0.0,0,72161600
2018-05-21,95.1500015258789,95.6999969482422,92.0,92.25,45079,0.0,0,72161600
2018-05-22,92.4000015258789,95.0999984741211,91.0999984741211,93.25,45853,0.0,0,72161600
2018-05-23,93.25,94.9000015258789,91.5,92.75,37142,0.0,0,72161600
2018-05-24,94.4499969482422,94.4499969482422,91.0999984741211,92.25,35412,0.0,0,72161600
2018-05-25,92.4000015258789,94.8000030517578,91.0999984741211,93.6999969482422,44854,0.0,0,72161600
2018-05-28,93.6500015258789,97.5,93.6500015258789,96.5,91000,0.0,0,72161600
2018-05-29,96.9000015258789,99.3000030517578,94.8000030517578,95.5500030517578,80742,0.0,0,72161600
2018-05-30,95.0999984741211,98.8000030517578,95.0,97.5500030517578,83402,0.0,0,72161600
2018-05-31,103.6500015258789,112.8499984741211,102.6999969482422,106.4499969482422,2138318,0.0,0,72161600
2018-06-01,106.0999984741211,108.0,103.0,103.5500030517578,193522,0.0,0,72161600
2018-06-04,103.9000015258789,105.0999984741211,99.0999984741211,99.5999984741211,98540,0.0,0,72161600
2018-06-05,98.25,99.0,88.3499984741211,91.0999984741211,267900,0.0,0,72161600
2018-06-06,91.25,93.3000030517578,90.5,91.6500015258789,156263,0.0,0,72161600
2018-06-07,92.8000030517578,94.5,90.75,91.4499969482422,291224,0.0,0,72161600
2018-06-08,89.5999984741211,90.6999969482422,88.80000305175781,89.80000305175781,226133,0.0,0,72161600
2018-06-11,89.6500015258789,92.5,89.30000305175781,91.4000015258789,138176,0.0,0,72161600
2018-06-12,91.9499969482422,109.6500015258789,91.9499969482422,109.6500015258789,3030216,0.0,0,72161600
2018-06-13,111.5,112.4000015258789,103.1999969482422,104.1999969482422,1291299,0.0,0,72161600
2018-06-14,103.0500030517578,118.4499969482422,103.0500030517578,113.3499984741211,2784422,0.0,0,72161600
2018-06-15,112.1999969482422,115.0999984741211,108.25,109.8000030517578,1123723,0.0,0,72161600
2018-06-18,108.3000030517578,109.8499984741211,103.3000030517578,106.75,346427,0.0,0,72161600
2018-06-19,107.5,109.9000015258789,103.5500030517578,104.6999969482422,480957,0.0,0,72161600
2018-06-20,105.3499984741211,107.0,102.5,103.6500015258789,225118,0.0,0,72161600
2018-06-21,104.0999984741211,104.5,100.0,100.6999969482422,171400,0.0,0,72161600
2018-06-22,100.0,102.4000015258789,95.0,99.5999984741211,299882,0.0,0,72161600
2018-06-25,99.6999969482422,102.75,97.5999984741211,99.4000015258789,246699,0.0,0,72161600
2018-06-26,98.4000015258789,99.9000015258789,96.3000030517578,96.8000030517578,138051,0.0,0,72161600
2018-06-27,97.3000030517578,97.8499984741211,91.5999984741211,93.0,130537,0.0,0,72161600
2018-06-28,93.0500030517578,94.6500015258789,91.0,91.4499969482422,138875,0.0,0,72161600
2018-06-29,92.1500015258789,94.9000015258789,92.1500015258789,93.75,122500,0.0,0,72161600
2018-07-02,93.9000015258789,94.8000030517578,91.0,92.8000030517578,119316,0.0,0,72161600
2018-07-03,92.9000015258789,94.1500015258789,91.3499984741211,91.8000030517578,84012,0.0,0,72161600
2018-07-04,92.1999969482422,93.4499969482422,91.25,92.0,124438,0.0,0,72161600
2018-07-05,92.0,92.25,90.0,90.3000030517578,71391,0.0,0,72161600
2018-07-06,90.3499984741211,92.6999969482422,89.30000305175781,90.4000015258789,214161,0.0,0,72161600
2018-07-09,91.3499984741211,95.6999969482422,91.0999984741211,94.0,236113,0.0,0,72161600
2018-07-10,94.6500015258789,96.8000030517578,93.5,94.4000015258789,171202,0.0,0,72161600
2018-07-11,93.9000015258789,95.4000015258789,92.0500030517578,92.8499984741211,156971,0.0,0,72161600
2018-07-12,93.6999969482422,95.3499984741211,91.6500015258789,92.25,100617,0.0,0,72161600
2018-07-13,92.3499984741211,93.1999969482422,90.0,90.3000030517578,102224,0.0,0,72161600
2018-07-16,90.5999984741211,90.5999984741211,85.75,86.19999694824219,115935,0.0,0,72161600
2018-07-17,86.44999694824219,87.4000015258789,84.75,86.1500015258789,99924,0.0,0,72161600
2018-07-18,86.30000305175781,87.19999694824219,82.19999694824219,83.05000305175781,98589,0.0,0,72161600
2018-07-19,83.4000015258789,83.4000015258789,81.1500015258789,81.5999984741211,95216,0.0,0,72161600
2018-07-20,81.5999984741211,85.9000015258789,81.0,83.5,104604,0.0,0,72161600
2018-07-23,83.69999694824219,86.0,82.0,83.05000305175781,96880,0.0,0,72161600
2018-07-24,83.4000015258789,86.8499984741211,83.4000015258789,85.9000015258789,134902,0.0,0,72161600
2018-07-25,86.44999694824219,88.80000305175781,85.30000305175781,85.5,134427,0.0,0,72161600
2018-07-26,85.30000305175781,87.4000015258789,84.9000015258789,85.55000305175781,66028,0.0,0,72161600
2018-07-27,86.0,88.5999984741211,85.3499984741211,87.55000305175781,151953,0.0,0,72161600
2018-07-30,87.8499984741211,94.5,87.8499984741211,92.5500030517578,221854,0.0,0,72161600
2018-07-31,92.5,93.1500015258789,90.1999969482422,90.8000030517578,91454,0.0,0,72161600
2018-08-01,91.0999984741211,92.0999984741211,89.0999984741211,89.6500015258789,97361,0.0,0,72161600
2018-08-02,89.0,92.6999969482422,87.55000305175781,90.6500015258789,159761,0.0,0,72161600
2018-08-03,91.0999984741211,93.3000030517578,91.0999984741211,91.4499969482422,126897,0.0,0,72161600
2018-08-06,92.1999969482422,92.8000030517578,90.3000030517578,90.75,76867,0.0,0,72161600
2018-08-07,90.8499984741211,91.3499984741211,89.0999984741211,89.5999984741211,84682,0.0,0,72161600
2018-08-08,89.9000015258789,90.3499984741211,88.0999984741211,88.6500015258789,92350,0.0,0,72161600
2018-08-09,89.25,90.4000015258789,88.05000305175781,89.25,91237,0.0,0,72161600
2018-08-10,89.80000305175781,90.8000030517578,88.8499984741211,89.25,73026,0.0,0,72161600
2018-08-13,87.69999694824219,91.1999969482422,87.5,88.6500015258789,74822,0.0,0,72161600
2018-08-14,89.0,92.6999969482422,88.5,89.19999694824219,211440,0.0,0,72161600
2018-08-16,85.6500015258789,86.0999984741211,80.94999694824219,83.30000305175781,304354,0.0,0,72161600
2018-08-17,84.05000305175781,84.05000305175781,81.30000305175781,81.8499984741211,183722,0.0,0,72161600
2018-08-20,82.0999984741211,86.4000015258789,81.6500015258789,83.5999984741211,279663,0.0,0,72161600
2018-08-21,83.69999694824219,83.94999694824219,81.25,81.69999694824219,154454,0.0,0,72161600
2018-08-23,82.25,82.25,81.25,81.5999984741211,65696,0.0,0,72161600
2018-08-24,81.19999694824219,82.0,80.6500015258789,80.9000015258789,67390,0.0,0,72161600
2018-08-27,80.9000015258789,83.5,80.9000015258789,81.69999694824219,140513,0.0,0,72161600
2018-08-28,82.0,82.05000305175781,79.3499984741211,79.6500015258789,87615,0.0,0,72161600
2018-08-29,80.0,81.05000305175781,79.0999984741211,79.55000305175781,103796,0.0,0,72161600
2018-08-30,79.5,81.69999694824219,79.5,79.6500015258789,88983,0.0,0,72161600
2018-08-31,80.05000305175781,81.0,79.30000305175781,79.75,65542,0.0,0,72161600
2018-09-03,80.0,81.0,79.69999694824219,80.05000305175781,95130,0.0,0,72161600
2018-09-04,80.1500015258789,80.69999694824219,77.8499984741211,78.5,74063,0.0,0,72161600
2018-09-05,78.5,79.05000305175781,75.4000015258789,76.19999694824219,97815,0.0,0,72161600
2018-09-06,76.30000305175781,78.4000015258789,76.1500015258789,77.9000015258789,63467,0.0,0,72161600
2018-09-07,77.9000015258789,78.30000305175781,75.80000305175781,76.80000305175781,48360,0.0,0,72161600
2018-09-10,76.8499984741211,77.5,75.5999984741211,76.5,58352,0.0,0,72161600
2018-09-11,76.30000305175781,77.30000305175781,75.8499984741211,76.0999984741211,55812,0.0,0,72161600
2018-09-12,75.80000305175781,76.44999694824219,73.19999694824219,74.25,83948,0.0,0,72161600
2018-09-14,74.1500015258789,75.44999694824219,74.1500015258789,74.94999694824219,43641,0.0,0,72161600
2018-09-17,75.0,75.0,73.5,74.30000305175781,71169,0.0,0,72161600
2018-09-18,74.0,76.3499984741211,73.5999984741211,74.0999984741211,71459,0.0,0,72161600
2018-09-19,74.25,74.5,72.0,72.5,59681,0.0,0,72161600
2018-09-21,72.05000305175781,73.05000305175781,65.0999984741211,66.25,269818,0.0,0,72161600
2018-09-24,66.4000015258789,67.0,63.04999923706055,63.75,92312,0.0,0,72161600
2018-09-25,63.04999923706055,63.09999847412109,60.150001525878906,61.70000076293945,90439,0.0,0,72161600
2018-09-26,61.0,63.25,61.0,62.25,35640,0.0,0,72161600
2018-09-27,62.29999923706055,63.0,59.150001525878906,60.400001525878906,65280,0.0,0,72161600
2018-09-28,60.09999847412109,60.75,54.5,54.900001525878906,115237,0.0,0,72161600
2018-10-01,56.0,56.0,51.0,53.09999847412109,107333,0.0,0,72161600
2018-10-03,53.29999923706055,57.79999923706055,52.34999847412109,55.84999847412109,103537,0.0,0,72161600
2018-10-04,54.25,57.54999923706055,54.09999847412109,55.54999923706055,112000,0.0,0,72161600
2018-10-05,54.5,56.400001525878906,53.95000076293945,54.900001525878906,78132,0.0,0,72161600
2018-10-08,54.0,55.0,51.650001525878906,52.70000076293945,57162,0.0,0,72161600
2018-10-09,51.75,53.650001525878906,50.09999847412109,51.25,62978,0.0,0,72161600
2018-10-10,50.59999847412109,54.79999923706055,50.59999847412109,53.95000076293945,53680,0.0,0,72161600
2018-10-11,51.04999923706055,52.84999847412109,50.84999847412109,52.150001525878906,64003,0.0,0,72161600
2018-10-12,52.5,59.29999923706055,52.5,56.650001525878906,174831,0.0,0,72161600
2018-10-15,57.59999847412109,58.900001525878906,55.20000076293945,57.09999847412109,62767,0.0,0,72161600
2018-10-16,56.5,63.900001525878906,56.5,62.0,320781,0.0,0,72161600
2018-10-17,63.25,64.80000305175781,58.25,58.59999847412109,165178,0.0,0,72161600
2018-10-19,58.59999847412109,58.59999847412109,56.5,57.25,97959,0.0,0,72161600
2018-10-22,57.29999923706055,58.09999847412109,54.5,55.0,111324,0.0,0,72161600
2018-10-23,54.0,54.70000076293945,52.5,53.5,74366,0.0,0,72161600
2018-10-24,54.09999847412109,55.5,53.09999847412109,54.0,86761,0.0,0,72161600
2018-10-25,54.0,54.0,52.20000076293945,52.70000076293945,65979,0.0,0,72161600
2018-10-26,51.650001525878906,54.0,51.650001525878906,52.95000076293945,82069,0.0,0,72161600
2018-10-29,52.34999847412109,55.45000076293945,52.34999847412109,54.150001525878906,166271,0.0,0,72161600
2018-10-30,54.25,56.70000076293945,54.0,55.79999923706055,84750,0.0,0,72161600
2018-10-31,55.5,56.400001525878906,54.29999923706055,55.09999847412109,100756,0.0,0,72161600
2018-11-01,55.54999923706055,58.5,54.29999923706055,57.34999847412109,150202,0.0,0,72161600
2018-11-02,57.5,59.900001525878906,57.5,58.20000076293945,117801,0.0,0,72161600
2018-11-05,58.45000076293945,58.70000076293945,56.34999847412109,57.650001525878906,90213,0.0,0,72161600
2018-11-06,58.900001525878906,59.0,57.04999923706055,57.79999923706055,70228,0.0,0,72161600
2018-11-07,58.04999923706055,59.0,58.04999923706055,58.5,17213,0.0,0,72161600
2018-11-09,57.25,60.45000076293945,57.25,59.5,91976,0.0,0,72161600
2018-11-12,68.30000305175781,71.4000015258789,66.5999984741211,69.0,2122445,0.0,0,72161600
2018-11-13,67.80000305175781,68.69999694824219,62.79999923706055,66.80000305175781,280014,0.0,0,72161600
2018-11-14,66.19999694824219,67.75,63.45000076293945,64.44999694824219,144363,0.0,0,72161600
2018-11-15,64.5999984741211,64.5999984741211,63.04999923706055,63.34999847412109,129219,0.0,0,72161600
2018-11-16,63.0,63.45000076293945,61.79999923706055,62.70000076293945,100864,0.0,0,72161600
2018-11-19,61.54999923706055,68.0,61.20000076293945,66.5999984741211,331313,0.0,0,72161600
2018-11-20,66.5999984741211,69.0,63.400001525878906,64.25,250138,0.0,0,72161600
2018-11-21,63.29999923706055,64.8499984741211,62.79999923706055,63.650001525878906,120632,0.0,0,72161600
2018-11-22,63.650001525878906,64.5,63.0,63.34999847412109,66938,0.0,0,72161600
2018-11-26,63.34999847412109,64.0,62.04999923706055,62.45000076293945,79690,0.0,0,72161600
2018-11-27,62.09999847412109,62.84999847412109,61.45000076293945,61.650001525878906,71880,0.0,0,72161600
2018-11-28,61.75,62.400001525878906,60.5,60.900001525878906,70840,0.0,0,72161600
2018-11-29,60.900001525878906,61.79999923706055,60.150001525878906,60.900001525878906,125501,0.0,0,72161600
2018-11-30,60.70000076293945,61.79999923706055,60.04999923706055,60.650001525878906,54560,0.0,0,72161600
2018-12-03,61.0,63.09999847412109,60.5,62.150001525878906,107295,0.0,0,72161600
2018-12-04,62.150001525878906,62.54999923706055,60.59999847412109,61.34999847412109,43735,0.0,0,72161600
2018-12-05,60.20000076293945,61.20000076293945,59.650001525878906,60.09999847412109,43734,0.0,0,72161600
2018-12-06,59.29999923706055,59.59999847412109,58.09999847412109,58.45000076293945,41173,0.0,0,72161600
2018-12-07,58.20000076293945,59.0,56.54999923706055,57.0,65163,0.0,0,72161600
2018-12-10,55.20000076293945,56.84999847412109,55.09999847412109,55.59999847412109,70881,0.0,0,72161600
2018-12-11,54.5,57.400001525878906,54.5,57.0,63809,0.0,0,72161600
2018-12-12,56.900001525878906,60.95000076293945,56.650001525878906,60.04999923706055,106402,0.0,0,72161600
2018-12-13,59.5,61.75,59.5,60.34999847412109,35542,0.0,0,72161600
2018-12-14,59.59999847412109,61.400001525878906,58.84999847412109,59.59999847412109,62894,0.0,0,72161600
2018-12-17,59.45000076293945,63.900001525878906,59.45000076293945,62.34999847412109,284218,0.0,0,72161600
2018-12-18,62.29999923706055,63.5,61.20000076293945,62.150001525878906,117479,0.0,0,72161600
2018-12-19,62.59999847412109,64.1500015258789,62.20000076293945,63.0,116830,0.0,0,72161600
2018-12-20,64.0,65.3499984741211,61.29999923706055,63.45000076293945,216903,0.0,0,72161600
2018-12-21,62.75,63.79999923706055,60.79999923706055,61.150001525878906,74015,0.0,0,72161600
2018-12-24,61.25,61.900001525878906,59.20000076293945,59.5,62805,0.0,0,72161600
2018-12-26,59.20000076293945,60.20000076293945,58.25,59.84999847412109,48245,0.0,0,72161600
2018-12-27,59.45000076293945,61.5,59.20000076293945,60.34999847412109,53120,0.0,0,72161600
2018-12-28,60.29999923706055,61.70000076293945,60.29999923706055,60.70000076293945,44411,0.0,0,72161600
2018-12-31,60.75,62.400001525878906,60.75,61.150001525878906,40148,0.0,0,72161600
2019-01-01,61.09999847412109,62.25,61.09999847412109,61.75,43839,0.0,0,72161600
2019-01-02,61.29999923706055,62.04999923706055,60.25,60.900001525878906,52426,0.0,0,72161600
2019-01-03,60.54999923706055,61.84999847412109,59.34999847412109,59.84999847412109,36221,0.0,0,72161600
2019-01-04,59.59999847412109,60.650001525878906,58.59999847412109,59.95000076293945,38608,0.0,0,72161600
2019-01-07,60.34999847412109,61.79999923706055,60.34999847412109,61.0,36970,0.0,0,72161600
2019-01-08,61.0,61.75,60.29999923706055,60.650001525878906,26225,0.0,0,72161600
2019-01-09,60.70000076293945,61.70000076293945,60.150001525878906,60.650001525878906,32193,0.0,0,72161600
2019-01-10,60.5,61.95000076293945,59.70000076293945,61.0,44073,0.0,0,72161600
2019-01-11,60.900001525878906,61.400001525878906,60.09999847412109,60.54999923706055,16791,0.0,0,72161600
2019-01-14,60.0,60.650001525878906,59.5,59.900001525878906,28196,0.0,0,72161600
2019-01-15,59.650001525878906,60.84999847412109,59.650001525878906,60.29999923706055,18082,0.0,0,72161600
2019-01-16,60.29999923706055,62.0,60.0,60.400001525878906,47548,0.0,0,72161600
2019-01-17,60.400001525878906,61.54999923706055,59.54999923706055,59.900001525878906,71687,0.0,0,72161600
2019-01-18,60.04999923706055,60.20000076293945,58.54999923706055,58.70000076293945,36082,0.0,0,72161600
2019-01-21,58.59999847412109,59.09999847412109,57.0,57.400001525878906,50259,0.0,0,72161600
2019-01-22,57.0,57.84999847412109,56.04999923706055,56.54999923706055,35793,0.0,0,72161600
2019-01-23,56.04999923706055,57.900001525878906,56.04999923706055,56.5,24197,0.0,0,72161600
2019-01-24,56.20000076293945,57.54999923706055,55.45000076293945,55.84999847412109,30266,0.0,0,72161600
2019-01-25,55.54999923706055,56.45000076293945,54.0,54.45000076293945,30363,0.0,0,72161600
2019-01-28,54.34999847412109,55.150001525878906,53.04999923706055,53.25,39543,0.0,0,72161600
2019-01-29,53.09999847412109,53.5,52.150001525878906,52.75,41693,0.0,0,72161600
2019-01-30,52.59999847412109,55.900001525878906,52.59999847412109,54.34999847412109,52859,0.0,0,72161600
2019-01-31,54.29999923706055,55.20000076293945,54.0,54.59999847412109,30487,0.0,0,72161600
2019-02-01,54.59999847412109,55.54999923706055,53.150001525878906,53.400001525878906,46045,0.0,0,72161600
2019-02-04,53.400001525878906,54.150001525878906,51.45000076293945,52.0,38177,0.0,0,72161600
2019-02-05,51.29999923706055,52.400001525878906,49.20000076293945,49.70000076293945,64785,0.0,0,72161600
2019-02-06,49.0,49.45000076293945,45.29999923706055,46.25,159570,0.0,0,72161600
2019-02-07,46.09999847412109,48.900001525878906,45.5,47.54999923706055,103118,0.0,0,72161600
2019-02-08,46.25,47.900001525878906,45.59999847412109,47.04999923706055,37397,0.0,0,72161600
2019-02-11,47.0,47.29999923706055,45.70000076293945,46.650001525878906,32725,0.0,0,72161600
2019-02-12,46.20000076293945,48.20000076293945,46.20000076293945,47.34999847412109,54812,0.0,0,72161600
2019-02-14,47.0,49.70000076293945,47.0,48.150001525878906,104822,0.0,0,72161600
2019-02-15,50.5,51.400001525878906,49.34999847412109,50.29999923706055,246754,0.0,0,72161600
2019-02-18,50.29999923706055,52.70000076293945,50.09999847412109,51.09999847412109,96323,0.0,0,72161600
2019-02-19,50.900001525878906,52.45000076293945,49.5,50.0,54092,0.0,0,72161600
2019-02-20,50.04999923706055,51.0,49.29999923706055,49.5,65706,0.0,0,72161600
2019-02-21,50.0,50.400001525878906,48.59999847412109,48.79999923706055,66480,0.0,0,72161600
2019-02-22,49.04999923706055,50.400001525878906,48.650001525878906,49.900001525878906,76675,0.0,0,72161600
2019-02-25,49.95000076293945,52.20000076293945,49.25,50.400001525878906,112037,0.0,0,72161600
2019-02-26,49.0,50.04999923706055,47.400001525878906,49.25,66987,0.0,0,72161600
2019-02-27,49.5,50.79999923706055,48.5,49.0,76390,0.0,0,72161600
2019-02-28,48.900001525878906,49.54999923706055,48.75,49.0,32855,0.0,0,72161600
2019-03-01,49.0,51.5,49.0,50.79999923706055,84138,0.0,0,72161600
2019-03-05,53.400001525878906,60.95000076293945,51.34999847412109,60.95000076293945,512620,0.0,0,72161600
2019-03-06,61.25,63.34999847412109,58.09999847412109,60.95000076293945,344110,0.0,0,72161600
2019-03-07,61.400001525878906,64.75,61.09999847412109,62.54999923706055,254475,0.0,0,72161600
2019-03-08,62.0,62.54999923706055,59.59999847412109,60.150001525878906,77365,0.0,0,72161600
2019-03-11,60.09999847412109,62.75,60.09999847412109,61.900001525878906,104547,0.0,0,72161600
2019-03-12,62.0,71.5,62.0,69.55000305175781,1138503,0.0,0,72161600
2019-03-13,71.69999694824219,73.25,66.1500015258789,66.6500015258789,811890,0.0,0,72161600
2019-03-14,66.80000305175781,67.9000015258789,65.05000305175781,65.4000015258789,160136,0.0,0,72161600
2019-03-15,65.80000305175781,66.5,62.5,63.09999847412109,137764,0.0,0,72161600
2019-03-18,62.5,64.4000015258789,60.75,61.75,188532,0.0,0,72161600
2019-03-19,61.70000076293945,65.9000015258789,60.900001525878906,63.29999923706055,315281,0.0,0,72161600
2019-03-20,63.70000076293945,63.84999847412109,61.900001525878906,62.20000076293945,77281,0.0,0,72161600
2019-03-22,62.150001525878906,63.650001525878906,61.20000076293945,61.70000076293945,81815,0.0,0,72161600
2019-03-25,61.0,61.0,58.84999847412109,59.45000076293945,130283,0.0,0,72161600
2019-03-26,59.5,65.6500015258789,59.20000076293945,62.70000076293945,385048,0.0,0,72161600
2019-03-27,62.150001525878906,63.79999923706055,61.25,62.79999923706055,167694,0.0,0,72161600
2019-03-28,61.34999847412109,63.75,61.34999847412109,63.400001525878906,103202,0.0,0,72161600
2019-04-01,63.0,64.44999694824219,63.0,63.400001525878906,65181,0.0,0,72161600
2019-04-02,64.05000305175781,64.3499984741211,60.900001525878906,61.900001525878906,102822,0.0,0,72161600
2019-04-03,62.04999923706055,63.5,62.0,62.25,113298,0.0,0,72161600
2019-04-04,63.0,63.0,60.09999847412109,60.95000076293945,118935,0.0,0,72161600
2019-04-05,61.09999847412109,62.25,60.84999847412109,61.25,53004,0.0,0,72161600
2019-04-08,61.900001525878906,63.25,61.25,61.54999923706055,132143,0.0,0,72161600
2019-04-09,62.09999847412109,63.45000076293945,61.04999923706055,61.54999923706055,136058,0.0,0,72161600
2019-04-10,61.54999923706055,62.400001525878906,60.59999847412109,60.75,71388,0.0,0,72161600
2019-04-11,61.0,62.900001525878906,60.25,62.09999847412109,103015,0.0,0,72161600
2019-04-12,61.79999923706055,62.900001525878906,61.150001525878906,61.900001525878906,77889,0.0,0,72161600
2019-04-15,62.400001525878906,62.900001525878906,61.54999923706055,62.150001525878906,60602,0.0,0,72161600
2019-04-16,62.150001525878906,62.84999847412109,61.70000076293945,61.95000076293945,40797,0.0,0,72161600
2019-04-18,61.20000076293945,61.79999923706055,60.09999847412109,60.54999923706055,59304,0.0,0,72161600
2019-04-22,60.54999923706055,60.900001525878906,58.84999847412109,59.150001525878906,48105,0.0,0,72161600
2019-04-23,59.54999923706055,60.5,58.20000076293945,58.400001525878906,88104,0.0,0,72161600
2019-04-24,58.54999923706055,59.29999923706055,58.09999847412109,58.75,41661,0.0,0,72161600
2019-04-25,59.29999923706055,59.59999847412109,58.5,58.54999923706055,45618,0.0,0,72161600
2019-04-26,58.900001525878906,58.900001525878906,57.59999847412109,58.25,46339,0.0,0,72161600
2019-04-30,58.150001525878906,59.95000076293945,55.5,55.900001525878906,119236,0.0,0,72161600
2019-05-02,56.0,57.0,55.0,55.29999923706055,83825,0.0,0,72161600
2019-05-03,55.29999923706055,55.900001525878906,54.29999923706055,54.75,120777,0.0,0,72161600
2019-05-06,54.75,55.0,53.400001525878906,54.150001525878906,137011,0.0,0,72161600
2019-05-07,54.25,56.900001525878906,53.34999847412109,54.34999847412109,209827,0.0,0,72161600
2019-05-08,53.29999923706055,54.79999923706055,51.34999847412109,52.0,237374,0.0,0,72161600
2019-05-09,51.79999923706055,53.150001525878906,50.54999923706055,51.5,151914,0.0,0,72161600
2019-05-10,52.20000076293945,59.34999847412109,51.54999923706055,56.45000076293945,565945,0.0,0,72161600
2019-05-13,56.59999847412109,56.59999847412109,53.04999923706055,53.400001525878906,118753,0.0,0,72161600
2019-05-14,52.95000076293945,53.79999923706055,51.650001525878906,52.70000076293945,72448,0.0,0,72161600
2019-05-15,52.84999847412109,55.0,52.0,52.25,93003,0.0,0,72161600
2019-05-16,52.5,53.25,51.150001525878906,52.29999923706055,67267,0.0,0,72161600
2019-05-17,52.5,56.900001525878906,52.150001525878906,53.20000076293945,110864,0.0,0,72161600
2019-05-20,54.79999923706055,56.0,53.5,54.70000076293945,78609,0.0,0,72161600
2019-05-21,55.0,56.0,53.79999923706055,54.29999923706055,44438,0.0,0,72161600
2019-05-22,54.5,55.900001525878906,54.5,55.29999923706055,56756,0.0,0,72161600
2019-05-23,55.04999923706055,57.45000076293945,55.04999923706055,55.400001525878906,73439,0.0,0,72161600
2019-05-24,54.84999847412109,57.79999923706055,53.20000076293945,57.400001525878906,122787,0.0,0,72161600
2019-05-27,58.25,62.5,57.09999847412109,60.95000076293945,156692,0.0,0,72161600
2019-05-28,61.45000076293945,63.20000076293945,61.25,62.0,98748,0.0,0,72161600
2019-05-29,62.0,62.29999923706055,60.20000076293945,60.54999923706055,38105,0.0,0,72161600
2019-05-30,60.79999923706055,62.0,60.04999923706055,61.04999923706055,66700,0.0,0,72161600
2019-05-31,62.900001525878906,62.900001525878906,59.400001525878906,60.95000076293945,108790,0.0,0,72161600
2019-06-03,62.29999923706055,62.29999923706055,58.5,58.84999847412109,70390,0.0,0,72161600
2019-06-04,58.54999923706055,59.84999847412109,56.70000076293945,57.150001525878906,49100,0.0,0,72161600
2019-06-06,59.20000076293945,59.20000076293945,56.650001525878906,56.95000076293945,41808,0.0,0,72161600
2019-06-07,56.95000076293945,57.5,53.54999923706055,54.34999847412109,62039,0.0,0,72161600
2019-06-10,54.70000076293945,55.70000076293945,49.75,50.09999847412109,122481,0.0,0,72161600
2019-06-11,50.09999847412109,53.400001525878906,49.84999847412109,51.20000076293945,120761,0.0,0,72161600
2019-06-12,51.20000076293945,52.0,49.5,50.59999847412109,74123,0.0,0,72161600
2019-06-13,50.95000076293945,51.95000076293945,48.29999923706055,48.75,87044,0.0,0,72161600
2019-06-14,49.0,49.95000076293945,48.0,49.09999847412109,50379,0.0,0,72161600
2019-06-17,49.0,49.900001525878906,47.650001525878906,49.20000076293945,73883,0.0,0,72161600
2019-06-18,49.400001525878906,49.400001525878906,47.34999847412109,48.20000076293945,48804,0.0,0,72161600
2019-06-19,48.95000076293945,48.95000076293945,42.0,43.95000076293945,172310,0.0,0,72161600
2019-06-20,44.0,46.900001525878906,43.09999847412109,46.29999923706055,74361,0.0,0,72161600
2019-06-21,46.0,50.5,45.20000076293945,49.34999847412109,81936,0.0,0,72161600
2019-06-24,49.34999847412109,50.400001525878906,48.5,49.59999847412109,44308,0.0,0,72161600
2019-06-25,49.75,52.400001525878906,48.20000076293945,51.400001525878906,57837,0.0,0,72161600
2019-06-26,51.400001525878906,52.59999847412109,48.400001525878906,50.84999847412109,59217,0.0,0,72161600
2019-06-27,51.29999923706055,51.70000076293945,50.150001525878906,51.150001525878906,31182,0.0,0,72161600
2019-06-28,51.0,51.34999847412109,49.900001525878906,50.45000076293945,34955,0.0,0,72161600
2019-07-01,51.0,52.0,50.0,50.79999923706055,54918,0.0,0,72161600
2019-07-02,50.09999847412109,55.79999923706055,50.09999847412109,54.54999923706055,344710,0.0,0,72161600
2019-07-03,55.79999923706055,55.79999923706055,52.0,52.75,70776,0.0,0,72161600
2019-07-04,52.75,54.20000076293945,52.5,53.04999923706055,37733,0.0,0,72161600
2019-07-05,53.34999847412109,53.70000076293945,50.0,50.45000076293945,62221,0.0,0,72161600
2019-07-08,50.45000076293945,50.45000076293945,47.75,48.59999847412109,43879,0.0,0,72161600
2019-07-09,48.70000076293945,50.95000076293945,48.0,50.45000076293945,59077,0.0,0,72161600
2019-07-10,50.150001525878906,50.45000076293945,48.09999847412109,48.75,59224,0.0,0,72161600
2019-07-11,48.5,49.79999923706055,48.09999847412109,48.54999923706055,35703,0.0,0,72161600
2019-07-12,48.79999923706055,49.45000076293945,48.0,48.150001525878906,40239,0.0,0,72161600
2019-07-15,48.20000076293945,48.84999847412109,47.400001525878906,47.59999847412109,27570,0.0,0,72161600
2019-07-16,47.95000076293945,48.150001525878906,47.0,47.45000076293945,31540,0.0,0,72161600
2019-07-17,47.95000076293945,49.400001525878906,47.0,48.29999923706055,37679,0.0,0,72161600
2019-07-18,47.54999923706055,49.0,47.5,47.95000076293945,30027,0.0,0,72161600
2019-07-19,47.29999923706055,47.95000076293945,45.400001525878906,46.20000076293945,52528,0.0,0,72161600
2019-07-22,45.95000076293945,46.59999847412109,44.09999847412109,45.09999847412109,45166,0.0,0,72161600
2019-07-23,45.34999847412109,46.5,45.0,45.75,24642,0.0,0,72161600
2019-07-24,46.84999847412109,46.84999847412109,43.95000076293945,44.79999923706055,39620,0.0,0,72161600
2019-07-25,44.79999923706055,45.54999923706055,44.0,45.0,31672,0.0,0,72161600
2019-07-26,44.650001525878906,46.34999847412109,44.54999923706055,45.29999923706055,36566,0.0,0,72161600
2019-07-29,45.20000076293945,46.04999923706055,43.650001525878906,44.34999847412109,50244,0.0,0,72161600
2019-07-30,45.5,45.5,42.0,42.54999923706055,56544,0.0,0,72161600
2019-07-31,42.79999923706055,42.79999923706055,40.0,40.900001525878906,87039,0.0,0,72161600
2019-08-01,40.75,41.5,39.95000076293945,40.650001525878906,66018,0.0,0,72161600
2019-08-02,40.45000076293945,40.45000076293945,37.84999847412109,39.75,86812,0.0,0,72161600
2019-08-05,39.09999847412109,39.5,37.5,38.75,53727,0.0,0,72161600
2019-08-06,38.34999847412109,41.0,38.09999847412109,40.59999847412109,71522,0.0,0,72161600
2019-08-07,40.650001525878906,41.45000076293945,39.5,39.84999847412109,30073,0.0,0,72161600
2019-08-08,40.0,40.70000076293945,39.400001525878906,40.25,43261,0.0,0,72161600
2019-08-09,40.0,41.400001525878906,40.0,40.59999847412109,46294,0.0,0,72161600
2019-08-13,39.59999847412109,42.79999923706055,39.59999847412109,41.09999847412109,53011,0.0,0,72161600
2019-08-14,39.95000076293945,39.95000076293945,37.84999847412109,38.34999847412109,103365,0.0,0,72161600
2019-08-16,39.650001525878906,39.650001525878906,37.25,37.84999847412109,83965,0.0,0,72161600
2019-08-19,37.650001525878906,38.25,36.25,37.04999923706055,59703,0.0,0,72161600
2019-08-20,37.09999847412109,37.09999847412109,35.25,35.70000076293945,147362,0.0,0,72161600
2019-08-21,35.5,38.400001525878906,34.95000076293945,37.09999847412109,185811,0.0,0,72161600
2019-08-22,37.09999847412109,37.84999847412109,35.150001525878906,36.45000076293945,155871,0.0,0,72161600
2019-08-23,36.45000076293945,39.400001525878906,33.599998474121094,34.04999923706055,302019,0.0,0,72161600
2019-08-26,34.29999923706055,35.95000076293945,33.5,35.0,69488,0.0,0,72161600
2019-08-27,35.0,37.09999847412109,35.0,36.5,76042,0.0,0,72161600
2019-08-28,36.25,38.0,35.5,36.04999923706055,165172,0.0,0,72161600
2019-08-29,36.25,36.84999847412109,33.75,33.95000076293945,143310,0.0,0,72161600
2019-08-30,34.5,35.25,34.0,34.650001525878906,36471,0.0,0,72161600
2019-09-03,34.45000076293945,34.650001525878906,33.099998474121094,33.45000076293945,105989,0.0,0,72161600
2019-09-04,33.400001525878906,37.84999847412109,32.25,33.099998474121094,359777,0.0,0,72161600
2019-09-05,33.75,34.20000076293945,32.70000076293945,33.20000076293945,62019,0.0,0,72161600
2019-09-06,33.900001525878906,34.79999923706055,33.0,34.0,66260,0.0,0,72161600
2019-09-09,33.20000076293945,35.0,33.20000076293945,34.70000076293945,51733,0.0,0,72161600
2019-09-11,35.900001525878906,37.70000076293945,35.04999923706055,36.95000076293945,143302,0.0,0,72161600
2019-09-12,37.54999923706055,39.5,37.25,38.150001525878906,99892,0.0,0,72161600
2019-09-13,38.400001525878906,38.54999923706055,36.70000076293945,36.900001525878906,69813,0.0,0,72161600
2019-09-16,36.79999923706055,39.34999847412109,35.45000076293945,38.5,177517,0.0,0,72161600
2019-09-17,38.20000076293945,39.5,36.650001525878906,37.09999847412109,104487,0.0,0,72161600
2019-09-18,37.20000076293945,37.650001525878906,35.45000076293945,35.75,58133,0.0,0,72161600
2019-09-19,35.349998474121094,36.25,34.349998474121094,34.599998474121094,53675,0.0,0,72161600
2019-09-20,34.900001525878906,36.70000076293945,34.5,35.650001525878906,64630,0.0,0,72161600
2019-09-23,36.650001525878906,38.09999847412109,36.04999923706055,37.04999923706055,98145,0.0,0,72161600
2019-09-24,37.0,37.95000076293945,36.5,36.79999923706055,69712,0.0,0,72161600
2019-09-25,37.150001525878906,38.09999847412109,35.54999923706055,36.34999847412109,80899,0.0,0,72161600
2019-09-26,36.20000076293945,37.45000076293945,36.20000076293945,36.54999923706055,40107,0.0,0,72161600
2019-09-27,36.650001525878906,40.09999847412109,35.599998474121094,36.59999847412109,230708,0.0,0,72161600
2019-09-30,37.45000076293945,37.45000076293945,34.650001525878906,35.099998474121094,86920,0.0,0,72161600
2019-10-01,36.400001525878906,36.400001525878906,33.54999923706055,34.25,54848,0.0,0,72161600
2019-10-03,34.0,34.70000076293945,33.400001525878906,33.70000076293945,31896,0.0,0,72161600
2019-10-04,34.04999923706055,34.45000076293945,33.0,33.349998474121094,32361,0.0,0,72161600
2019-10-07,33.29999923706055,33.95000076293945,32.599998474121094,33.29999923706055,39576,0.0,0,72161600
2019-10-09,33.5,34.29999923706055,32.099998474121094,32.45000076293945,41874,0.0,0,72161600
2019-10-10,32.70000076293945,32.70000076293945,31.600000381469727,31.700000762939453,42989,0.0,0,72161600
2019-10-11,32.400001525878906,32.900001525878906,31.100000381469727,32.0,168662,0.0,0,72161600
2019-10-14,32.04999923706055,32.400001525878906,31.299999237060547,31.950000762939453,93302,0.0,0,72161600
2019-10-15,32.29999923706055,34.0,31.25,32.0,357489,0.0,0,72161600
2019-10-16,32.0,32.04999923706055,31.399999618530277,31.549999237060547,64604,0.0,0,72161600
2019-10-17,31.799999237060547,31.850000381469727,31.049999237060547,31.5,60708,0.0,0,72161600
2019-10-18,31.75,33.400001525878906,31.75,32.79999923706055,106232,0.0,0,72161600
2019-10-22,33.29999923706055,33.650001525878906,31.649999618530277,31.850000381469727,85764,0.0,0,72161600
2019-10-23,31.649999618530277,32.5,31.649999618530277,32.099998474121094,43559,0.0,0,72161600
2019-10-24,32.95000076293945,32.95000076293945,31.299999237060547,31.450000762939453,45195,0.0,0,72161600
2019-10-25,31.350000381469727,31.799999237060547,31.0,31.149999618530277,46189,0.0,0,72161600
2019-10-27,31.100000381469727,32.04999923706055,31.0,31.799999237060547,13966,0.0,0,72161600
2019-10-29,31.799999237060547,32.20000076293945,31.399999618530277,31.850000381469727,74483,0.0,0,72161600
2019-10-30,32.25,33.79999923706055,31.799999237060547,32.75,109155,0.0,0,72161600
2019-10-31,32.70000076293945,34.099998474121094,32.70000076293945,33.20000076293945,108744,0.0,0,72161600
2019-11-01,33.0,34.0,33.0,33.70000076293945,85962,0.0,0,72161600
2019-11-04,33.849998474121094,35.45000076293945,33.79999923706055,34.5,134401,0.0,0,72161600
2019-11-05,34.04999923706055,34.650001525878906,33.400001525878906,33.54999923706055,45796,0.0,0,72161600
2019-11-06,33.79999923706055,33.900001525878906,32.849998474121094,33.20000076293945,67845,0.0,0,72161600
2019-11-07,33.70000076293945,34.45000076293945,32.75,33.20000076293945,146891,0.0,0,72161600
2019-11-08,33.04999923706055,33.45000076293945,32.099998474121094,32.349998474121094,98933,0.0,0,72161600
2019-11-11,32.25,32.79999923706055,31.799999237060547,31.899999618530277,45577,0.0,0,72161600
2019-11-13,31.899999618530277,31.950000762939453,30.600000381469727,30.75,62036,0.0,0,72161600
2019-11-14,31.75,32.45000076293945,30.549999237060547,30.700000762939453,48583,0.0,0,72161600
2019-11-15,31.799999237060547,31.799999237060547,29.299999237060547,29.950000762939453,53979,0.0,0,72161600
2019-11-18,31.600000381469727,31.600000381469727,27.75,28.450000762939453,89761,0.0,0,72161600
2019-11-19,29.0,30.299999237060547,27.950000762939453,29.149999618530277,78178,0.0,0,72161600
2019-11-20,29.149999618530277,29.799999237060547,28.299999237060547,28.549999237060547,48783,0.0,0,72161600
2019-11-21,29.399999618530277,30.5,28.399999618530277,29.600000381469727,137894,0.0,0,72161600
2019-11-22,29.799999237060547,30.700000762939453,28.850000381469727,29.75,111943,0.0,0,72161600
2019-11-25,29.649999618530277,31.899999618530277,29.450000762939453,30.450000762939453,171815,0.0,0,72161600
2019-11-26,30.549999237060547,34.20000076293945,30.549999237060547,31.549999237060547,288836,0.0,0,72161600
2019-11-27,32.599998474121094,32.70000076293945,31.100000381469727,31.75,131210,0.0,0,72161600
2019-11-28,31.600000381469727,32.650001525878906,30.5,31.25,129487,0.0,0,72161600
2019-11-29,31.049999237060547,32.45000076293945,29.600000381469727,30.75,235722,0.0,0,72161600
2019-12-02,31.0,32.599998474121094,29.299999237060547,30.350000381469727,229942,0.0,0,72161600
2019-12-03,30.25,30.950000762939453,29.25,29.899999618530277,117627,0.0,0,72161600
2019-12-04,29.899999618530277,31.399999618530277,28.75,29.600000381469727,203726,0.0,0,72161600
2019-12-05,29.950000762939453,30.149999618530277,29.100000381469727,29.299999237060547,72445,0.0,0,72161600
2019-12-06,29.25,30.25,29.049999237060547,29.549999237060547,52355,0.0,0,72161600
2019-12-09,29.850000381469727,31.899999618530277,29.299999237060547,31.600000381469727,162017,0.0,0,72161600
2019-12-10,31.100000381469727,31.350000381469727,29.5,29.950000762939453,110526,0.0,0,72161600
2019-12-11,30.700000762939453,30.700000762939453,29.200000762939453,29.450000762939453,30479,0.0,0,72161600
2019-12-12,29.700000762939453,30.350000381469727,29.5,29.75,35389,0.0,0,72161600
2019-12-13,31.0,35.70000076293945,30.350000381469727,35.70000076293945,630305,0.0,0,72161600
2019-12-16,39.0,42.79999923706055,37.25,42.34999847412109,5266443,0.0,0,72161600
2019-12-17,41.5,41.5,37.84999847412109,38.34999847412109,1370588,0.0,0,72161600
2019-12-18,38.0,38.5,36.29999923706055,36.54999923706055,283301,0.0,0,72161600
2019-12-19,36.45000076293945,39.5,36.0,37.650001525878906,686215,0.0,0,72161600
2019-12-20,37.59999847412109,37.79999923706055,36.5,37.0,132691,0.0,0,72161600
2019-12-23,37.20000076293945,37.20000076293945,35.70000076293945,36.0,129042,0.0,0,72161600
2019-12-24,36.09999847412109,39.0,35.5,37.04999923706055,392239,0.0,0,72161600
2019-12-26,37.0,38.0,36.0,36.900001525878906,137762,0.0,0,72161600
2019-12-27,37.79999923706055,37.79999923706055,36.0,36.400001525878906,188785,0.0,0,72161600
2019-12-30,36.25,37.29999923706055,35.75,36.5,148529,0.0,0,72161600
2019-12-31,36.25,36.45000076293945,35.150001525878906,35.5,135525,0.0,0,72161600
2020-01-01,35.54999923706055,37.25,35.54999923706055,36.20000076293945,180662,0.0,0,72161600
2020-01-02,36.34999847412109,38.20000076293945,35.95000076293945,36.79999923706055,241549,0.0,0,72161600
2020-01-03,37.09999847412109,38.0,36.54999923706055,36.84999847412109,111946,0.0,0,72161600
2020-01-06,36.900001525878906,36.900001525878906,34.75,35.29999923706055,250827,0.0,0,72161600
2020-01-07,35.400001525878906,36.84999847412109,35.400001525878906,35.70000076293945,102836,0.0,0,72161600
2020-01-08,35.5,36.0,34.75,35.04999923706055,106425,0.0,0,72161600
2020-01-09,35.599998474121094,40.79999923706055,35.54999923706055,39.650001525878906,1906872,0.0,0,72161600
2020-01-10,39.95000076293945,39.95000076293945,37.0,37.29999923706055,368904,0.0,0,72161600
2020-01-13,37.59999847412109,39.0,37.29999923706055,37.95000076293945,168376,0.0,0,72161600
2020-01-14,38.20000076293945,38.84999847412109,37.79999923706055,38.150001525878906,133747,0.0,0,72161600
2020-01-15,38.79999923706055,39.75,37.75,38.79999923706055,181385,0.0,0,72161600
2020-01-16,38.900001525878906,39.84999847412109,38.20000076293945,39.400001525878906,226512,0.0,0,72161600
2020-01-17,39.54999923706055,41.04999923706055,39.20000076293945,39.34999847412109,305573,0.0,0,72161600
2020-01-20,39.29999923706055,40.5,38.20000076293945,38.70000076293945,190160,0.0,0,72161600
2020-01-21,38.5,39.400001525878906,37.95000076293945,38.09999847412109,134312,0.0,0,72161600
2020-01-22,38.09999847412109,38.75,37.20000076293945,37.34999847412109,80771,0.0,0,72161600
2020-01-23,37.34999847412109,39.0,37.25,38.04999923706055,179178,0.0,0,72161600
2020-01-24,38.20000076293945,38.5,37.84999847412109,38.20000076293945,64294,0.0,0,72161600
2020-01-27,39.0,45.79999923706055,38.75,42.34999847412109,2879054,0.0,0,72161600
2020-01-28,42.34999847412109,42.79999923706055,40.04999923706055,40.29999923706055,420126,0.0,0,72161600
2020-01-29,40.5,42.09999847412109,39.0,39.75,540996,0.0,0,72161600
2020-01-30,39.650001525878906,40.29999923706055,38.59999847412109,38.900001525878906,215187,0.0,0,72161600
2020-01-31,39.29999923706055,39.900001525878906,38.09999847412109,38.29999923706055,98013,0.0,0,72161600
2020-02-03,36.0,36.400001525878906,34.75,35.20000076293945,180736,0.0,0,72161600
2020-02-04,35.45000076293945,36.54999923706055,35.349998474121094,35.79999923706055,152338,0.0,0,72161600
2020-02-05,35.79999923706055,36.79999923706055,35.20000076293945,35.54999923706055,150232,0.0,0,72161600
2020-02-06,35.849998474121094,36.900001525878906,35.650001525878906,36.54999923706055,189244,0.0,0,72161600
2020-02-07,36.650001525878906,36.84999847412109,35.849998474121094,35.900001525878906,69221,0.0,0,72161600
2020-02-10,37.45000076293945,40.5,36.34999847412109,38.5,971108,0.0,0,72161600
2020-02-11,38.79999923706055,39.75,37.650001525878906,37.95000076293945,151899,0.0,0,72161600
2020-02-12,38.09999847412109,38.29999923706055,37.09999847412109,37.34999847412109,69236,0.0,0,72161600
2020-02-13,37.400001525878906,38.0,36.45000076293945,37.5,89036,0.0,0,72161600
2020-02-14,37.84999847412109,38.70000076293945,37.0,37.29999923706055,89844,0.0,0,72161600
2020-02-17,43.400001525878906,44.75,42.150001525878906,44.20000076293945,2474558,0.0,0,72161600
2020-02-18,43.34999847412109,43.5,39.70000076293945,41.04999923706055,559627,0.0,0,72161600
2020-02-19,41.20000076293945,41.650001525878906,37.59999847412109,40.0,742102,0.0,0,72161600
2020-02-20,39.5,41.54999923706055,39.5,39.84999847412109,273533,0.0,0,72161600
2020-02-24,39.09999847412109,39.650001525878906,37.900001525878906,38.04999923706055,165242,0.0,0,72161600
2020-02-25,38.54999923706055,38.95000076293945,37.150001525878906,37.70000076293945,223192,0.0,0,72161600
2020-02-26,37.25,40.70000076293945,37.20000076293945,38.20000076293945,582031,0.0,0,72161600
2020-02-27,38.5,38.5,36.650001525878906,37.59999847412109,193312,0.0,0,72161600
2020-02-28,36.59999847412109,36.59999847412109,34.29999923706055,34.650001525878906,193219,0.0,0,72161600
2020-03-02,36.70000076293945,36.70000076293945,34.0,34.20000076293945,190064,0.0,0,72161600
2020-03-03,35.25,35.25,29.600000381469727,32.04999923706055,215557,0.0,0,72161600
2020-03-04,32.79999923706055,33.95000076293945,31.850000381469727,32.45000076293945,180921,0.0,0,72161600
2020-03-05,32.900001525878906,34.0,31.600000381469727,32.099998474121094,103303,0.0,0,72161600
2020-03-06,30.0,31.200000762939453,29.049999237060547,29.799999237060547,190172,0.0,0,72161600
2020-03-09,29.5,29.5,27.600000381469727,28.700000762939453,133703,0.0,0,72161600
2020-03-11,28.75,29.5,28.200000762939453,28.649999618530277,113630,0.0,0,72161600
2020-03-12,28.0,28.0,23.149999618530277,24.549999237060547,206291,0.0,0,72161600
2020-03-13,23.200000762939453,27.399999618530277,20.149999618530277,26.149999618530277,168437,0.0,0,72161600
2020-03-16,26.149999618530277,26.799999237060547,23.5,24.25,153831,0.0,0,72161600
2020-03-17,24.350000381469727,25.799999237060547,23.399999618530277,23.899999618530277,140356,0.0,0,72161600
2020-03-18,24.600000381469727,24.600000381469727,21.0,22.0,163773,0.0,0,72161600
2020-03-19,21.899999618530277,21.899999618530277,20.100000381469727,20.549999237060547,112852,0.0,0,72161600
2020-03-20,21.600000381469727,21.950000762939453,20.299999237060547,21.649999618530277,95262,0.0,0,72161600
2020-03-23,20.0,20.600000381469727,19.5,19.75,70038,0.0,0,72161600
2020-03-24,20.450000762939453,21.0,19.0,20.149999618530277,37640,0.0,0,72161600
2020-03-25,20.450000762939453,21.0,19.299999237060547,19.649999618530277,50256,0.0,0,72161600
2020-03-26,19.700000762939453,21.5,19.649999618530277,20.549999237060547,71002,0.0,0,72161600
2020-03-27,21.799999237060547,22.5,21.049999237060547,21.350000381469727,74678,0.0,0,72161600
2020-03-30,21.0,21.0,19.600000381469727,20.25,52074,0.0,0,72161600
2020-03-31,20.399999618530277,21.899999618530277,20.399999618530277,20.950000762939453,46808,0.0,0,72161600
2020-04-01,21.100000381469727,21.649999618530277,20.950000762939453,21.399999618530277,15322,0.0,0,72161600
2020-04-03,21.100000381469727,23.5,21.100000381469727,22.399999618530277,107898,0.0,0,72161600
2020-04-07,23.799999237060547,23.799999237060547,22.049999237060547,22.200000762939453,97382,0.0,0,72161600
2020-04-08,22.100000381469727,22.850000381469727,20.950000762939453,21.100000381469727,172282,0.0,0,72161600
2020-04-09,22.149999618530277,22.25,20.850000381469727,21.450000762939453,358955,0.0,0,72161600
2020-04-13,21.950000762939453,23.350000381469727,21.149999618530277,22.649999618530277,172527,0.0,0,72161600
2020-04-15,23.399999618530277,24.5,22.399999618530277,22.549999237060547,311147,0.0,0,72161600
2020-04-16,22.799999237060547,23.700000762939453,21.850000381469727,21.950000762939453,378312,0.0,0,72161600
2020-04-17,22.799999237060547,24.799999237060547,22.649999618530277,24.450000762939453,415552,0.0,0,72161600
2020-04-20,24.899999618530277,26.25,24.25,24.799999237060547,467514,0.0,0,72161600
2020-04-21,24.799999237060547,25.100000381469727,23.5,23.75,228209,0.0,0,72161600
2020-04-22,23.950000762939453,24.75,23.600000381469727,24.0,184681,0.0,0,72161600
2020-04-23,24.600000381469727,24.75,23.649999618530277,24.149999618530277,186911,0.0,0,72161600
2020-04-24,23.600000381469727,24.549999237060547,23.149999618530277,23.549999237060547,190316,0.0,0,72161600
2020-04-27,23.950000762939453,24.600000381469727,23.950000762939453,24.200000762939453,91838,0.0,0,72161600
2020-04-28,24.0,24.700000762939453,23.950000762939453,24.100000381469727,60837,0.0,0,72161600
2020-04-29,24.450000762939453,24.5,24.0,24.200000762939453,84010,0.0,0,72161600
2020-04-30,24.5,25.5,24.450000762939453,24.75,175431,0.0,0,72161600
2020-05-04,24.0,24.0,22.799999237060547,23.350000381469727,95521,0.0,0,72161600
2020-05-05,23.600000381469727,24.450000762939453,23.049999237060547,23.25,54056,0.0,0,72161600
2020-05-06,23.5,23.850000381469727,22.649999618530277,23.100000381469727,76605,0.0,0,72161600
2020-05-07,23.700000762939453,23.700000762939453,22.700000762939453,23.450000762939453,98891,0.0,0,72161600
2020-05-08,24.100000381469727,24.100000381469727,22.799999237060547,23.049999237060547,57373,0.0,0,72161600
2020-05-11,23.200000762939453,23.700000762939453,22.799999237060547,23.049999237060547,65916,0.0,0,72161600
2020-05-12,22.700000762939453,22.950000762939453,21.850000381469727,22.149999618530277,104232,0.0,0,72161600
2020-05-13,23.0,23.399999618530277,22.700000762939453,23.200000762939453,91235,0.0,0,72161600
2020-05-14,23.200000762939453,27.799999237060547,22.799999237060547,26.5,2083397,0.0,0,72161600
2020-05-15,27.25,31.5,26.899999618530277,27.549999237060547,934207,0.0,0,72161600
2020-05-18,27.600000381469727,29.25,25.0,25.399999618530277,178655,0.0,0,72161600
2020-05-19,26.0,26.799999237060547,24.0,24.450000762939453,149613,0.0,0,72161600
2020-05-20,24.600000381469727,25.149999618530277,24.149999618530277,24.899999618530277,116399,0.0,0,72161600
2020-05-21,25.100000381469727,26.299999237060547,24.850000381469727,25.100000381469727,101953,0.0,0,72161600
2020-05-22,25.200000762939453,25.700000762939453,24.350000381469727,24.75,111136,0.0,0,72161600
2020-05-26,25.5,25.5,24.549999237060547,24.75,52393,0.0,0,72161600
2020-05-27,24.799999237060547,25.149999618530277,24.25,24.75,73640,0.0,0,72161600
2020-05-28,25.0,25.5,24.850000381469727,25.200000762939453,127491,0.0,0,72161600
2020-05-29,25.200000762939453,26.799999237060547,24.899999618530277,26.049999237060547,188867,0.0,0,72161600
2020-06-01,26.649999618530277,29.0,26.25,27.549999237060547,459880,0.0,0,72161600
2020-06-02,27.600000381469727,28.299999237060547,27.200000762939453,27.899999618530277,126620,0.0,0,72161600
2020-06-03,28.450000762939453,32.0,28.25,30.350000381469727,876787,0.0,0,72161600
2020-06-04,30.399999618530277,31.649999618530277,30.149999618530277,30.950000762939453,332491,0.0,0,72161600
2020-06-05,31.450000762939453,32.150001525878906,30.75,31.0,232237,0.0,0,72161600
2020-06-08,31.799999237060547,33.29999923706055,31.200000762939453,31.799999237060547,375842,0.0,0,72161600
2020-06-09,32.29999923706055,32.5,28.75,30.049999237060547,195350,0.0,0,72161600
2020-06-10,29.5,31.799999237060547,29.5,30.25,138176,0.0,0,72161600
2020-06-11,30.950000762939453,31.850000381469727,30.100000381469727,30.5,138760,0.0,0,72161600
2020-06-12,27.75,30.5,27.75,30.25,95716,0.0,0,72161600
2020-06-15,29.299999237060547,31.5,29.299999237060547,30.75,72050,0.0,0,72161600
2020-06-16,31.5,33.20000076293945,30.100000381469727,31.25,210763,0.0,0,72161600
2020-06-17,30.200000762939453,31.799999237060547,30.200000762939453,30.450000762939453,84327,0.0,0,72161600
2020-06-18,30.950000762939453,36.5,30.799999237060547,36.5,945238,0.0,0,72161600
2020-06-19,38.5,40.0,33.599998474121094,35.70000076293945,1114079,0.0,0,72161600
2020-06-22,36.20000076293945,36.79999923706055,34.599998474121094,35.400001525878906,267020,0.0,0,72161600
2020-06-23,36.0,39.0,35.29999923706055,37.400001525878906,554439,0.0,0,72161600
2020-06-24,41.45000076293945,42.0,38.59999847412109,39.900001525878906,1073160,0.0,0,72161600
2020-06-25,40.0,41.5,39.0,39.95000076293945,546786,0.0,0,72161600
2020-06-26,40.0,40.70000076293945,36.70000076293945,39.04999923706055,248197,0.0,0,72161600
2020-06-29,39.04999923706055,39.95000076293945,37.70000076293945,39.25,227714,0.0,0,72161600
2020-06-30,39.70000076293945,40.5,34.29999923706055,34.79999923706055,658637,0.0,0,72161600
2020-07-01,34.5,34.849998474121094,32.54999923706055,33.29999923706055,414743,0.0,0,72161600
2020-07-02,33.29999923706055,34.900001525878906,33.0,34.45000076293945,262452,0.0,0,72161600
2020-07-03,34.70000076293945,41.29999923706055,33.5,41.29999923706055,2796621,0.0,0,72161600
2020-07-06,44.95000076293945,49.54999923706055,41.5,49.54999923706055,4537308,0.0,0,72161600
2020-07-07,52.400001525878906,59.45000076293945,51.150001525878906,59.45000076293945,4512832,0.0,0,72161600
2020-07-08,63.95000076293945,65.3499984741211,53.59999847412109,54.400001525878906,6001416,0.0,0,72161600
2020-07-09,52.25,56.0,51.04999923706055,52.34999847412109,1106250,0.0,0,72161600
2020-07-10,52.75,55.0,52.25,53.54999923706055,930836,0.0,0,72161600
2020-07-13,54.5,54.79999923706055,50.29999923706055,50.95000076293945,447783,0.0,0,72161600
2020-07-14,50.5,50.5,45.900001525878906,46.54999923706055,613642,0.0,0,72161600
2020-07-15,46.20000076293945,48.400001525878906,45.0,45.45000076293945,450743,0.0,0,72161600
2020-07-16,45.45000076293945,45.5,43.20000076293945,43.20000076293945,46840,0.0,0,72161600
2020-07-17,41.04999923706055,45.34999847412109,41.04999923706055,45.29999923706055,216788,0.0,0,72161600
2020-07-20,46.84999847412109,46.900001525878906,43.04999923706055,44.150001525878906,103503,0.0,0,72161600
2020-07-21,44.150001525878906,44.5,41.95000076293945,42.54999923706055,120825,0.0,0,72161600
2020-07-22,42.900001525878906,43.04999923706055,40.54999923706055,41.54999923706055,84995,0.0,0,72161600
2020-07-23,41.04999923706055,42.0,40.5,41.04999923706055,70925,0.0,0,72161600
2020-07-24,40.5,40.900001525878906,39.20000076293945,39.79999923706055,92020,0.0,0,72161600
2020-07-27,39.75,39.75,37.84999847412109,37.95000076293945,99316,0.0,0,72161600
2020-07-28,37.09999847412109,37.59999847412109,36.25,36.79999923706055,83940,0.0,0,72161600
2020-07-29,37.0,38.59999847412109,36.04999923706055,38.59999847412109,93949,0.0,0,72161600
2020-07-30,38.59999847412109,40.5,38.59999847412109,39.79999923706055,99544,0.0,0,72161600
2020-07-31,38.54999923706055,41.59999847412109,38.54999923706055,39.70000076293945,63303,0.0,0,72161600
2020-08-03,40.79999923706055,40.79999923706055,38.45000076293945,38.95000076293945,39635,0.0,0,72161600
2020-08-04,38.5,40.0,37.09999847412109,39.0,61096,0.0,0,72161600
2020-08-05,39.0,40.0,38.59999847412109,38.79999923706055,45810,0.0,0,72161600
2020-08-06,39.04999923706055,40.70000076293945,38.29999923706055,40.70000076293945,112548,0.0,0,72161600
2020-08-07,42.0,42.0,39.29999923706055,40.650001525878906,39942,0.0,0,72161600
2020-08-10,41.54999923706055,41.54999923706055,39.0,39.54999923706055,88972,0.0,0,72161600
2020-08-11,39.400001525878906,40.59999847412109,39.04999923706055,39.75,78449,0.0,0,72161600
2020-08-12,40.34999847412109,40.34999847412109,39.09999847412109,39.79999923706055,28078,0.0,0,72161600
2020-08-13,40.0,40.20000076293945,39.09999847412109,39.79999923706055,68358,0.0,0,72161600
2020-08-14,40.70000076293945,41.75,40.70000076293945,41.75,106150,0.0,0,72161600
2020-08-17,43.5,43.5,41.25,41.70000076293945,58720,0.0,0,72161600
2020-08-18,41.79999923706055,43.34999847412109,41.54999923706055,42.29999923706055,91756,0.0,0,72161600
2020-08-19,42.400001525878906,44.400001525878906,41.84999847412109,44.400001525878906,215716,0.0,0,72161600
2020-08-20,44.5,45.900001525878906,43.25,44.29999923706055,225612,0.0,0,72161600
2020-08-21,45.650001525878906,45.650001525878906,44.0,44.20000076293945,95789,0.0,0,72161600
2020-08-24,44.04999923706055,44.95000076293945,42.20000076293945,42.400001525878906,161923,0.0,0,72161600
2020-08-25,41.95000076293945,43.20000076293945,40.900001525878906,41.29999923706055,115188,0.0,0,72161600
2020-08-26,42.0,43.34999847412109,41.54999923706055,43.34999847412109,160855,0.0,0,72161600
2020-08-27,44.0,44.70000076293945,43.0,43.5,118320,0.0,0,72161600
2020-08-28,43.84999847412109,43.900001525878906,42.0,43.20000076293945,103797,0.0,0,72161600
2020-08-31,43.400001525878906,43.400001525878906,41.04999923706055,41.04999923706055,81508,0.0,0,72161600
2020-09-01,39.5,41.20000076293945,39.20000076293945,39.70000076293945,42959,0.0,0,72161600
2020-09-02,39.70000076293945,40.650001525878906,39.70000076293945,40.09999847412109,37536,0.0,0,72161600
2020-09-03,40.09999847412109,40.5,38.45000076293945,39.45000076293945,135643,0.0,0,72161600
2020-09-04,38.79999923706055,41.400001525878906,38.150001525878906,40.20000076293945,103962,0.0,0,72161600
2020-09-07,39.59999847412109,41.400001525878906,39.09999847412109,39.45000076293945,152753,0.0,0,72161600
2020-09-08,39.900001525878906,40.900001525878906,38.34999847412109,38.900001525878906,166913,0.0,0,72161600
2020-09-09,38.25,38.45000076293945,37.5,37.84999847412109,84018,0.0,0,72161600
2020-09-10,38.84999847412109,39.25,37.900001525878906,38.400001525878906,75117,0.0,0,72161600
2020-09-11,38.900001525878906,40.25,38.29999923706055,39.54999923706055,124449,0.0,0,72161600
2020-09-14,38.400001525878906,38.5,37.59999847412109,37.59999847412109,229764,0.0,0,72161600
2020-09-15,37.400001525878906,38.150001525878906,37.04999923706055,37.84999847412109,40387,0.0,0,72161600
2020-09-16,37.59999847412109,38.54999923706055,37.34999847412109,37.70000076293945,81345,0.0,0,72161600
2020-09-17,37.5,38.150001525878906,36.75,37.09999847412109,130711,0.0,0,72161600
2020-09-18,37.09999847412109,37.95000076293945,36.900001525878906,37.29999923706055,72870,0.0,0,72161600
2020-09-21,37.150001525878906,37.79999923706055,35.45000076293945,35.45000076293945,97010,0.0,0,72161600
2020-09-22,35.45000076293945,35.900001525878906,33.70000076293945,33.70000076293945,72290,0.0,0,72161600
2020-09-23,33.54999923706055,34.599998474121094,33.20000076293945,33.70000076293945,36381,0.0,0,72161600
2020-09-24,33.099998474121094,33.5,32.20000076293945,32.400001525878906,95341,0.0,0,72161600
2020-09-25,32.45000076293945,33.95000076293945,32.150001525878906,33.54999923706055,43417,0.0,0,72161600
2020-09-28,32.650001525878906,35.0,32.650001525878906,34.79999923706055,48120,0.0,0,72161600
2020-09-29,34.25,35.650001525878906,34.25,34.849998474121094,38275,0.0,0,72161600
2020-09-30,35.79999923706055,35.79999923706055,33.70000076293945,34.20000076293945,154235,0.0,0,72161600
2020-10-01,33.5,35.20000076293945,33.5,34.04999923706055,63296,0.0,0,72161600
2020-10-05,35.0,35.0,32.75,33.099998474121094,111260,0.0,0,72161600
2020-10-06,34.0,34.75,33.29999923706055,34.0,72413,0.0,0,72161600
2020-10-07,34.04999923706055,35.20000076293945,33.400001525878906,34.5,81584,0.0,0,72161600
2020-10-08,34.75,35.599998474121094,33.54999923706055,33.79999923706055,116569,0.0,0,72161600
2020-10-09,34.0,34.54999923706055,33.45000076293945,33.599998474121094,31347,0.0,0,72161600
2020-10-12,33.20000076293945,34.70000076293945,32.650001525878906,33.54999923706055,54816,0.0,0,72161600
2020-10-13,34.25,34.25,32.900001525878906,33.45000076293945,50415,0.0,0,72161600
2020-10-14,33.400001525878906,34.54999923706055,32.599998474121094,33.54999923706055,132959,0.0,0,72161600
2020-10-15,33.54999923706055,34.099998474121094,32.29999923706055,32.5,55250,0.0,0,72161600
2020-10-16,32.599998474121094,33.79999923706055,32.04999923706055,33.400001525878906,29989,0.0,0,72161600
2020-10-19,34.25,34.25,33.150001525878906,33.45000076293945,102194,0.0,0,72161600
2020-10-20,33.150001525878906,34.5,32.599998474121094,33.04999923706055,39769,0.0,0,72161600
2020-10-21,33.849998474121094,34.849998474121094,31.25,32.650001525878906,89331,0.0,0,72161600
2020-10-22,32.900001525878906,33.400001525878906,32.650001525878906,33.25,30154,0.0,0,72161600
2020-10-23,33.54999923706055,34.70000076293945,33.54999923706055,34.04999923706055,44375,0.0,0,72161600
2020-10-26,34.0,34.25,32.5,32.849998474121094,69994,0.0,0,72161600
2020-10-27,32.5,34.20000076293945,32.5,33.5,82987,0.0,0,72161600
2020-10-28,34.150001525878906,34.150001525878906,32.400001525878906,32.650001525878906,38876,0.0,0,72161600
2020-10-29,32.650001525878906,33.400001525878906,31.5,32.20000076293945,78686,0.0,0,72161600
2020-10-30,32.599998474121094,32.95000076293945,31.700000762939453,32.099998474121094,23820,0.0,0,72161600
2020-11-02,31.700000762939453,33.150001525878906,30.799999237060547,31.799999237060547,109131,0.0,0,72161600
2020-11-03,31.600000381469727,32.25,31.600000381469727,31.700000762939453,11634,0.0,0,72161600
2020-11-04,31.700000762939453,32.70000076293945,31.5,31.700000762939453,55273,0.0,0,72161600
2020-11-05,32.20000076293945,32.5,31.049999237060547,31.299999237060547,91162,0.0,0,72161600
2020-11-06,32.0,32.0,31.600000381469727,31.899999618530277,27139,0.0,0,72161600
2020-11-09,32.0,33.400001525878906,31.950000762939453,32.150001525878906,99448,0.0,0,72161600
2020-11-10,32.0,33.400001525878906,32.0,32.849998474121094,70541,0.0,0,72161600
2020-11-11,33.20000076293945,34.599998474121094,32.5,33.349998474121094,159721,0.0,0,72161600
2020-11-12,33.0,33.04999923706055,31.600000381469727,32.099998474121094,138286,0.0,0,72161600
2020-11-13,32.75,33.20000076293945,32.150001525878906,32.849998474121094,78377,0.0,0,72161600
2020-11-14,34.29999923706055,34.29999923706055,32.599998474121094,33.20000076293945,17922,0.0,0,72161600
2020-11-17,35.0,36.5,34.599998474121094,36.5,537767,0.0,0,72161600
2020-11-18,36.900001525878906,37.0,35.25,35.54999923706055,130303,0.0,0,72161600
2020-11-19,35.54999923706055,37.70000076293945,35.150001525878906,35.400001525878906,182567,0.0,0,72161600
2020-11-20,35.45000076293945,36.5,34.5,34.849998474121094,116809,0.0,0,72161600
2020-11-23,34.849998474121094,36.5,34.849998474121094,35.25,136753,0.0,0,72161600
2020-11-24,35.650001525878906,36.0,35.0,35.650001525878906,63418,0.0,0,72161600
2020-11-25,35.849998474121094,36.20000076293945,34.20000076293945,34.650001525878906,92810,0.0,0,72161600
2020-11-26,35.400001525878906,37.150001525878906,34.70000076293945,35.95000076293945,258467,0.0,0,72161600
2020-11-27,35.95000076293945,38.45000076293945,35.5,37.5,305582,0.0,0,72161600
2020-12-01,37.79999923706055,41.25,37.54999923706055,41.25,693840,0.0,0,72161600
2020-12-02,42.0,42.400001525878906,38.25,38.70000076293945,450253,0.0,0,72161600
2020-12-03,40.900001525878906,42.54999923706055,39.09999847412109,42.0,508796,0.0,0,72161600
2020-12-04,45.09999847412109,46.20000076293945,43.70000076293945,44.45000076293945,1369831,0.0,0,72161600
2020-12-07,46.400001525878906,51.70000076293945,46.29999923706055,50.84999847412109,1346151,0.0,0,72161600
2020-12-08,51.45000076293945,59.45000076293945,50.150001525878906,54.900001525878906,2656705,0.0,0,72161600
2020-12-09,54.0,54.04999923706055,51.0,51.25,430994,0.0,0,72161600
2020-12-10,50.09999847412109,51.0,48.25,48.650001525878906,257309,0.0,0,72161600
2020-12-11,48.70000076293945,52.45000076293945,48.70000076293945,49.79999923706055,231088,0.0,0,72161600
2020-12-14,51.34999847412109,55.400001525878906,48.79999923706055,53.45000076293945,438875,0.0,0,72161600
2020-12-15,55.900001525878906,57.400001525878906,53.5,54.34999847412109,1033288,0.0,0,72161600
2020-12-16,54.29999923706055,55.45000076293945,52.70000076293945,52.95000076293945,168139,0.0,0,72161600
2020-12-17,53.900001525878906,53.900001525878906,50.34999847412109,50.70000076293945,91783,0.0,0,72161600
2020-12-18,50.900001525878906,51.0,48.20000076293945,49.20000076293945,108882,0.0,0,72161600
2020-12-21,49.0,49.900001525878906,46.75,46.75,86915,0.0,0,72161600
2020-12-22,45.0,46.400001525878906,44.45000076293945,45.75,65611,0.0,0,72161600
2020-12-23,45.5,48.0,45.09999847412109,47.84999847412109,54764,0.0,0,72161600
2020-12-24,49.0,49.5,46.5,46.84999847412109,57870,0.0,0,72161600
2020-12-28,47.900001525878906,48.5,46.5,47.09999847412109,56430,0.0,0,72161600
2020-12-29,47.09999847412109,48.0,46.400001525878906,46.79999923706055,36944,0.0,0,72161600
2020-12-30,47.0,47.45000076293945,46.0,46.54999923706055,26710,0.0,0,72161600
2020-12-31,46.04999923706055,47.5,46.0,47.04999923706055,37887,0.0,0,72161600
2021-01-01,47.84999847412109,48.0,46.09999847412109,46.95000076293945,55758,0.0,0,72161600
2021-01-04,47.5,48.0,47.0,47.34999847412109,61370,0.0,0,72161600
2021-01-05,47.59999847412109,47.70000076293945,46.34999847412109,47.25,53366,0.0,0,72161600
2021-01-06,44.900001525878906,48.0,44.900001525878906,46.84999847412109,68317,0.0,0,72161600
2021-01-07,46.45000076293945,47.79999923706055,46.45000076293945,46.79999923706055,49588,0.0,0,72161600
2021-01-08,47.0,47.650001525878906,46.09999847412109,46.70000076293945,54752,0.0,0,72161600
2021-01-11,45.79999923706055,46.95000076293945,45.20000076293945,46.04999923706055,43156,0.0,0,72161600
2021-01-12,45.54999923706055,46.900001525878906,45.09999847412109,46.09999847412109,50168,0.0,0,72161600
2021-01-13,46.84999847412109,46.84999847412109,45.5,45.59999847412109,36036,0.0,0,72161600
2021-01-14,46.20000076293945,46.20000076293945,45.0,45.79999923706055,30393,0.0,0,72161600
2021-01-15,46.0,46.29999923706055,45.0,45.04999923706055,25528,0.0,0,72161600
2021-01-18,45.04999923706055,45.95000076293945,43.54999923706055,43.95000076293945,29773,0.0,0,72161600
2021-01-19,43.95000076293945,44.900001525878906,43.5,44.59999847412109,26552,0.0,0,72161600
2021-01-20,44.0,44.54999923706055,43.5,44.0,31432,0.0,0,72161600
2021-01-21,44.0,45.0,43.45000076293945,43.650001525878906,38339,0.0,0,72161600
2021-01-22,43.0,44.900001525878906,42.150001525878906,43.0,50779,0.0,0,72161600
2021-01-25,42.900001525878906,44.5,42.0,42.25,15658,0.0,0,72161600
2021-01-27,41.70000076293945,41.79999923706055,40.150001525878906,40.54999923706055,38842,0.0,0,72161600
2021-01-28,40.20000076293945,41.900001525878906,40.150001525878906,40.79999923706055,25454,0.0,0,72161600
2021-01-29,41.95000076293945,42.45000076293945,41.0,41.400001525878906,20438,0.0,0,72161600
2021-02-01,41.79999923706055,42.900001525878906,41.09999847412109,42.29999923706055,29825,0.0,0,72161600
2021-02-02,42.900001525878906,44.400001525878906,42.900001525878906,44.25,59935,0.0,0,72161600
2021-02-03,44.84999847412109,46.45000076293945,44.0,46.04999923706055,86733,0.0,0,72161600
2021-02-04,46.0,46.900001525878906,45.0,45.900001525878906,72851,0.0,0,72161600
2021-02-05,46.70000076293945,47.09999847412109,44.5,44.650001525878906,78074,0.0,0,72161600
2021-02-08,44.650001525878906,45.95000076293945,43.150001525878906,44.45000076293945,115601,0.0,0,72161600
2021-02-09,44.5,45.70000076293945,44.25,44.54999923706055,42305,0.0,0,72161600
2021-02-10,44.79999923706055,44.900001525878906,43.20000076293945,44.150001525878906,75178,0.0,0,72161600
2021-02-11,43.54999923706055,46.79999923706055,43.20000076293945,44.79999923706055,188213,0.0,0,72161600
2021-02-12,45.400001525878906,45.79999923706055,43.70000076293945,43.84999847412109,81439,0.0,0,72161600
2021-02-15,43.79999923706055,43.79999923706055,41.5,41.75,122704,0.0,0,72161600
2021-02-16,41.79999923706055,42.900001525878906,41.150001525878906,41.45000076293945,60165,0.0,0,72161600
2021-02-17,41.54999923706055,43.650001525878906,41.20000076293945,41.900001525878906,68041,0.0,0,72161600
2021-02-18,42.70000076293945,45.34999847412109,41.25,44.59999847412109,256849,0.0,0,72161600
2021-02-19,44.09999847412109,45.59999847412109,42.34999847412109,43.400001525878906,166761,0.0,0,72161600
2021-02-22,43.5,44.20000076293945,41.79999923706055,41.95000076293945,166486,0.0,0,72161600
2021-02-23,42.70000076293945,42.79999923706055,41.59999847412109,41.84999847412109,47198,0.0,0,72161600
2021-02-24,41.54999923706055,42.900001525878906,40.75,41.84999847412109,53995,0.0,0,72161600
2021-02-25,42.09999847412109,46.0,42.09999847412109,46.0,309412,0.0,0,72161600
2021-02-26,45.09999847412109,49.0,43.29999923706055,45.900001525878906,705948,0.0,0,72161600
2021-03-01,46.5,49.0,46.0,46.84999847412109,388102,0.0,0,72161600
2021-03-02,46.75,47.70000076293945,45.45000076293945,46.25,269797,0.0,0,72161600
2021-03-03,46.70000076293945,47.5,46.09999847412109,46.29999923706055,125666,0.0,0,72161600
2021-03-04,46.400001525878906,48.5,46.29999923706055,46.900001525878906,216693,0.0,0,72161600
2021-03-05,46.900001525878906,47.900001525878906,45.04999923706055,45.400001525878906,98078,0.0,0,72161600
2021-03-08,46.0,47.29999923706055,45.54999923706055,45.900001525878906,83360,0.0,0,72161600
2021-03-09,46.650001525878906,46.70000076293945,43.79999923706055,44.29999923706055,118298,0.0,0,72161600
2021-03-10,44.5,45.5,44.5,44.79999923706055,65609,0.0,0,72161600
2021-03-12,45.70000076293945,49.25,45.650001525878906,49.09999847412109,990301,0.0,0,72161600
2021-03-15,49.79999923706055,52.5,48.150001525878906,51.59999847412109,1080036,0.0,0,72161600
2021-03-16,52.0,53.45000076293945,49.04999923706055,49.34999847412109,337359,0.0,0,72161600
2021-03-17,49.75,49.75,45.04999923706055,46.29999923706055,199996,0.0,0,72161600
2021-03-18,46.70000076293945,48.5,45.5,46.29999923706055,159813,0.0,0,72161600
2021-03-19,45.09999847412109,45.95000076293945,43.650001525878906,45.70000076293945,118520,0.0,0,72161600
2021-03-22,45.70000076293945,48.20000076293945,45.5,46.95000076293945,141237,0.0,0,72161600
2021-03-23,47.25,47.900001525878906,45.75,46.04999923706055,71018,0.0,0,72161600
2021-03-24,46.400001525878906,47.0,43.84999847412109,44.25,80797,0.0,0,72161600
2021-03-25,44.29999923706055,45.84999847412109,42.5,42.84999847412109,181895,0.0,0,72161600
2021-03-26,43.0,44.75,42.25,42.59999847412109,82794,0.0,0,72161600
2021-03-30,42.59999847412109,43.900001525878906,42.59999847412109,43.09999847412109,73492,0.0,0,72161600
2021-03-31,42.84999847412109,45.5,42.75,43.650001525878906,74038,0.0,0,72161600
2021-04-01,43.75,45.5,43.75,45.25,80955,0.0,0,72161600
2021-04-05,44.34999847412109,45.29999923706055,42.900001525878906,43.59999847412109,102150,0.0,0,72161600
2021-04-06,43.25,44.84999847412109,43.25,43.59999847412109,44114,0.0,0,72161600
2021-04-07,43.59999847412109,44.45000076293945,43.5,43.70000076293945,57000,0.0,0,72161600
2021-04-08,44.59999847412109,46.400001525878906,44.59999847412109,45.29999923706055,155040,0.0,0,72161600
2021-04-09,46.0,50.900001525878906,41.0,48.59999847412109,690538,0.0,0,72161600
2021-04-12,47.650001525878906,47.650001525878906,44.0,44.34999847412109,218336,0.0,0,72161600
2021-04-13,44.5,46.70000076293945,44.20000076293945,45.5,165173,0.0,0,72161600
2021-04-15,44.79999923706055,45.09999847412109,43.5,44.04999923706055,86893,0.0,0,72161600
2021-04-16,44.75,45.95000076293945,43.59999847412109,44.34999847412109,125766,0.0,0,72161600
2021-04-19,44.09999847412109,44.09999847412109,42.04999923706055,42.25,98698,0.0,0,72161600
2021-04-20,42.54999923706055,43.75,41.150001525878906,41.900001525878906,174070,0.0,0,72161600
2021-04-22,42.79999923706055,42.900001525878906,41.79999923706055,42.29999923706055,60461,0.0,0,72161600
2021-04-23,42.75,44.70000076293945,42.150001525878906,43.400001525878906,189118,0.0,0,72161600
2021-04-26,43.5,52.04999923706055,43.20000076293945,52.04999923706055,3868512,0.0,0,72161600
2021-04-27,51.900001525878906,51.900001525878906,47.20000076293945,47.59999847412109,1041424,0.0,0,72161600
2021-04-28,47.70000076293945,49.900001525878906,46.150001525878906,46.650001525878906,391751,0.0,0,72161600
2021-04-29,47.79999923706055,47.79999923706055,45.59999847412109,45.79999923706055,192152,0.0,0,72161600
2021-04-30,45.75,48.0,44.79999923706055,45.900001525878906,462425,0.0,0,72161600
2021-05-03,45.400001525878906,47.25,45.0,46.79999923706055,187656,0.0,0,72161600
2021-05-04,47.0,48.25,45.25,45.650001525878906,251042,0.0,0,72161600
2021-05-05,46.09999847412109,47.400001525878906,44.95000076293945,45.70000076293945,198901,0.0,0,72161600
2021-05-06,46.29999923706055,47.5,45.5,46.79999923706055,212655,0.0,0,72161600
2021-05-07,47.29999923706055,47.75,46.0,46.79999923706055,148586,0.0,0,72161600
2021-05-10,47.0,51.09999847412109,47.0,49.45000076293945,743192,0.0,0,72161600
2021-05-11,49.0,54.54999923706055,48.34999847412109,51.04999923706055,1590222,0.0,0,72161600
2021-05-12,51.650001525878906,57.5,49.5,55.150001525878906,1817375,0.0,0,72161600
2021-05-14,56.0,58.25,53.54999923706055,55.25,817486,0.0,0,72161600
2021-05-17,59.0,63.5,57.5,60.0,3003900,0.0,0,72161600
2021-05-18,61.150001525878906,61.45000076293945,57.25,57.75,696082,0.0,0,72161600
2021-05-19,57.400001525878906,59.79999923706055,55.84999847412109,57.54999923706055,614852,0.0,0,72161600
2021-05-20,58.34999847412109,58.34999847412109,56.5,56.900001525878906,226366,0.0,0,72161600
2021-05-21,57.900001525878906,59.95000076293945,57.04999923706055,57.400001525878906,317523,0.0,0,72161600
2021-05-24,58.0,58.0,56.20000076293945,56.70000076293945,213877,0.0,0,72161600
2021-05-25,57.20000076293945,57.84999847412109,55.34999847412109,56.25,169522,0.0,0,72161600
2021-05-26,56.900001525878906,63.45000076293945,56.70000076293945,61.79999923706055,1980398,0.0,0,72161600
2021-05-27,62.400001525878906,64.5999984741211,60.79999923706055,62.34999847412109,915750,0.0,0,72161600
2021-05-28,62.150001525878906,62.900001525878906,58.59999847412109,58.79999923706055,374856,0.0,0,72161600
2021-05-31,58.95000076293945,62.70000076293945,58.0,60.70000076293945,666640,0.0,0,72161600
2021-06-01,60.95000076293945,61.0,57.79999923706055,58.150001525878906,293102,0.0,0,72161600
2021-06-02,58.95000076293945,66.1500015258789,58.95000076293945,64.4000015258789,1933367,0.0,0,72161600
2021-06-03,65.5,65.80000305175781,62.09999847412109,62.70000076293945,609092,0.0,0,72161600
2021-06-04,62.34999847412109,64.5,61.84999847412109,62.150001525878906,318766,0.0,0,72161600
2021-06-07,62.59999847412109,65.69999694824219,62.25,64.0999984741211,662307,0.0,0,72161600
2021-06-08,64.6500015258789,66.5,63.5,64.19999694824219,733135,0.0,0,72161600
2021-06-09,64.80000305175781,71.69999694824219,64.0,66.94999694824219,2875515,0.0,0,72161600
2021-06-10,67.69999694824219,76.5,67.05000305175781,73.1500015258789,2459889,0.0,0,72161600
2021-06-11,73.75,75.30000305175781,70.19999694824219,70.80000305175781,626191,0.0,0,72161600
2021-06-14,71.25,71.69999694824219,64.25,67.5999984741211,596918,0.0,0,72161600
2021-06-15,68.0999984741211,69.9000015258789,67.5,67.9000015258789,284131,0.0,0,72161600
2021-06-16,68.5999984741211,72.4000015258789,66.0999984741211,69.9000015258789,830512,0.0,0,72161600
2021-06-17,68.55000305175781,72.1500015258789,68.55000305175781,69.19999694824219,344109,0.0,0,72161600
2021-06-18,69.44999694824219,70.94999694824219,64.5,68.4000015258789,417388,0.0,0,72161600
2021-06-21,67.0,71.0,66.5,69.05000305175781,357990,0.0,0,72161600
2021-06-22,69.19999694824219,76.80000305175781,69.19999694824219,72.55000305175781,1177507,0.0,0,72161600
2021-06-23,74.05000305175781,74.80000305175781,71.69999694824219,72.19999694824219,380150,0.0,0,72161600
2021-06-24,72.0,75.0,70.0999984741211,70.94999694824219,316806,0.0,0,72161600
2021-06-25,71.5,72.9000015258789,69.69999694824219,70.05000305175781,243992,0.0,0,72161600
2021-06-28,70.05000305175781,71.9000015258789,69.44999694824219,70.69999694824219,203340,0.0,0,72161600
2021-06-29,70.69999694824219,75.30000305175781,69.5999984741211,73.3499984741211,673712,0.0,0,72161600
2021-06-30,73.6500015258789,73.94999694824219,65.5,67.0999984741211,1003750,0.0,0,72161600
2021-07-01,68.19999694824219,68.19999694824219,65.80000305175781,66.5999984741211,337523,0.0,0,72161600
2021-07-02,67.4000015258789,68.80000305175781,66.4000015258789,67.19999694824219,192187,0.0,0,72161600
2021-07-05,67.94999694824219,68.4000015258789,62.70000076293945,64.1500015258789,798060,0.0,0,72161600
2021-07-06,64.5999984741211,67.55000305175781,64.05000305175781,64.5999984741211,479292,0.0,0,72161600
2021-07-07,64.9000015258789,65.1500015258789,63.25,63.70000076293945,135475,0.0,0,72161600
2021-07-08,64.4000015258789,66.4000015258789,62.54999923706055,63.84999847412109,330271,0.0,0,72161600
2021-07-09,64.5,65.75,63.79999923706055,64.44999694824219,160890,0.0,0,72161600
2021-07-12,65.1500015258789,65.30000305175781,63.5,63.70000076293945,141192,0.0,0,72161600
2021-07-13,64.0,64.44999694824219,62.29999923706055,63.650001525878906,160455,0.0,0,72161600
2021-07-14,63.650001525878906,67.25,63.650001525878906,65.5999984741211,509625,0.0,0,72161600
2021-07-15,66.4000015258789,70.9000015258789,64.0999984741211,69.80000305175781,1140161,0.0,0,72161600
2021-07-16,70.80000305175781,71.5,67.19999694824219,67.5999984741211,418740,0.0,0,72161600
2021-07-19,67.3499984741211,69.0,65.5,66.0999984741211,278212,0.0,0,72161600
2021-07-20,66.0,66.5999984741211,63.09999847412109,64.1500015258789,199274,0.0,0,72161600
2021-07-22,65.30000305175781,69.5,64.5999984741211,67.8499984741211,368677,0.0,0,72161600
2021-07-23,68.4000015258789,68.94999694824219,65.5999984741211,66.0999984741211,159986,0.0,0,72161600
2021-07-26,66.0999984741211,68.80000305175781,65.19999694824219,66.19999694824219,161684,0.0,0,72161600
2021-07-27,66.6500015258789,67.30000305175781,64.0,65.05000305175781,131714,0.0,0,72161600
2021-07-28,65.69999694824219,65.80000305175781,62.70000076293945,63.75,132680,0.0,0,72161600
2021-07-29,64.5,67.44999694824219,64.05000305175781,65.55000305175781,183733,0.0,0,72161600
2021-07-30,66.5,66.5,64.0999984741211,64.30000305175781,62680,0.0,0,72161600
2021-08-02,64.0999984741211,65.75,64.0999984741211,64.5,114510,0.0,0,72161600
2021-08-03,65.0,65.4000015258789,64.25,64.44999694824219,47843,0.0,0,72161600
2021-08-04,64.5,65.4000015258789,61.29999923706055,61.650001525878906,174384,0.0,0,72161600
2021-08-05,61.650001525878906,62.20000076293945,58.20000076293945,59.70000076293945,147572,0.0,0,72161600
2021-08-06,59.70000076293945,61.900001525878906,59.54999923706055,60.34999847412109,84602,0.0,0,72161600
2021-08-09,60.0,60.0,54.79999923706055,56.04999923706055,226769,0.0,0,72161600
2021-08-10,56.09999847412109,57.150001525878906,52.20000076293945,52.95000076293945,120546,0.0,0,72161600
2021-08-11,53.0,54.650001525878906,46.20000076293945,52.04999923706055,192655,0.0,0,72161600
2021-08-12,52.09999847412109,56.79999923706055,52.04999923706055,55.79999923706055,181943,0.0,0,72161600
2021-08-13,56.45000076293945,57.70000076293945,55.84999847412109,56.150001525878906,95354,0.0,0,72161600
2021-08-16,56.09999847412109,56.70000076293945,53.59999847412109,54.0,63501,0.0,0,72161600
2021-08-17,53.70000076293945,57.400001525878906,53.70000076293945,54.29999923706055,96163,0.0,0,72161600
2021-08-18,54.25,56.5,51.75,52.29999923706055,76432,0.0,0,72161600
2021-08-20,52.29999923706055,52.95000076293945,50.54999923706055,51.09999847412109,84063,0.0,0,72161600
2021-08-23,51.20000076293945,53.0,48.0,48.29999923706055,115484,0.0,0,72161600
2021-08-24,48.09999847412109,50.79999923706055,48.09999847412109,50.54999923706055,85255,0.0,0,72161600
2021-08-25,50.54999923706055,52.95000076293945,50.09999847412109,51.04999923706055,73128,0.0,0,72161600
2021-08-26,51.75,53.150001525878906,51.04999923706055,52.04999923706055,80654,0.0,0,72161600
2021-08-27,52.09999847412109,52.400001525878906,50.650001525878906,51.34999847412109,73361,0.0,0,72161600
2021-08-30,51.5,55.54999923706055,50.650001525878906,54.0,199942,0.0,0,72161600
2021-08-31,54.45000076293945,54.54999923706055,52.84999847412109,53.04999923706055,88855,0.0,0,72161600
2021-09-01,53.5,54.95000076293945,50.59999847412109,52.34999847412109,167714,0.0,0,72161600
2021-09-02,52.79999923706055,54.0,52.5,53.09999847412109,98161,0.0,0,72161600
2021-09-03,53.84999847412109,55.0,53.59999847412109,53.84999847412109,79394,0.0,0,72161600
2021-09-06,54.59999847412109,60.75,52.0,55.75,216872,0.0,0,72161600
2021-09-07,55.45000076293945,58.70000076293945,55.0,57.0,460238,0.0,0,72161600
2021-09-08,56.79999923706055,58.84999847412109,56.09999847412109,58.09999847412109,285044,0.0,0,72161600
2021-09-09,58.75,59.59999847412109,57.150001525878906,58.45000076293945,202864,0.0,0,72161600
2021-09-13,58.45000076293945,62.0,57.900001525878906,61.09999847412109,424700,0.0,0,72161600
2021-09-14,61.5,63.5,60.75,62.0,220412,0.0,0,72161600
2021-09-15,62.0,64.5,61.400001525878906,63.25,320711,0.0,0,72161600
2021-09-16,63.0,65.19999694824219,63.0,63.25,315548,0.0,0,72161600
2021-09-17,63.25,63.75,60.09999847412109,60.5,150396,0.0,0,72161600
2021-09-20,59.0,60.34999847412109,57.04999923706055,57.45000076293945,128910,0.0,0,72161600
2021-09-21,58.45000076293945,58.45000076293945,55.29999923706055,57.5,141449,0.0,0,72161600
2021-09-22,58.25,59.0,57.5,58.45000076293945,51221,0.0,0,72161600
2021-09-23,59.0,60.29999923706055,58.150001525878906,58.70000076293945,148715,0.0,0,72161600
2021-09-24,58.650001525878906,60.79999923706055,57.29999923706055,57.650001525878906,122731,0.0,0,72161600
2021-09-27,57.70000076293945,59.900001525878906,57.70000076293945,58.0,81853,0.0,0,72161600
2021-09-28,58.95000076293945,59.900001525878906,57.900001525878906,58.45000076293945,156781,0.0,0,72161600
2021-09-29,59.25,68.4000015258789,58.400001525878906,66.0999984741211,2466144,0.0,0,72161600
2021-09-30,66.5,68.44999694824219,64.55000305175781,65.5999984741211,657507,0.0,0,72161600
2021-10-01,65.4000015258789,66.3499984741211,63.650001525878906,65.25,291262,0.0,0,72161600
2021-10-04,65.25,68.0999984741211,63.59999847412109,66.1500015258789,452233,0.0,0,72161600
2021-10-05,66.5,73.4000015258789,65.5,72.30000305175781,2152146,0.0,0,72161600
2021-10-06,73.0,73.69999694824219,66.5,67.30000305175781,867908,0.0,0,72161600
2021-10-07,67.94999694824219,70.3499984741211,67.9000015258789,68.55000305175781,330677,0.0,0,72161600
2021-10-08,69.0,69.5999984741211,66.3499984741211,67.05000305175781,304359,0.0,0,72161600
2021-10-11,67.75,72.30000305175781,67.5,70.5999984741211,785008,0.0,0,72161600
2021-10-12,70.44999694824219,72.4000015258789,69.5,70.69999694824219,526892,0.0,0,72161600
2021-10-13,71.9000015258789,73.1500015258789,68.05000305175781,69.5999984741211,598206,0.0,0,72161600
2021-10-14,69.0,70.8499984741211,68.0,69.4000015258789,349491,0.0,0,72161600
2021-10-18,72.25,75.9000015258789,71.94999694824219,73.1500015258789,1308034,0.0,0,72161600
2021-10-19,75.0,78.19999694824219,69.19999694824219,71.55000305175781,1492084,0.0,0,72161600
2021-10-20,71.0999984741211,72.19999694824219,68.75,69.1500015258789,558111,0.0,0,72161600
2021-10-21,69.94999694824219,70.0999984741211,66.80000305175781,67.6500015258789,407018,0.0,0,72161600
2021-10-22,68.0,69.25,65.4000015258789,66.4000015258789,241741,0.0,0,72161600
2021-10-25,67.0,67.9000015258789,63.400001525878906,63.70000076293945,234646,0.0,0,72161600
2021-10-26,63.400001525878906,66.8499984741211,63.29999923706055,65.9000015258789,329248,0.0,0,72161600
2021-10-27,66.4000015258789,67.30000305175781,65.3499984741211,65.6500015258789,248489,0.0,0,72161600
2021-10-28,65.5,67.4000015258789,63.04999923706055,63.34999847412109,359703,0.0,0,72161600
2021-10-29,62.54999923706055,64.9000015258789,62.04999923706055,63.29999923706055,150446,0.0,0,72161600
2021-11-01,63.70000076293945,65.5,62.5,62.95000076293945,238694,0.0,0,72161600
2021-11-02,63.400001525878906,65.30000305175781,63.150001525878906,64.94999694824219,164598,0.0,0,72161600
2021-11-03,64.94999694824219,65.25,63.09999847412109,63.29999923706055,137074,0.0,0,72161600
2021-11-04,64.0999984741211,64.6500015258789,63.70000076293945,64.0999984741211,27189,0.0,0,72161600
2021-11-08,64.75,64.80000305175781,63.34999847412109,63.59999847412109,126552,0.0,0,72161600
2021-11-09,63.59999847412109,66.4000015258789,63.25,64.80000305175781,168474,0.0,0,72161600
2021-11-10,64.19999694824219,66.55000305175781,64.1500015258789,65.9000015258789,236328,0.0,0,72161600
2021-11-11,65.9000015258789,66.44999694824219,64.30000305175781,64.80000305175781,240573,0.0,0,72161600
2021-11-12,68.4000015258789,68.94999694824219,65.25,65.80000305175781,284895,0.0,0,72161600
2021-11-15,66.9000015258789,66.9000015258789,63.25,63.70000076293945,271574,0.0,0,72161600
2021-11-16,64.3499984741211,66.4000015258789,62.59999847412109,65.5999984741211,344220,0.0,0,72161600
2021-11-17,66.19999694824219,66.5,64.25,64.55000305175781,124826,0.0,0,72161600
2021-11-18,63.5,65.4000015258789,62.84999847412109,63.150001525878906,172788,0.0,0,72161600
2021-11-22,63.20000076293945,64.4000015258789,58.59999847412109,59.5,254412,0.0,0,72161600
2021-11-23,58.20000076293945,60.59999847412109,57.54999923706055,59.150001525878906,334150,0.0,0,72161600
2021-11-24,60.0,64.44999694824219,59.5,61.650001525878906,296095,0.0,0,72161600
2021-11-25,62.400001525878906,63.04999923706055,61.54999923706055,61.84999847412109,91697,0.0,0,72161600
2021-11-26,61.900001525878906,63.150001525878906,58.59999847412109,59.09999847412109,392260,0.0,0,72161600
2021-11-29,58.59999847412109,62.0,56.20000076293945,56.75,318659,0.0,0,72161600
2021-11-30,57.0,58.95000076293945,56.400001525878906,56.84999847412109,118046,0.0,0,72161600
2021-12-01,58.0,58.34999847412109,56.5,57.20000076293945,228745,0.0,0,72161600
2021-12-02,57.25,61.79999923706055,57.25,59.650001525878906,311929,0.0,0,72161600
2021-12-03,60.20000076293945,61.0,59.150001525878906,59.45000076293945,128337,0.0,0,72161600
2021-12-06,60.45000076293945,61.54999923706055,59.0,59.54999923706055,142644,0.0,0,72161600
2021-12-07,60.5,62.45000076293945,60.150001525878906,61.54999923706055,196138,0.0,0,72161600
2021-12-08,61.95000076293945,62.400001525878906,60.5,60.84999847412109,99681,0.0,0,72161600
2021-12-09,61.34999847412109,63.45000076293945,60.79999923706055,62.400001525878906,184874,0.0,0,72161600
2021-12-10,62.0,66.4000015258789,62.0,65.30000305175781,371309,0.0,0,72161600
2021-12-13,66.30000305175781,66.9000015258789,63.25,64.0,221253,0.0,0,72161600
2021-12-14,64.0,69.80000305175781,63.400001525878906,67.5,822927,0.0,0,72161600
2021-12-15,67.94999694824219,68.0999984741211,65.05000305175781,65.44999694824219,161835,0.0,0,72161600
2021-12-16,65.8499984741211,66.19999694824219,63.04999923706055,63.59999847412109,178447,0.0,0,72161600
2021-12-17,64.0,64.0,60.04999923706055,60.84999847412109,224377,0.0,0,72161600
2021-12-20,59.95000076293945,60.400001525878906,56.70000076293945,57.900001525878906,168910,0.0,0,72161600
2021-12-21,58.79999923706055,60.5,58.400001525878906,59.29999923706055,114988,0.0,0,72161600
2021-12-22,59.84999847412109,60.900001525878906,59.400001525878906,59.900001525878906,76149,0.0,0,72161600
2021-12-23,60.09999847412109,61.75,59.70000076293945,61.04999923706055,139399,0.0,0,72161600
2021-12-24,61.45000076293945,61.45000076293945,59.70000076293945,60.150001525878906,73719,0.0,0,72161600
2021-12-27,60.400001525878906,62.95000076293945,58.45000076293945,61.29999923706055,171112,0.0,0,72161600
2021-12-28,61.29999923706055,70.55000305175781,61.29999923706055,69.3499984741211,1249289,0.0,0,72161600
2021-12-29,69.3499984741211,69.69999694824219,66.0999984741211,66.55000305175781,435073,0.0,0,72161600
2021-12-30,66.05000305175781,76.0,66.05000305175781,71.5,3032194,0.0,0,72161600
2021-12-31,72.4000015258789,85.80000305175781,71.0,85.80000305175781,4251150,0.0,0,72161600
