Date,Open,High,Low,Close,Volume,Dividends,Stock Splits,Outstanding Shares
2016-07-01,457.8668804793658,465.4556104228578,439.2130446079843,441.1632080078125,20001438,0.0,0,98777800
2016-07-04,443.8765205201912,452.6947185149173,442.0111265114826,450.2781677246094,3591938,0.0,0,98777800
2016-07-05,449.3878321256039,451.5075860507246,437.7291855374396,438.7890625,1611597,0.0,0,98777800
2016-07-07,439.848917494144,441.41751461966726,427.80870545044985,429.207763671875,1050990,0.0,0,98777800
2016-07-08,429.37736772593865,433.0657448839785,422.7213349495064,426.070556640625,1306333,0.0,0,98777800
2016-07-11,430.7340935003074,433.9137250960282,425.6466829471542,426.833740234375,963350,0.0,0,98777800
2016-07-12,428.52944217743584,429.0381882873443,419.7960664816313,421.1950988769531,790935,0.0,0,98777800
2016-07-13,421.831051332244,427.5543872045911,417.7187233450807,424.1627807617188,835625,0.0,0,98777800
2016-07-14,424.7139384093196,432.38746399563286,422.2550287583976,429.5045776367188,676085,0.0,0,98777800
2016-07-15,430.2677400731237,435.7367165417481,425.6890500640861,429.7165832519531,801549,0.0,0,98777800
2016-07-18,430.5644027656024,433.9560090130696,426.5792809503697,432.3450012207031,500134,0.0,0,98777800
2016-07-19,432.5146318675451,435.9910337677578,430.7340332478358,431.9635009765625,306063,0.0,0,98777800
2016-07-20,432.5146179199218,434.7615520189492,431.5819209705415,432.5146179199219,436612,0.0,0,98777800
2016-07-21,432.4721883930221,435.60943457389095,426.0281571175659,427.2575988769531,376728,0.0,0,98777800
2016-07-22,428.0207262746538,432.2178496327289,427.3424153308394,430.8188171386719,246857,0.0,0,98777800
2016-07-25,431.115644819628,431.9635465493345,426.62175012663926,427.8088073730469,209098,0.0,0,98777800
2016-07-26,429.0382336860658,430.0981107455669,422.00066036134007,423.4420776367188,203104,0.0,0,98777800
2016-07-27,422.594160354124,427.3000298497458,421.0679477952705,422.2550048828125,208083,0.0,0,98777800
2016-07-28,423.6964508442189,433.4897042275057,420.5592044926021,429.3349914550781,653293,0.0,0,98777800
2016-07-29,429.8861408806121,437.1780744433461,429.2078299041409,431.412353515625,544200,0.0,0,98777800
2016-08-01,431.5819439451002,436.6693538933725,427.34243565487327,434.4223937988281,1819762,0.0,0,98777800
2016-08-02,436.5421524985683,442.5622853845872,435.8214567824345,440.400146484375,1016034,0.0,0,98777800
2016-08-03,440.06093554891686,444.25805886838646,431.66671478588125,433.5744934082031,461560,0.0,0,98777800
2016-08-04,435.397517427485,439.6370258737117,432.38747678102646,438.36517333984375,369454,0.0,0,98777800
2016-08-05,439.1706912274737,442.6046827258463,435.8638539316706,440.5273132324219,417478,0.0,0,98777800
2016-08-08,442.6046689651244,451.42286697856366,441.7567673004402,449.6422424316406,657734,0.0,0,98777800
2016-08-09,449.59984519516166,464.0565578256155,447.31050041382025,458.1212463378906,1274819,0.0,0,98777800
2016-08-10,459.5625767216853,459.5625767216853,451.0835623910269,453.7120361328125,399445,0.0,0,98777800
2016-08-11,453.2882327997698,456.5526854295651,449.04872425599416,451.5076599121094,209485,0.0,0,98777800
2016-08-12,453.3730567705088,457.6125653399884,451.93161350652304,455.1960144042969,219502,0.0,0,98777800
2016-08-16,455.238450560748,457.8669251711905,452.906720849228,455.4079895019531,351340,0.0,0,98777800
2016-08-17,455.5351199232269,467.2785360041461,455.4079139866027,465.7947082519531,881986,0.0,0,98777800
2016-08-18,467.1938433822348,486.18686243461553,467.1514586469912,484.0671081542969,1206667,0.0,0,98777800
2016-08-19,486.18693145799136,493.4788665167895,477.8350673567436,489.5361022949219,749894,0.0,0,98777800
2016-08-22,492.3764304276308,504.3318213389117,487.5433813405036,501.5761413574219,1282012,0.0,0,98777800
2016-08-23,503.6110675634697,511.2845651982584,479.1490801177487,492.1643981933594,1419004,0.0,0,98777800
2016-08-24,491.7829311745933,507.0451600731152,491.74054644468106,505.26458740234375,416093,0.0,0,98777800
2016-08-25,507.04514895594775,507.04514895594775,496.0224283264706,497.5062561035156,273017,0.0,0,98777800
2016-08-26,500.2619895496101,507.045202967232,500.2196048161122,505.603759765625,292354,0.0,0,98777800
2016-08-29,507.0451982265504,521.4595266042282,505.6037550384205,520.52685546875,640981,0.0,0,98777800
2016-08-30,522.8161305611071,551.1360660398799,522.3074102777939,544.2256469726562,940134,0.0,0,98777800
2016-08-31,546.8965969473157,560.8022055394144,542.6570884438482,553.0438842773438,872126,0.0,0,98777800
2016-09-01,554.9517388614562,557.9193952190041,535.4923818237424,539.3927612304688,849646,0.0,0,98777800
2016-09-02,538.7568183004403,551.0937789999284,518.915895705106,538.6719970703125,1048848,0.0,0,98777800
2016-09-06,542.6570373720378,555.1212015495383,538.8414800780157,552.7046508789062,398256,0.0,0,98777800
2016-09-07,556.1386912833249,556.2234607443006,543.1233704114704,548.5923461914062,284368,0.0,0,98777800
2016-09-08,551.1361177559816,553.6798229148553,547.3205600176709,550.5849609375,146259,0.0,0,98777800
2016-09-09,549.4402783286513,554.4429188474913,543.7593268289035,545.7943115234375,210462,0.0,0,98777800
2016-09-12,538.4175251576188,538.4175251576188,523.3672715016381,525.6566162109375,275224,0.0,0,98777800
2016-09-14,527.8187236937838,541.6818935671879,527.8187236937838,535.3226318359375,264287,0.0,0,98777800
2016-09-15,532.8770824325323,534.5074841496277,520.434702891032,523.3951416015625,226065,7.5,0,98777800
2016-09-16,525.3688524201928,531.1609957502643,515.8869097398349,519.7054443359375,174090,0.0,0,98777800
2016-09-19,523.2665191280062,527.7286252963654,520.1345026136447,521.6361694335938,100918,0.0,0,98777800
2016-09-20,522.9231980952393,522.9231980952393,513.1408925715447,517.1739501953125,111000,0.0,0,98777800
2016-09-21,518.8900940917915,520.6062842145532,516.1012851423038,517.388427734375,81843,0.0,0,98777800
2016-09-22,525.1543524242384,533.0059457997824,520.8638756887461,526.6989135742188,232404,0.0,0,98777800
2016-09-23,530.3028257336575,538.7121480941214,528.6724239282526,531.9332275390625,362475,0.0,0,98777800
2016-09-26,534.0785630369672,535.7089127661216,529.9167691943193,533.7781982421875,171555,0.0,0,98777800
2016-09-27,536.309488726716,546.5637366259656,533.8639384077117,544.7188110351562,231825,0.0,0,98777800
2016-09-28,546.6066384591243,570.5904096010031,545.3194956684042,567.7157592773438,963282,0.0,0,98777800
2016-09-29,572.9500795118532,583.4617439505292,548.408529479626,555.359130859375,970935,0.0,0,98777800
2016-09-30,561.7090874388217,571.9204410951361,558.0621829007057,566.4715576171875,364893,0.0,0,98777800
2016-10-03,573.2934576240135,579.1285476511744,572.0921556102898,574.4948120117188,308161,0.0,0,98777800
2016-10-04,578.1846088515355,628.0399777393554,570.0327034143136,619.5877075195312,1339659,0.0,0,98777800
2016-10-05,619.5448667595003,619.5448667595003,596.4191857041374,599.3367309570312,494612,0.0,0,98777800
2016-10-06,603.2409464738199,608.1749940445518,593.4157456190457,599.5511474609375,685208,0.0,0,98777800
2016-10-07,602.8976480924895,605.5577745553453,598.092336069355,603.4125366210938,178621,0.0,0,98777800
2016-10-10,605.9010472805423,622.1190687818256,603.4126024298023,615.1685180664062,454819,0.0,0,98777800
2016-10-13,616.1124003913454,616.1124003913454,591.4850558061993,593.244140625,384721,0.0,0,98777800
2016-10-14,598.0493884490106,626.3236323756307,595.5179974375587,622.2476806640625,562782,0.0,0,98777800
2016-10-17,626.3237129826781,664.1656906886014,625.6371949174116,651.16552734375,720761,0.0,0,98777800
2016-10-18,655.069866270103,657.5154165271731,640.9970846927221,648.2908935546875,333380,0.0,0,98777800
2016-10-19,651.9807424259402,658.1590385296973,644.4295149097819,652.4097900390625,252187,0.0,0,98777800
2016-10-20,654.7265969043895,657.1292528402535,646.4889044460066,651.3800048828125,222318,0.0,0,98777800
2016-10-21,654.2118266563276,689.2649959784056,649.1061495446552,677.4661865234375,472430,0.0,0,98777800
2016-10-24,680.7268310448803,684.3308409327367,674.4627473017316,678.8819580078125,306697,0.0,0,98777800
2016-10-25,677.895271890163,681.8424892325899,657.3867737276917,659.9610595703125,305433,0.0,0,98777800
2016-10-26,656.6574277796557,673.6048099405812,653.91151234714,656.1854858398438,212184,0.0,0,98777800
2016-10-27,656.1855515834781,659.7895626763692,641.8553481748311,646.01708984375,204834,0.0,0,98777800
2016-10-28,650.1786730802688,664.4659251881313,647.3469697018252,651.9806518554688,425564,0.0,0,98777800
2016-11-01,663.7365704136866,669.3141886524571,658.4592645151084,664.5946655273438,148947,0.0,0,98777800
2016-11-02,645.2876479319652,656.5716217676012,645.2876479319652,650.6078491210938,90938,0.0,0,98777800
2016-11-03,650.4361584038451,658.5451684787934,644.6011215473125,648.376708984375,73935,0.0,0,98777800
2016-11-04,645.3734331474045,651.208522896421,611.0067279772267,617.2708129882812,251873,0.0,0,98777800
2016-11-07,629.4129986159567,633.1027984943267,604.142077699114,608.2609252929688,162941,0.0,0,98777800
2016-11-08,611.8219589878573,619.9309701813567,599.8086245897788,613.8814086914062,186133,0.0,0,98777800
2016-11-09,544.9761833676858,634.9903813490512,544.9761833676858,625.0364990234375,270403,0.0,0,98777800
2016-11-10,636.706623967914,651.208453468794,634.9904336068145,641.4261474609375,137893,0.0,0,98777800
2016-11-11,647.8619216167448,658.2877999804333,636.7066832312909,641.2545776367188,236564,0.0,0,98777800
2016-11-15,641.2545971364157,646.531904098063,626.624082976164,638.7232055664062,106195,0.0,0,98777800
2016-11-16,646.6604996031019,660.6903870665468,621.9044748813201,629.4985961914062,184775,0.0,0,98777800
2016-11-17,631.1718317957586,667.5550844933865,631.1718317957586,661.0764770507812,263875,0.0,0,98777800
2016-11-18,664.9379140085643,670.1722731695199,637.5646593661374,642.62744140625,301226,0.0,0,98777800
2016-11-21,651.2513917843974,655.5847622643598,630.7000003459483,635.8485717773438,133055,0.0,0,98777800
2016-11-22,639.4954078656194,648.8057192546313,626.9242930210543,632.2015991210938,94191,0.0,0,98777800
2016-11-23,638.2941150451505,640.6968235851668,624.693326617156,627.1818237304688,97277,0.0,0,98777800
2016-11-24,627.6109815924968,636.7067716667128,621.9046263685311,631.30078125,104570,0.0,0,98777800
2016-11-25,641.8123302099871,662.363721201739,634.9904627368701,661.2052612304688,188861,0.0,0,98777800
2016-11-28,664.9810056692379,682.1000184720934,653.2250888338193,661.6773071289062,256254,0.0,0,98777800
2016-11-29,690.766732926312,710.5029252956352,661.5914920325299,667.8126831054688,1291736,0.0,0,98777800
2016-11-30,669.4859091044623,672.4892424102862,655.7563854206957,660.0039672851562,483822,0.0,0,98777800
2016-12-01,661.5914000560031,665.4528284609993,637.135686824361,640.6109619140625,264603,0.0,0,98777800
2016-12-02,640.1392010541688,641.8982862391042,626.4954625485927,630.0565795898438,228108,0.0,0,98777800
2016-12-05,637.0499784072007,642.6275979161911,631.5581474795254,638.0796508789062,134351,0.0,0,98777800
2016-12-06,656.3141035010264,660.4758967134557,643.5714105222755,644.6011352539062,232711,0.0,0,98777800
2016-12-07,646.0168942774538,647.7330845284388,637.1785249596749,640.0960693359375,70823,0.0,0,98777800
2016-12-08,646.1884819873383,649.4063384998315,641.9409009160539,643.6141967773438,66343,0.0,0,98777800
2016-12-09,646.0598542250898,658.1589747938764,640.181871070149,647.21826171875,217063,0.0,0,98777800
2016-12-12,644.7728191673442,647.604523137742,638.4228930982268,640.9542846679688,113477,0.0,0,98777800
2016-12-13,639.2809185517813,655.9279862394978,635.8485377810334,652.49560546875,183665,0.0,0,98777800
2016-12-14,650.8652334000624,656.1854343126697,640.9971382331531,644.64404296875,133973,0.0,0,98777800
2016-12-15,641.5977922097176,658.0732305423572,639.2809246924132,654.941162109375,180210,0.0,0,98777800
2016-12-16,658.1590258440531,683.9018821352155,655.7992640173632,672.9182739257812,519978,0.0,0,98777800
2016-12-19,673.4330689645666,682.1856500436952,667.5980323698049,671.5881958007812,244212,0.0,0,98777800
2016-12-20,672.5749358904897,676.8225171543983,669.6574439445701,673.39013671875,90395,0.0,0,98777800
2016-12-21,677.5948190356079,677.8093428113585,660.8619645270568,666.82568359375,106355,0.0,0,98777800
2016-12-22,661.6772050887668,664.2944374164483,652.2811043020183,660.34716796875,61069,0.0,0,98777800
2016-12-23,659.0170482938842,660.7332385238162,653.0103824891222,655.4559326171875,49162,0.0,0,98777800
2016-12-26,653.8684874879306,669.314199790795,643.5713459526876,666.525390625,106687,0.0,0,98777800
2016-12-27,668.45612981879,675.3208911006262,660.7332733767245,663.6508178710938,88748,0.0,0,98777800
2016-12-28,661.6343017755377,671.0304548080671,658.7597037691085,665.8389892578125,66834,0.0,0,98777800
2016-12-29,669.0567866589888,675.1492411626617,665.8818241874247,672.0601196289062,54357,0.0,0,98777800
2016-12-30,671.8885521330969,677.7664833956545,666.3109332456573,676.05029296875,164106,0.0,0,98777800
2017-01-02,676.7368152484004,697.7601481087578,676.7368152484004,689.8656616210938,160701,0.0,0,98777800
2017-01-03,690.895395245993,714.7933264471255,690.0373000161644,705.9549560546875,335970,0.0,0,98777800
2017-01-04,711.3609549043719,739.2490502413948,708.3576215603847,721.0145263671875,556945,0.0,0,98777800
2017-01-05,727.6218899591704,733.5856625218445,721.0145459481643,730.75390625,170926,0.0,0,98777800
2017-01-06,735.3876169147923,735.3876169147923,718.0540826807452,721.5293579101562,86941,0.0,0,98777800
2017-01-09,725.090510414942,729.3809868079297,721.2290816612528,727.83642578125,58480,0.0,0,98777800
2017-01-10,729.2093167633017,730.2390415152041,722.5161844369,723.2455444335938,66646,0.0,0,98777800
2017-01-11,723.8891152263133,730.4964589734585,722.0013476191087,724.2752685546875,83668,0.0,0,98777800
2017-01-12,725.0905832726647,727.6219750736798,719.0839157189266,721.486572265625,66987,0.0,0,98777800
2017-01-13,721.0575531828785,725.0477177371479,716.0377160491727,722.9453735351562,48967,0.0,0,98777800
2017-01-16,722.9453995211452,724.2325426656932,717.3677792281037,720.07080078125,27609,0.0,0,98777800
2017-01-17,720.7999594022507,720.7999594022507,714.8790816432854,718.3114624023438,61719,0.0,0,98777800
2017-01-18,720.7999672340607,733.6713952203831,713.2916342420392,731.4403686523438,105668,0.0,0,98777800
2017-01-19,734.5295378413031,745.8564056753337,732.8562416202569,742.4669189453125,115055,0.0,0,98777800
2017-01-20,739.7639248540859,740.4933372713205,722.2159181606643,730.281982421875,56402,0.0,0,98777800
2017-01-23,733.6285018468775,746.0708822491176,726.89242310128,741.4800415039062,62897,0.0,0,98777800
2017-01-24,741.4800714204051,760.2723780115916,737.1038066726379,751.39111328125,114634,0.0,0,98777800
2017-01-25,757.526403173075,761.988508517567,747.8728325415179,750.532958984375,61038,0.0,0,98777800
2017-01-27,748.4736649193434,761.1305712622041,747.401045737745,749.2459716796875,165856,0.0,0,98777800
2017-01-30,749.2458442305057,753.450479282759,737.8331361804514,748.559326171875,85951,0.0,0,98777800
2017-01-31,747.3151655843766,750.7904408321335,731.1400388834193,733.1136474609375,74551,0.0,0,98777800
2017-02-01,733.6714072742146,761.1304540961736,728.5228359950974,758.9423217773438,218532,0.0,0,98777800
2017-02-02,755.1666696813868,757.6551667089868,745.7276224889341,748.559326171875,55981,0.0,0,98777800
2017-02-03,749.1600234313722,761.1304622584852,746.5857377642071,749.4603881835938,81815,0.0,0,98777800
2017-02-06,754.2657808678252,780.8667355969521,751.8202301729658,777.6917724609375,784973,0.0,0,98777800
2017-02-07,781.7247255467375,814.160713563344,776.6619429278549,798.6292114257812,392038,0.0,0,98777800
2017-02-08,799.2728187054736,799.2728187054736,778.721427311547,790.4344482421875,317887,0.0,0,98777800
2017-02-09,792.880013523917,819.9100139849596,786.1010400777469,790.6489868164062,275425,0.0,0,98777800
2017-02-10,790.6488832925339,802.1473267491971,786.0151485849123,789.147216796875,263137,0.0,0,98777800
2017-02-13,802.4477271740496,806.6094678404455,786.9590673019773,790.8204956054688,409621,0.0,0,98777800
2017-02-14,791.0779952152363,794.252905593725,780.8666412644951,786.229736328125,128074,0.0,0,98777800
2017-02-15,783.4837775314066,804.8932623074494,781.8963224306025,784.556396484375,351602,0.0,0,98777800
2017-02-16,786.9161893961297,793.7380566824112,768.7245607573703,773.0579833984375,347764,0.0,0,98777800
2017-02-17,780.7634397282485,785.2655238625883,737.0413791383248,745.8291015625,455295,8.0,0,98777800
2017-02-20,752.5389564436675,764.4434784245483,749.8549961456788,754.9198608398438,290227,0.0,0,98777800
2017-02-21,761.2833106495106,765.0495000346202,758.4695146823105,763.2313232421875,121155,0.0,0,98777800
2017-02-22,765.6989076845659,765.6989076845659,754.4870013891143,756.9977416992188,144950,0.0,0,98777800
2017-02-23,759.0323511868763,759.3353542530944,745.6992650951873,747.6472778320312,317066,0.0,0,98777800
2017-02-27,747.6473216064218,761.629746095723,741.2838340974437,759.1622314453125,192007,0.0,0,98777800
2017-02-28,754.0973577297952,765.6988766783134,752.6255153492779,756.5648193359375,180070,0.0,0,98777800
2017-03-01,757.3007257255912,761.4131967407911,753.7077035960743,756.3050537109375,82337,0.0,0,98777800
2017-03-02,759.1622355492791,769.6815261382928,753.3181969649895,761.8029174804688,135775,0.0,0,98777800
2017-03-03,757.3873678042688,760.0713282630139,743.7079995682827,748.1234741210938,142354,0.0,0,98777800
2017-03-06,754.8765337912096,754.8765337912096,733.4050641581989,735.6128540039062,185451,0.0,0,98777800
2017-03-07,744.6169733888947,749.8116735850988,736.8249230945888,743.3182983398438,222629,0.0,0,98777800
2017-03-08,742.322748984352,750.6342489426191,735.9159303359011,741.500244140625,76739,0.0,0,98777800
2017-03-09,740.2447915366489,747.0845013910608,736.3920449184859,738.77294921875,55456,0.0,0,98777800
2017-03-10,744.4871444096435,744.4871444096435,733.4484063915919,736.3054809570312,51370,0.0,0,98777800
2017-03-14,749.7685377025633,751.500104764232,737.6475682708821,740.4613647460938,68885,0.0,0,98777800
2017-03-15,741.673337532496,741.8464519301633,734.1842903205925,735.6128540039062,63908,0.0,0,98777800
2017-03-16,738.5132534874117,741.1106037341435,730.7212027472164,733.1453857421875,127901,0.0,0,98777800
2017-03-17,737.5608559460408,748.9025966775096,734.0977225510002,744.4005126953125,98259,0.0,0,98777800
2017-03-20,752.1926053694742,774.2268034100634,740.2015264483584,764.7031860351562,286108,0.0,0,98777800
2017-03-21,769.3784231542153,785.871586004152,767.2139647003332,780.5469970703125,232084,0.0,0,98777800
2017-03-22,772.7117968395888,783.5340909129724,769.6815544990415,773.5343017578125,93246,0.0,0,98777800
2017-03-23,773.2311231898847,785.2655334282244,766.3048560813668,771.8026123046875,121490,0.0,0,98777800
2017-03-24,771.9324951171874,780.460493719834,755.9155014533159,771.9324951171875,165245,0.0,0,98777800
2017-03-27,774.3566396207796,780.0707885214953,762.3655086684286,775.9150390625,85387,0.0,0,98777800
2017-03-28,775.741939513382,782.6682068304658,769.5948984067605,778.382568359375,113676,0.0,0,98777800
2017-03-29,778.3393648297092,780.0709318259934,771.4996540570945,778.2528076171875,119864,0.0,0,98777800
2017-03-30,774.2268162722866,779.2050708918736,771.5429088320604,775.0060424804688,112305,0.0,0,98777800
2017-03-31,775.6987045158589,776.6077665836824,767.3438729576839,775.2225341796875,131170,0.0,0,98777800
2017-04-03,779.1184672528545,781.8023745331211,771.0233611262291,773.9237670898438,84291,0.0,0,98777800
2017-04-05,773.7506393046409,774.3999768581286,764.4867463062374,765.4390869140625,79801,0.0,0,98777800
2017-04-06,766.1751270802403,779.2051583258201,761.8894881408019,775.4822998046875,85297,0.0,0,98777800
2017-04-07,774.7895997050539,774.7895997050539,763.6209725072828,766.2183227539062,79621,0.0,0,98777800
2017-04-10,767.0841042233218,780.9366388368355,767.0841042233218,778.4691772460938,105028,0.0,0,98777800
2017-04-11,778.4258363285109,825.6976418278314,777.86310882262,809.8970947265625,486974,0.0,0,98777800
2017-04-12,814.6588115098214,833.7493228188043,809.8103932952861,820.7625732421875,287064,0.0,0,98777800
2017-04-13,822.4942687868057,828.5547528726033,819.0311350234929,823.2301635742188,97605,0.0,0,98777800
2017-04-17,822.3210332646574,849.7663766291703,819.7669617575959,847.7750854492188,219931,0.0,0,98777800
2017-04-18,854.5714317439381,860.5886365014001,840.3292852895313,844.7448120117188,126378,0.0,0,98777800
2017-04-19,841.3683244309179,870.9781282255203,825.0916065595635,866.908935546875,251179,0.0,0,98777800
2017-04-20,883.0991304510187,897.5144462177312,878.7702131448863,883.0125732421875,243364,0.0,0,98777800
2017-04-21,888.9865084520687,889.1596228713258,860.6753255972603,868.9002685546875,96941,0.0,0,98777800
2017-04-24,872.5798126925648,883.0991025514242,865.7834338739452,872.0603637695312,62102,0.0,0,98777800
2017-04-25,874.4412606932623,884.6574945564788,868.3807767082594,878.2073974609375,166076,0.0,0,98777800
2017-04-26,885.6963857882885,885.6963857882885,851.9308344239256,871.23779296875,100515,0.0,0,98777800
2017-04-27,878.7701923688518,884.8306764541542,869.1600173137347,879.8091430664062,72695,0.0,0,98777800
2017-04-28,883.6184937054053,913.3581315773718,881.4107566620092,892.7957763671875,347891,0.0,0,98777800
2017-05-02,891.7568308912862,902.6224539694412,876.648901197348,879.6358642578125,131990,0.0,0,98777800
2017-05-03,879.6358748792384,884.6574076908103,864.2682205690942,868.1642456054688,130208,0.0,0,98777800
2017-05-04,873.1425818137135,876.0429351425369,859.6363815565628,866.08642578125,89118,0.0,0,98777800
2017-05-05,870.1123225658944,874.4412395935854,853.6624378606685,860.2423706054688,134634,0.0,0,98777800
2017-05-08,861.194676115151,873.5320883842147,851.3247251626119,860.718505859375,92898,0.0,0,98777800
2017-05-09,862.3203220795326,870.3288190466367,857.1688999482632,858.6840209960938,89982,0.0,0,98777800
2017-05-10,860.0258524368902,875.3069493969846,860.0258524368902,872.6663208007812,242033,0.0,0,98777800
2017-05-11,872.7529628225888,878.2507192257461,863.3159552844746,866.21630859375,55711,0.0,0,98777800
2017-05-12,870.5452610610895,870.5452610610895,844.1388657728118,849.2470092773438,88987,0.0,0,98777800
2017-05-15,854.5280853752315,864.91748458952,847.6018192323725,861.324462890625,81932,0.0,0,98777800
2017-05-16,854.7446849066299,862.3202898627535,850.32921058378,857.471923828125,68579,0.0,0,98777800
2017-05-17,854.6580783802449,882.2332576919127,854.6580783802449,872.9260864257812,197629,0.0,0,98777800
2017-05-18,867.5148788055394,873.3589161627623,842.4071627522852,846.7793579101562,149532,0.0,0,98777800
2017-05-19,855.826892919984,861.1514819798415,833.7494161678751,849.8529663085938,135474,0.0,0,98777800
2017-05-22,856.1732564600911,858.1212691807668,840.3293773906796,844.2254028320312,74628,0.0,0,98777800
2017-05-23,851.0650118172952,851.0650118172952,808.4684614913663,823.0136108398438,108123,0.0,0,98777800
2017-05-24,828.5547117052837,831.0221732517556,803.44699316876,809.9403686523438,99133,0.0,0,98777800
2017-05-25,821.4120291375439,838.9441435934441,810.6330148663822,827.81884765625,144262,0.0,0,98777800
2017-05-26,831.1087742474097,851.9308541693886,819.4639771050064,828.3382568359375,182200,0.0,0,98777800
2017-05-29,856.0866810755529,856.0866810755529,835.4810451422449,840.2861328125,319020,0.0,0,98777800
2017-05-30,836.4333626978122,851.7577401993647,825.9574041804043,849.3335571289062,199914,0.0,0,98777800
2017-05-31,850.1993165805734,855.7403515937453,833.01353686845,836.6065063476562,160022,0.0,0,98777800
2017-06-01,840.1995261187698,840.1995261187698,826.8231617809973,832.3641967773438,82477,0.0,0,98777800
2017-06-02,833.3165107701345,860.588687486248,833.3165107701345,853.5325317382812,201469,0.0,0,98777800
2017-06-05,854.5281879349476,870.0257314268829,847.6019209608041,852.0173950195312,209295,0.0,0,98777800
2017-06-06,857.1255714828213,863.0994981183251,845.0911610085501,860.2423706054688,203849,0.0,0,98777800
2017-06-07,868.1209623976454,868.1209623976454,851.5411903602618,856.9090576171875,105877,0.0,0,98777800
2017-06-08,857.9914699549621,864.7445708551842,852.7534902176272,856.04345703125,72917,0.0,0,98777800
2017-06-09,852.8398037662432,856.6492713103862,838.0782095083198,842.9265747070312,159051,0.0,0,98777800
2017-06-12,835.7839896037548,844.7448795592055,830.5027319659681,832.4507446289062,104134,0.0,0,98777800
2017-06-13,838.0783279457793,844.3985361725931,831.6282310721797,834.2688598632812,78633,0.0,0,98777800
2017-06-14,835.4810446940186,843.0133714169006,833.2300288196993,838.5545654296875,55839,0.0,0,98777800
2017-06-15,839.6800020261735,844.0522504326041,834.615190317656,839.5934448242188,48166,0.0,0,98777800
2017-06-16,839.766593601477,862.3202399099963,837.3424107245916,846.8660278320312,231875,0.0,0,98777800
2017-06-19,851.930735581592,855.2207014308449,844.2252433602846,851.757568359375,79784,0.0,0,98777800
2017-06-20,851.7577296526201,860.7618984808046,844.3985704821782,849.5067138671875,137457,0.0,0,98777800
2017-06-21,850.7620280466904,864.4846729751565,844.6582131687329,861.1514282226562,120563,0.0,0,98777800
2017-06-22,863.8353808268498,871.8438772163746,853.2295342569386,856.0866088867188,221341,0.0,0,98777800
2017-06-23,857.0390863136496,864.0519113506465,839.8099739580432,848.857421875,95839,0.0,0,98777800
2017-06-27,851.2382869560936,852.407073460303,822.5375448441852,834.615234375,108542,0.0,0,98777800
2017-06-28,831.1520494566296,839.3769916127108,824.6586740702496,835.3944091796875,93971,0.0,0,98777800
2017-06-29,836.8661689810792,852.7966038346706,836.8661689810792,849.7230834960938,84427,0.0,0,98777800
2017-06-30,847.6885098095598,859.7229202637341,836.8662172584051,855.9134521484375,111092,0.0,0,98777800
2017-07-03,860.5886624186428,864.9175792316139,850.8053209899729,859.2034301757812,80241,0.0,0,98777800
2017-07-04,857.1255325127664,861.3245607014236,850.2858227826986,853.0130615234375,130806,0.0,0,98777800
2017-07-05,863.8786668119078,863.8786668119078,847.4287821955213,849.9395751953125,197065,0.0,0,98777800
2017-07-06,855.1342602584599,855.1342602584599,845.8703674667909,846.6062622070312,110288,0.0,0,98777800
2017-07-07,846.3032266507603,851.0650350871584,841.0219693404075,844.5283813476562,67036,0.0,0,98777800
2017-07-10,844.3552209328565,851.0217633663387,844.138775093089,846.995849609375,14641,0.0,0,98777800
2017-07-11,848.4677028613457,862.3202367856127,842.407219269479,851.2382202148438,207741,0.0,0,98777800
2017-07-12,858.857165128461,880.5017509431904,855.870201717383,867.7314453125,826211,0.0,0,98777800
2017-07-13,874.4411933145218,875.6965897547566,858.9436500382923,860.8916625976562,252064,0.0,0,98777800
2017-07-14,860.069211884325,866.9088687297318,851.8875485548998,854.87451171875,161069,0.0,0,98777800
2017-07-17,857.1255325127664,864.9175828083371,851.0650489495449,853.0130615234375,196860,0.0,0,98777800
2017-07-18,851.844399910138,854.4417503891689,838.2515885012299,845.1778564453125,140245,0.0,0,98777800
2017-07-19,845.4807233917087,853.1429377770227,843.4028750489965,845.3075561523438,119489,0.0,0,98777800
2017-07-20,846.3899234013777,855.3940928848261,845.0046909469537,852.9699096679688,68037,0.0,0,98777800
2017-07-21,854.5281360905344,856.2597027290158,843.4028415755799,851.9307861328125,113973,0.0,0,98777800
2017-07-24,856.2597335730185,860.5886503251571,850.5455845974843,852.3637084960938,83110,0.0,0,98777800
2017-07-25,852.3637084960938,857.1255169234462,848.7274078556528,852.3637084960938,89265,0.0,0,98777800
2017-07-26,858.8572053046755,860.5887722508544,845.8704532083347,847.1691284179688,101614,0.0,0,98777800
2017-07-27,845.220958516874,855.7835254941284,843.2729460644664,846.7793579101562,249935,0.0,0,98777800
2017-07-28,848.467699174192,869.2464999702947,844.6149526246033,853.8788452148438,472847,0.0,0,98777800
2017-07-31,860.3722807121269,869.2465608402268,853.4460132950733,865.1773681640625,210483,0.0,0,98777800
2017-08-01,869.2464570194843,878.9865194113859,859.8960076919028,862.3201904296875,279789,0.0,0,98777800
2017-08-02,865.5237068307785,868.380781585395,857.8614917579123,863.4025268554688,70190,0.0,0,98777800
2017-08-03,866.6491167805975,884.657399547654,862.3202001133617,874.3978881835938,341540,0.0,0,98777800
2017-08-04,878.7702598468444,891.3241207017993,875.3071258178913,888.4237670898438,273004,0.0,0,98777800
2017-08-07,893.4885084515371,904.7436931510236,888.8998139533184,899.7221069335938,265607,0.0,0,98777800
2017-08-08,905.609555100468,923.747677433296,877.4283123053283,919.5919799804688,498531,0.0,0,98777800
2017-08-09,916.864648307826,943.0545969492912,877.9043941304396,896.5187377929688,983534,0.0,0,98777800
2017-08-10,879.2031572074918,883.0991830149106,823.5765665126801,836.1737060546875,527667,0.0,0,98777800
2017-08-11,822.4941686117011,860.4154681327332,799.0314613601715,853.4459228515625,312460,0.0,0,98777800
2017-08-14,880.2851985902421,896.951527651331,866.0430522784856,894.4407348632812,525527,0.0,0,98777800
2017-08-16,900.4148061638159,906.4752904360724,885.7397658216348,898.4234619140625,228913,0.0,0,98777800
2017-08-17,896.0857815577326,911.4101048228372,891.7568647386131,896.475341796875,191077,0.0,0,98777800
2017-08-18,891.7569302618932,908.120258177776,887.471344570653,900.84765625,136885,0.0,0,98777800
2017-08-21,901.2805299539168,905.7825614120552,888.7266705069123,892.40625,104416,0.0,0,98777800
2017-08-22,893.531847242273,898.4234391603991,872.7097131024972,876.2161254882812,108774,0.0,0,98777800
2017-08-23,878.77012428972,891.1940945648025,875.7398824818245,885.9561157226562,125080,0.0,0,98777800
2017-08-24,887.4280083616671,896.9082945666569,879.6359575565403,885.2635498046875,132472,0.0,0,98777800
2017-08-28,886.5621313493028,896.0857479946567,881.800323026626,889.1161499023438,124323,0.0,0,98777800
2017-08-29,896.0857977488387,896.0857977488387,874.4412132621518,876.345947265625,87791,0.0,0,98777800
2017-08-30,878.7702139852618,903.6181570716412,878.7702139852618,899.4191284179688,102588,0.0,0,98777800
2017-08-31,903.8778744878362,911.2803648724462,899.8519605187755,903.7479858398438,127842,0.0,0,98777800
2017-09-01,902.2328402504456,917.7303839084536,897.8606975880336,910.28466796875,145792,0.0,0,98777800
2017-09-04,912.4491457235074,922.059320319121,901.9731877285332,915.0897216796876,184252,0.0,0,98777800
2017-09-05,920.3278532165386,940.2408735589472,917.6006140758296,932.8817138671876,214901,0.0,0,98777800
2017-09-06,938.509217483255,968.3787451614584,928.9855999626684,960.28369140625,537386,0.0,0,98777800
2017-09-07,970.5430478751592,985.2613634986004,968.3785896952414,976.3870849609376,194084,0.0,0,98777800
2017-09-08,984.3957530614158,991.3220204532288,963.0541705231014,976.6470336914062,364473,0.0,0,98777800
2017-09-11,978.8979405976588,999.9797434897872,968.8115436927028,994.698486328125,221581,0.0,0,98777800
2017-09-12,1003.3565162712424,1025.0876609186269,995.7375792195596,1021.4080810546876,319104,0.0,0,98777800
2017-09-13,1013.053218247574,1025.087629631383,988.551609430929,995.737548828125,155991,0.0,0,98777800
2017-09-14,994.9540488081756,1008.2322932228744,988.2496662743132,991.2100830078124,151529,6.5,0,98777800
2017-09-15,991.2098519899442,995.5197960018984,965.175770701855,971.6624755859376,360184,0.0,0,98777800
2017-09-18,976.0595996150632,989.9908695471248,971.3143033093166,973.1427612304688,159556,0.0,0,98777800
2017-09-19,982.0674366990686,991.7322335207256,971.8366608045396,978.9329223632812,240466,0.0,0,98777800
2017-09-20,983.8524594598888,987.378855028428,972.5768792475784,973.926513671875,138440,0.0,0,98777800
2017-09-21,974.1440576792924,981.2837907492984,947.4133706807344,971.836669921875,149360,0.0,0,98777800
2017-09-22,971.7060568830552,971.7060568830552,939.272319769351,943.1469116210938,146017,0.0,0,98777800
2017-09-25,944.7141799043106,952.5505187237934,906.9255914507088,938.1403198242188,169700,0.0,0,98777800
2017-09-26,944.6270402315072,950.809019006079,925.6021740665146,943.3209838867188,197564,0.0,0,98777800
2017-09-27,952.550499622884,952.7681756968378,918.680081258206,925.4280395507812,141284,0.0,0,98777800
2017-09-28,925.5587032477132,954.2919461519224,914.195969220734,943.97412109375,383004,0.0,0,98777800
2017-09-29,943.8435426167867,975.1018509405856,941.4055278516232,953.2471923828124,181603,0.0,0,98777800
2017-10-03,963.0858769431924,966.4380667951342,938.6191106231504,942.6243286132812,134061,0.0,0,98777800
2017-10-04,949.0678150322155,970.8354254687342,943.4518140544578,954.4226684570312,338609,0.0,0,98777800
2017-10-05,957.7746797268576,962.1282009983432,946.4555244209948,950.5913696289062,94223,0.0,0,98777800
2017-10-06,951.6797441311144,985.6372098411908,951.6797441311144,983.46044921875,298279,0.0,0,98777800
2017-10-09,982.5898912926152,1003.0514441906004,973.5781222311464,1000.4393310546876,274239,0.0,0,98777800
2017-10-10,1004.7927809939564,1018.4627962447864,993.2995265338416,1016.068359375,162343,0.0,0,98777800
2017-10-11,1022.2070128198676,1034.3968749829664,989.07666635458,994.47509765625,245283,0.0,0,98777800
2017-10-12,1001.3102834369702,1030.2176334526257,998.3498665589376,1027.2137451171875,155428,0.0,0,98777800
2017-10-13,1019.6818034265092,1027.0827901140797,1007.970872888684,1017.2003173828124,147612,0.0,0,98777800
2017-10-16,1022.1197333008164,1025.8636977777762,1006.5341060756087,1015.7635498046876,68068,0.0,0,98777800
2017-10-17,1015.2413245003656,1022.5116849406857,1006.577858285573,1013.1951904296876,57580,0.0,0,98777800
2017-10-18,1018.3323001313746,1046.4995641835883,1010.0170311958932,1043.887451171875,372041,0.0,0,98777800
2017-10-19,1049.1988890785035,1054.4231159120898,1031.7847996332175,1041.362548828125,89176,0.0,0,98777800
2017-10-23,1046.5866859791795,1073.5785223064297,1035.5722540914346,1069.00732421875,367022,0.0,0,98777800
2017-10-24,1070.0956434339596,1078.323757005715,1046.934929040175,1051.244873046875,155360,0.0,0,98777800
2017-10-25,1055.2936486426445,1062.25928328715,1023.0775884118044,1031.0009765625,231019,0.0,0,98777800
2017-10-26,1031.7847208738692,1043.931004819926,1016.3297176709062,1028.0406494140625,147719,0.0,0,98777800
2017-10-27,1042.233231389295,1060.9533771494202,1028.1713332004192,1056.6434326171875,202037,0.0,0,98777800
2017-10-30,1057.1219209947944,1074.5360045505513,1054.0744563725368,1060.6483154296875,153488,0.0,0,98777800
2017-10-31,1060.5179136312397,1064.0007310815886,1043.103826379495,1046.7607421875,136044,0.0,0,98777800
2017-11-01,1048.328041752809,1103.61776820738,1047.9362673085432,1091.0361328125,478769,0.0,0,98777800
2017-11-02,1095.171930375107,1104.0094941462962,1077.97552014674,1090.383056640625,154924,0.0,0,98777800
2017-11-03,1100.483426951878,1199.3954358288606,1079.6735683686295,1096.95703125,141523,0.0,0,98777800
2017-11-06,1096.216856751531,1119.6388267354257,1088.380517028923,1113.979248046875,170254,0.0,0,98777800
2017-11-07,1120.5529072958768,1123.0344996933743,1088.3804244635933,1094.3883056640625,154361,0.0,0,98777800
2017-11-08,1101.3974677119752,1105.7945673647844,1040.4917385833994,1064.9150390625,359071,0.0,0,98777800
2017-11-09,1075.2763461364707,1086.5955032298489,993.56076022363,1007.3179321289062,752448,0.0,0,98777800
2017-11-10,1007.230871399511,1007.3179205802612,975.188907633823,980.5001831054688,370256,0.0,0,98777800
2017-11-13,988.9896053961482,988.9896053961482,957.3395206282624,960.6917114257812,270699,0.0,0,98777800
2017-11-14,964.7403607433704,983.8958552707657,962.9553744202774,970.6176147460938,215128,0.0,0,98777800
2017-11-15,972.57684625596,996.8695210590872,964.5664080317424,971.5320434570312,288349,0.0,0,98777800
2017-11-16,975.275855786247,982.8510468956288,934.0916065649031,946.9779663085938,633855,0.0,0,98777800
2017-11-17,953.4214124112008,967.0914303299916,932.0021033076158,936.5297241210938,560724,0.0,0,98777800
2017-11-20,940.2737477249096,945.7591219345962,923.3820603007308,928.3886108398438,341661,0.0,0,98777800
2017-11-21,930.130018281776,974.0135433270876,930.130018281776,969.7470703125,457112,0.0,0,98777800
2017-11-22,971.7497282257764,978.6282082398312,945.7156443342716,955.772216796875,226737,0.0,0,98777800
2017-11-23,949.0677504786056,957.6006957041916,944.7578064201924,948.5453491210938,86677,0.0,0,98777800
2017-11-24,956.5123345270896,968.2232658664576,944.7142477204194,960.7352294921876,135300,0.0,0,98777800
2017-11-27,965.6112488746144,966.9608833063028,949.9385685502292,962.0413818359376,143883,0.0,0,98777800
2017-11-28,977.800914986508,1001.44055765256,968.8326183092628,977.6702880859376,625209,0.0,0,98777800
2017-11-29,975.1889348309364,984.853732481204,966.5254685051144,971.1837158203124,193725,0.0,0,98777800
2017-11-30,970.4000087763324,975.5806572011026,951.6798650448914,965.2193603515624,426705,0.0,0,98777800
2017-12-01,969.9211804923624,981.8933666913384,946.1510127568756,953.5084228515624,246106,0.0,0,98777800
2017-12-04,953.5083608344348,975.624273704626,937.7486325567892,972.4027099609376,192683,0.0,0,98777800
2017-12-05,970.8354288616216,976.9303598051476,953.6825942925632,960.8659057617188,166431,0.0,0,98777800
2017-12-06,968.2231560854104,974.318086024797,953.4211833754716,958.9501342773438,104759,0.0,0,98777800
2017-12-07,962.999081049064,1001.2230260479552,962.999081049064,997.3483276367188,358883,0.0,0,98777800
2017-12-08,1005.6200807881246,1012.6292942563564,992.6030915324558,998.4803466796876,234410,0.0,0,98777800
2017-12-11,1004.792884093307,1009.05935693831,983.329999237175,986.6821899414062,166892,0.0,0,98777800
2017-12-12,986.7255869035044,998.0011643757656,973.4473471503358,976.4948120117188,140131,0.0,0,98777800
2017-12-13,983.0254893638254,987.8143646441628,957.9927322166068,967.091552734375,117653,0.0,0,98777800
2017-12-14,967.4395068164056,975.1887961863868,949.1547168879108,954.5966186523438,209621,0.0,0,98777800
2017-12-15,962.9990162885092,971.8801581914988,956.4251558957294,960.4304809570312,167044,0.0,0,98777800
2017-12-18,970.8352763684252,974.7534456452486,937.3567391735376,971.22705078125,153430,0.0,0,98777800
2017-12-19,974.3182312456051,989.6861852836312,972.0544210452724,986.7257690429688,127631,0.0,0,98777800
2017-12-20,983.8959657833024,988.2930654903828,966.0465256960832,970.7047729492188,177219,0.0,0,98777800
2017-12-21,970.7047433778472,981.2838227061565,966.6995245426,975.3195190429688,141513,0.0,0,98777800
2017-12-22,981.283874101677,981.283874101677,944.7142887314284,973.7958374023438,135448,0.0,0,98777800
2017-12-26,979.5423968488624,981.0225517336844,967.9185149970198,970.0952758789062,144428,0.0,0,98777800
2017-12-27,965.6112470450228,975.1019469253512,960.3870202801264,963.6957397460938,83052,0.0,0,98777800
2017-12-28,965.1757561749488,965.611108342822,942.8857464372696,947.0650634765624,233710,0.0,0,98777800
2017-12-29,947.3263833371402,958.9067943247828,946.0203267424658,952.9859619140624,132874,0.0,0,98777800
2018-01-01,962.1282103764078,983.199211020926,950.8961041290648,972.6202392578124,273832,0.0,0,98777800
2018-01-02,975.1886994907712,982.1107553339104,950.0253269696988,953.9000244140624,243569,0.0,0,98777800
2018-01-03,956.0333862304688,962.1283167437778,951.679864435248,956.0333862304688,155948,0.0,0,98777800
2018-01-04,961.17054747397,961.17054747397,947.3263271343376,950.2867431640624,170050,0.0,0,98777800
2018-01-05,956.8605128566994,962.1283167437778,950.72211089773,956.0333862304688,217442,0.0,0,98777800
2018-01-08,950.7222582630842,966.6560867311003,950.7222582630842,955.8594360351562,226669,0.0,0,98777800
2018-01-09,956.0334638512652,973.0122002311376,951.8976178100144,961.2576904296876,301084,0.0,0,98777800
2018-01-10,963.8261655106472,966.481856369588,950.504452343792,953.2471923828124,162309,0.0,0,98777800
2018-01-11,957.7746988677876,960.038508716774,949.1112338792497,954.1612548828124,134837,0.0,0,98777800
2018-01-12,954.2918412642044,970.3128204406664,950.852602051876,957.774658203125,174061,0.0,0,98777800
2018-01-15,957.7749405041276,964.4793225727888,954.6838970449056,956.3382568359376,83641,0.0,0,98777800
2018-01-16,956.3383043071896,961.34485538107,936.13800161962,942.5376586914062,132421,0.0,0,98777800
2018-01-17,938.6193766174072,939.6207079704892,917.8530971955028,926.8212890625,203751,0.0,0,98777800
2018-01-18,925.1233671514412,931.1747198381828,909.0153367586868,915.3715209960938,219593,0.0,0,98777800
2018-01-19,915.9808666741204,916.4162187970644,892.2977537008239,909.7553100585938,307600,0.0,0,98777800
2018-01-22,914.2396450644812,927.2566336864872,906.5339321706556,909.2766723632812,264810,0.0,0,98777800
2018-01-23,916.547004207276,923.8173646604145,908.1446855238568,918.549560546875,177799,0.0,0,98777800
2018-01-24,927.0388899405287,927.0388899405287,911.7145144559526,921.1181640625,188959,0.0,0,98777800
2018-01-25,921.1181418763892,921.6841209544094,896.8254695505509,902.5286254882812,309612,0.0,0,98777800
2018-01-29,902.6157573517688,911.1051254383168,892.5590787959173,894.73583984375,127339,0.0,0,98777800
2018-01-30,893.3427786133722,899.3941321134795,874.5355834789449,885.7676391601562,168120,0.0,0,98777800
2018-01-31,886.3335835074039,893.9957718485118,872.6635133529787,889.3375244140625,244219,0.0,0,98777800
2018-02-01,896.8254533158087,896.9560802217796,871.7927040120908,877.8876342773438,339903,0.0,0,98777800
2018-02-02,871.7926815006283,873.7082415918162,836.3114812298162,840.4473266601562,270477,0.0,0,98777800
2018-02-05,822.8156374404105,856.8166327821161,802.9200636549702,844.1043701171875,213460,0.0,0,98777800
2018-02-06,805.4015481610877,834.4395178562753,797.86993404788,819.3763427734375,245184,0.0,0,98777800
2018-02-07,839.3591433565667,854.8141483301964,832.3935073121138,847.3261108398438,112484,0.0,0,98777800
2018-02-08,843.7125938619627,865.7414053433679,831.6968833397035,854.3787231445312,154930,0.0,0,98777800
2018-02-09,843.7124488222441,852.4630162231103,837.7481457510534,846.0198364257812,186999,0.0,0,98777800
2018-02-12,866.3508827393451,900.9178050935792,858.8628461158137,896.4772338867188,544694,0.0,0,98777800
2018-02-14,918.5930293485724,919.4637336417936,892.4719005519304,908.7540283203124,482192,0.0,0,98777800
2018-02-15,918.5930144804825,920.2908453099252,896.8254075022718,903.0509643554688,258310,0.0,0,98777800
2018-02-16,905.0100548034504,910.1907027827232,885.5933067391642,888.9890747070312,107265,0.0,0,98777800
2018-02-19,889.0326709700921,890.7740796799472,858.6886454582965,864.174072265625,165287,0.0,0,98777800
2018-02-20,870.5818808138017,883.9241427400565,860.6191028198391,873.9613647460938,186885,8.0,0,98777800
2018-02-21,878.6574265162934,883.9679826647699,864.7007087009025,872.33740234375,90849,0.0,0,98777800
2018-02-22,872.5130828176501,878.6136628743676,860.2241661582466,865.4908447265625,252550,0.0,0,98777800
2018-02-23,865.578544222139,899.9436410455617,865.578544222139,895.5108642578125,335194,0.0,0,98777800
2018-02-26,902.3575686377512,902.4015004848914,888.3130928612882,894.6331176757812,149199,0.0,0,98777800
2018-02-27,899.7241611419116,923.4242122158936,895.2035744142992,918.9036254882812,369491,0.0,0,98777800
2018-02-28,919.0353382067862,923.1170352077868,910.74036297156,915.8314208984376,206604,0.0,0,98777800
2018-03-01,917.2797349656591,940.0142493485638,913.9441294327224,919.8253173828124,312485,0.0,0,98777800
2018-03-05,913.7685550514065,919.649635456055,896.2129632156444,899.1535034179688,118852,0.0,0,98777800
2018-03-06,905.8686673742544,918.5087167212736,890.94641219464,894.1503295898438,178762,0.0,0,98777800
2018-03-07,889.1907965935643,901.4797118475722,882.1685593055599,886.3380126953125,91235,0.0,0,98777800
2018-03-08,887.4353376134177,897.4420483104451,878.5697834650559,885.5042114257812,159103,0.0,0,98777800
2018-03-09,895.1597666769139,897.9686725554172,880.939724197022,884.6702880859375,212206,0.0,0,98777800
2018-03-12,887.4351509519336,901.4796241618552,883.9679109131514,897.968505859375,144999,0.0,0,98777800
2018-03-13,890.1563851596254,900.7336735572936,888.4008257343423,893.4480590820312,128282,0.0,0,98777800
2018-03-14,885.7674589045483,898.8463976441875,885.7674589045483,892.5702514648438,126859,0.0,0,98777800
2018-03-15,892.7019179248604,908.9408417022546,889.2785558064853,905.2980346679688,395661,0.0,0,98777800
2018-03-16,906.7462664040116,913.768502736279,882.3440058644652,885.2845458984375,125459,0.0,0,98777800
2018-03-19,890.0685814363396,892.3507871380601,852.3240557935758,857.4590454101562,156751,0.0,0,98777800
2018-03-20,854.9574245703424,865.0080128124598,841.3518392717384,858.68798828125,134935,0.0,0,98777800
2018-03-21,861.3212620253643,876.3752041115667,855.8351393373047,862.242919921875,124864,0.0,0,98777800
2018-03-22,866.3685899968857,867.421936383699,843.7218837698024,847.4085693359375,159128,0.0,0,98777800
2018-03-23,834.7684691372116,849.9979250356774,828.0973650516667,846.7501831054688,181692,0.0,0,98777800
2018-03-26,845.3018054921565,853.8601571053949,836.7434538789182,850.9196166992188,144087,0.0,0,98777800
2018-03-27,855.835237305437,863.779133152008,843.5463210774615,857.8102416992188,146492,0.0,0,98777800
2018-03-28,863.7351798541488,863.7351798541488,836.1728772782292,840.956787109375,183832,0.0,0,98777800
2018-04-02,847.1451953950829,880.4130685687782,844.9946779184387,876.024169921875,173243,0.0,0,98777800
2018-04-03,874.1808039425065,890.9024961161263,864.1740941694922,887.8741455078125,133021,0.0,0,98777800
2018-04-04,895.335227127471,898.3196993147293,863.25239220382,867.597412109375,116521,0.0,0,98777800
2018-04-05,874.2685392435875,903.0597548822252,874.2685392435875,888.4447021484375,276284,0.0,0,98777800
2018-04-06,887.4792052621692,899.1098405216828,879.5353092420836,889.0153198242188,108435,0.0,0,98777800
2018-04-09,890.068620677204,890.068620677204,856.712991894429,859.0830078125,330647,0.0,0,98777800
2018-04-10,866.3685216303934,868.1240809447407,827.1317602396475,829.545654296875,922942,0.0,0,98777800
2018-04-11,799.6572900483609,807.0306608049902,794.3906119580314,800.4033813476562,16272386,0.0,0,98777800
2018-04-12,803.0806840157813,813.6140406132536,802.290660840802,806.6356811523438,1178763,0.0,0,98777800
2018-04-13,810.8927494192802,811.9460956097483,800.271638139307,803.6949462890625,476204,0.0,0,98777800
2018-04-16,803.1683504906678,804.7483430880252,797.0238931645097,802.5538940429688,325556,0.0,0,98777800
2018-04-17,803.1245780814153,805.3629056873145,781.223963010038,784.6033935546875,589120,0.0,0,98777800
2018-04-18,789.0801402285913,791.9329245001513,782.0140237479662,786.2273559570312,371646,0.0,0,98777800
2018-04-19,790.8794757377086,798.7794926984626,785.4372311163277,796.0144653320312,680184,0.0,0,98777800
2018-04-20,800.3156824838547,802.5540101184642,793.3373227961935,796.4534301757812,513570,0.0,0,98777800
2018-04-23,797.8578698912987,802.2906466659992,790.2650540479345,800.1400756835938,286832,0.0,0,98777800
2018-04-24,799.4816213301808,805.8016449468071,795.3999784765151,797.6383056640625,485487,0.0,0,98777800
2018-04-25,797.0239020501588,797.8578034116603,785.7883335292928,788.3338623046875,339524,0.0,0,98777800
2018-04-26,790.0017571712626,792.8106630229562,778.1517308136937,782.057861328125,1131001,0.0,0,98777800
2018-04-27,781.3116806014881,791.4939571502537,779.2927980296687,785.437255859375,141054,0.0,0,98777800
2018-04-30,787.3683081788067,790.1772136387864,779.3366033374521,780.6972045898438,440904,0.0,0,98777800
2018-05-02,781.2240152923765,787.6317970622736,775.650135040405,782.4089965820312,394020,0.0,0,98777800
2018-05-03,782.1894280067424,783.9449873141982,761.0788380496707,766.6527709960938,313241,0.0,0,98777800
2018-05-04,766.6527965624554,771.3050181672719,758.6210910328365,761.1227416992188,266551,0.0,0,98777800
2018-05-07,763.6683393393562,774.0261290888747,760.5083538481204,764.7655639648438,162865,0.0,0,98777800
2018-05-08,765.4238081020255,768.0571468913673,760.2010087880813,764.9410400390625,193398,0.0,0,98777800
2018-05-09,765.4238542720183,768.0133149528157,759.4549633712192,762.7027587890625,208355,0.0,0,98777800
2018-05-10,763.4488715374599,767.179435152331,747.8682823224098,757.47998046875,395144,0.0,0,98777800
2018-05-11,757.9627221959256,765.5116057001939,744.3571377210711,764.4583129882812,405736,0.0,0,98777800
2018-05-14,765.3800877540502,778.8978641831396,763.7122847465256,766.2139892578125,226096,0.0,0,98777800
2018-05-15,767.1793657883359,771.7438303959809,760.1571290305478,765.994384765625,173150,0.0,0,98777800
2018-05-16,768.935073013033,768.935073013033,752.3011357755771,758.6650390625,227587,0.0,0,98777800
2018-05-17,758.664952211502,775.0794426289198,753.4421525002211,762.79052734375,270266,0.0,0,98777800
2018-05-18,763.6682918137409,770.2077608897582,754.0127157103487,755.8999633789062,160007,0.0,0,98777800
2018-05-21,756.5583830328056,761.3861716263948,730.3127472483969,738.9149780273438,282082,0.0,0,98777800
2018-05-22,723.2904375919497,725.9237765637652,677.7775837925752,694.894287109375,2211128,0.0,0,98777800
2018-05-23,696.0793651885133,708.4999704994119,688.6182370622809,701.21435546875,682101,0.0,0,98777800
2018-05-24,704.0670184333386,708.3681600422002,683.6586420752456,692.2609252929688,247906,0.0,0,98777800
2018-05-25,692.3048224943404,701.6970754891731,689.9348067180117,694.1920166015625,218266,0.0,0,98777800
2018-05-28,697.8348878192418,742.9527875310575,697.8348878192418,734.9210815429688,664155,0.0,0,98777800
2018-05-29,741.2410880840984,745.6299866415559,724.0805054395234,739.441650390625,335396,0.0,0,98777800
2018-05-30,731.1905133553099,738.1688729073389,726.3627248517635,733.8238525390625,127099,0.0,0,98777800
2018-05-31,738.2127595559201,739.6171857063566,715.390486371076,718.8577270507812,287555,0.0,0,98777800
2018-06-01,723.0272419880052,724.1683450287225,700.5999785025043,703.1455078125,224560,0.0,0,98777800
2018-06-04,705.7348131560658,720.7887550409916,701.3897933301337,711.5281372070312,164501,0.0,0,98777800
2018-06-05,711.0015485464521,714.3809789211035,698.7565111619568,704.3304443359375,120851,0.0,0,98777800
2018-06-06,704.988733304757,714.5126208876504,702.882040756494,711.220947265625,112246,0.0,0,98777800
2018-06-07,712.8888783421664,733.823904917107,709.3338273300138,725.1777954101562,324706,0.0,0,98777800
2018-06-08,719.7794398083273,754.8906319940993,713.0205245974806,744.2255859375,708442,0.0,0,98777800
2018-06-11,758.4016056084415,766.7405121515899,747.8243717082684,750.8527221679688,626415,0.0,0,98777800
2018-06-12,750.5016396476448,752.1694424992523,731.4538095403339,734.7454833984375,277071,0.0,0,98777800
2018-06-13,735.5793441214504,740.2315655350586,725.9237680052977,727.7232055664062,207051,0.0,0,98777800
2018-06-14,727.2405002681965,737.1594004197754,725.1338075035148,732.7266235351562,471243,0.0,0,98777800
2018-06-15,731.541711020411,737.2472797537162,728.3816715767085,731.7172241210938,248761,0.0,0,98777800
2018-06-18,726.3626717793313,732.5948859620136,723.685454519881,728.162109375,215039,0.0,0,98777800
2018-06-19,725.9238089637724,731.8049436450686,715.9610308392386,717.93603515625,237292,0.0,0,98777800
2018-06-20,718.9014991778231,729.8737442812698,713.1959317240309,727.1526489257812,214507,0.0,0,98777800
2018-06-21,724.0803737099079,736.325355597187,723.2903506831232,730.8392333984375,195839,0.0,0,98777800
2018-06-22,727.3722101248866,733.7361133023882,725.0460723608716,732.1560668945312,86372,0.0,0,98777800
2018-06-25,732.0682895041289,733.823848951381,722.0615792246228,723.817138671875,122024,0.0,0,98777800
2018-06-26,718.9014991778231,729.7859877506085,715.4342590100509,727.1526489257812,192069,0.0,0,98777800
2018-06-27,728.557159211571,729.3032505348118,704.769350503627,710.1676635742188,211362,0.0,0,98777800
2018-06-28,711.0015756571878,711.3965872476375,698.7126595347179,702.0043334960938,274336,0.0,0,98777800
2018-06-29,714.073756486388,736.4571379128205,699.5465137658852,728.162109375,381186,0.0,0,98777800
2018-07-02,730.3127780470822,736.8961264068816,715.2149550935236,718.72607421875,177103,0.0,0,98777800
2018-07-03,711.0453570656153,725.923732059302,711.0453570656153,723.20263671875,165659,0.0,0,98777800
2018-07-04,720.657133242269,723.2027158008206,708.2365290649896,714.0299072265625,180375,0.0,0,98777800
2018-07-05,714.0298633033901,718.9015296205337,709.5092766991745,712.362060546875,111180,0.0,0,98777800
2018-07-06,712.3182897768149,718.6383148928775,707.3149343276228,710.1238403320312,125020,0.0,0,98777800
2018-07-09,708.8071967458833,737.335040577761,708.8071967458833,732.814453125,849326,0.0,0,98777800
2018-07-10,737.3788123212793,741.0216194375384,714.5126622839114,720.0426635742188,396496,0.0,0,98777800
2018-07-11,716.2683039096245,722.9394088393965,713.0205079929882,714.4249877929688,130670,0.0,0,98777800
2018-07-12,724.168245973987,724.958269127036,713.6787679384312,718.6382446289062,217833,0.0,0,98777800
2018-07-13,723.2905103266902,723.2905103266902,705.427713935078,708.1926879882812,232546,0.0,0,98777800
2018-07-16,704.8570880488335,719.7354644456457,696.6937476819074,711.4843139648438,334541,0.0,0,98777800
2018-07-17,712.0549534861151,725.7044180669985,706.7882749153235,723.9927368164062,195161,0.0,0,98777800
2018-07-18,725.0459625272587,735.1404281072387,718.945383483405,722.9392700195312,191257,0.0,0,98777800
2018-07-19,720.6571925125035,724.1244333255477,711.0016150245162,718.3310546875,160222,0.0,0,98777800
2018-07-20,717.0581337722967,723.11478050471,711.9230912742507,721.1836547851562,124446,0.0,0,98777800
2018-07-23,719.7793413304537,744.9277507229601,719.7793413304537,741.4605102539062,443001,0.0,0,98777800
2018-07-24,751.7305915252718,752.740006082037,743.5671970746895,747.4733276367188,349672,0.0,0,98777800
2018-07-25,750.4138584673099,773.8066544388439,748.2632875688819,769.5933227539062,716562,0.0,0,98777800
2018-07-26,769.5933614118376,794.3028816999969,769.5933614118376,788.3778686523438,853184,0.0,0,98777800
2018-07-27,793.5128846220966,807.8206836629191,776.8350695691986,782.8478393554688,716488,0.0,0,98777800
2018-07-30,775.9572007734447,794.302816656287,774.6844095819795,789.0800170898438,356263,0.0,0,98777800
2018-07-31,789.0799895000445,810.9806014395391,786.4905289407924,800.3594360351562,799500,0.0,0,98777800
2018-08-01,816.3350584407256,837.3578913597395,806.5917259475676,831.1695556640625,1794553,0.0,0,98777800
2018-08-02,827.0440074868616,866.1929589456998,823.620645378059,847.057373046875,1279433,0.0,0,98777800
2018-08-03,845.3018923740369,862.3747190877458,845.3018923740369,857.8980102539062,470520,0.0,0,98777800
2018-08-06,855.8351987080383,864.261862311303,847.9351814891949,849.734619140625,323802,0.0,0,98777800
2018-08-07,849.6907714499001,851.4463308950446,840.0351945016058,842.0540771484375,305712,0.0,0,98777800
2018-08-08,838.3673106047278,847.5401185345161,832.70567480144,836.9190063476562,374015,0.0,0,98777800
2018-08-09,842.6685859521494,844.4241455062164,826.254093406538,833.4080200195312,181779,0.0,0,98777800
2018-08-10,837.3140718098941,848.1546296041619,818.1784316141155,833.6712646484375,341958,0.0,0,98777800
2018-08-13,829.5018059041428,849.6907387462542,825.1129074602055,830.7745971679688,256645,0.0,0,98777800
2018-08-14,830.3796432675136,836.5241015157933,822.4796255197255,826.8246459960938,112145,0.0,0,98777800
2018-08-16,825.1129305131417,840.9129653527551,811.4634666862268,813.78955078125,450292,0.0,0,98777800
2018-08-17,819.8900694057282,819.8900694057282,803.1683778283206,806.2844848632812,148134,0.0,0,98777800
2018-08-20,806.2845354848346,819.8023643413585,806.1529006746359,809.795654296875,218491,0.0,0,98777800
2018-08-21,809.795656911895,815.4573467296772,782.1455961777885,791.932861328125,615590,0.0,0,98777800
2018-08-23,757.8750116890099,760.5961073190713,730.3127077778042,737.9494018554688,29636794,0.0,0,98777800
2018-08-24,738.0371695553852,746.9905333137126,731.190498531519,740.8899536132812,1845765,0.0,0,98777800
2018-08-27,745.6738231389953,745.6738231389953,737.378794615008,738.5198974609375,780670,0.0,0,98777800
2018-08-28,741.4605319946365,746.9905334543613,728.6010378087611,731.5855102539062,647743,0.0,0,98777800
2018-08-29,731.1904534328443,744.1815816262913,728.1182246369079,735.6232299804688,773142,0.0,0,98777800
2018-08-30,736.4572579777068,746.8150489838811,732.638937247922,744.5767211914062,969472,0.0,0,98777800
2018-08-31,747.6048304867081,762.7904055201867,744.5764804171442,759.9376220703125,1461914,0.0,0,98777800
2018-09-03,767.13555626643,773.3238922486823,756.997211753963,764.9849853515625,1397250,0.0,0,98777800
2018-09-04,766.3016456312013,768.0572049568168,746.9904930494298,753.486083984375,631947,0.0,0,98777800
2018-09-05,747.4731835347252,762.2638014624982,739.2659659698395,746.6392822265625,603777,0.0,0,98777800
2018-09-06,750.5016556014456,754.8027976309677,743.4794178882157,749.4921875,405079,0.0,0,98777800
2018-09-07,752.2932221022759,766.5209898961724,749.4921086080018,759.229248046875,635025,11.0,0,98777800
2018-09-10,772.4717379205803,781.164882095632,756.7070085752623,761.1211547851562,800133,11.0,0,98777800
2018-09-11,766.6161558582536,766.6161558582536,748.1489041601405,750.0406494140625,337692,0.0,0,98777800
2018-09-12,753.1036005527789,762.7876480479252,750.6713171620471,759.0491333007812,418932,0.0,0,98777800
2018-09-14,763.8236893970756,768.1927495915206,759.4095431318111,763.5083618164062,179276,0.0,0,98777800
2018-09-17,763.0127870677067,766.3459117740484,753.5989819449458,761.7515869140625,580769,0.0,0,98777800
2018-09-18,764.0938617484683,771.8410775723672,752.5631001800807,755.265625,381591,0.0,0,98777800
2018-09-19,754.9503257049174,762.6525107333712,749.1398861280102,751.2568969726562,216629,0.0,0,98777800
2018-09-21,755.7160528412527,758.0582190471252,685.1350793139046,743.37451171875,484845,0.0,0,98777800
2018-09-24,744.9059277344555,747.6084524862075,726.1683788025692,733.9156494140625,402522,0.0,0,98777800
2018-09-25,732.9247829637039,742.8791277057367,727.699912115727,740.8522338867188,432356,0.0,0,98777800
2018-09-26,741.9331154400476,754.8151942313291,736.5280658715683,748.599365234375,257466,0.0,0,98777800
2018-09-27,752.112747010841,752.112747010841,737.609162849894,746.3023071289062,328570,0.0,0,98777800
2018-09-28,747.7436274470224,762.9228427846103,729.501583379215,736.122802734375,583019,0.0,0,98777800
2018-10-01,734.1859320101643,741.6178754937027,721.9795388610758,729.9519653320312,369597,0.0,0,98777800
2018-10-03,730.1321613508089,736.5732011770278,722.4750072835888,729.4114990234375,279991,0.0,0,98777800
2018-10-04,722.7452405703526,733.3751609815656,708.1515949291229,715.1331176757812,511205,0.0,0,98777800
2018-10-05,705.35895202271,719.2769653293379,690.0446452738134,702.2510375976562,480763,0.0,0,98777800
2018-10-08,700.8548068953094,717.9257672372408,693.6030425763496,707.5210571289062,403389,0.0,0,98777800
2018-10-09,708.3317283007304,724.1865732091827,698.1522293722907,713.6016845703125,346051,0.0,0,98777800
2018-10-10,713.6467228075311,718.6013515817801,691.8463452042337,708.5569458007812,410694,0.0,0,98777800
2018-10-11,702.6114251661859,726.9791797356938,681.0362575962633,711.5297241210938,641197,0.0,0,98777800
2018-10-12,722.9253938749587,752.2027462748791,718.0157960912934,742.7889404296875,336946,0.0,0,98777800
2018-10-15,758.1484340792358,758.3286134351727,741.0324399426194,746.2122802734375,252629,0.0,0,98777800
2018-10-16,747.6985895636078,756.6169441311256,743.1943811927426,754.0945434570312,104776,0.0,0,98777800
2018-10-17,763.8236491426279,763.8236491426279,733.285095529698,739.7261352539062,292583,0.0,0,98777800
2018-10-19,736.888389186724,750.5811917672347,721.2137241961517,746.5274047851562,224365,0.0,0,98777800
2018-10-22,750.4010673011821,750.4010673011821,729.6817101007894,732.8346557617188,85773,0.0,0,98777800
2018-10-23,730.1321346595256,734.185921958684,712.8359645198481,727.9700927734375,187359,0.0,0,98777800
2018-10-24,732.4742311386883,738.5999975716501,718.0157354783381,734.1858520507812,227575,0.0,0,98777800
2018-10-25,729.6817074986241,745.5815839823839,720.7183224407738,741.6178588867188,123352,0.0,0,98777800
2018-10-26,742.2935564825467,742.338587570682,722.5200702859538,733.8256225585938,245910,0.0,0,98777800
2018-10-29,740.4918373626318,741.1224375151389,728.7808958958262,738.1947021484375,163669,0.0,0,98777800
2018-10-30,740.4017900120017,760.2653378240311,734.6363813351124,739.2306518554688,340610,0.0,0,98777800
2018-10-31,743.0142458244629,755.8062093512057,739.3208167350232,754.229736328125,480890,0.0,0,98777800
2018-11-01,760.7608015738958,779.2280560822024,752.4280160030746,761.931884765625,846265,0.0,0,98777800
2018-11-02,773.8229720226681,773.8229720226681,755.4007494103925,760.4454956054688,303536,0.0,0,98777800
2018-11-05,760.490508449184,764.9045994081082,751.3019129062467,762.1570434570312,185323,0.0,0,98777800
2018-11-06,765.7154170273717,771.7060361067319,756.7070003564614,757.9682006835938,133258,0.0,0,98777800
2018-11-07,761.2111980460658,763.6885125959199,758.5086730825886,761.0760498046875,16334,0.0,0,98777800
2018-11-09,763.0128778006166,765.7154027515043,756.977227747032,761.2562255859375,96828,0.0,0,98777800
2018-11-12,763.9137269375473,778.9577936415282,754.0044686871781,773.7779541015625,543290,0.0,0,98777800
2018-11-13,771.1204850534566,775.8048728284214,758.9140911756733,769.9494018554688,244237,0.0,0,98777800
2018-11-14,779.2280512976548,779.2280512976548,748.6444653397166,758.5987548828125,589806,0.0,0,98777800
2018-11-15,765.7153062876234,772.0211970452863,759.7246880746422,770.7149658203125,399474,0.0,0,98777800
2018-11-16,771.8861141149782,776.3452910959827,758.5086381549734,760.7607421875,198490,0.0,0,98777800
2018-11-19,768.327792528343,770.219537821017,759.6796805173914,764.7244262695312,119445,0.0,0,98777800
2018-11-20,772.336619677169,781.0297641899049,759.4545941940537,777.831787109375,343998,0.0,0,98777800
2018-11-21,780.128880378912,788.1914242616474,768.5530869992887,773.5977783203125,352218,0.0,0,98777800
2018-11-22,774.7688074399625,782.8313507602746,770.2195683544704,773.2373657226562,204345,0.0,0,98777800
2018-11-26,767.1117774137836,770.0395130867726,751.8424988303608,757.0223388671875,343715,0.0,0,98777800
2018-11-27,761.2112428041628,761.2112428041628,725.3577538438359,746.1671752929688,471903,0.0,0,98777800
2018-11-28,749.8605825341239,756.0763566896002,735.9875996659442,738.6901245117188,302982,0.0,0,98777800
2018-11-29,741.4377317959611,744.5006154931874,733.2851256098011,736.7083129882812,121989,0.0,0,98777800
2018-11-30,744.5005454520588,759.1392213367477,737.6541163561844,749.7704467773438,516382,0.0,0,98777800
2018-12-03,756.7069417817498,769.2736930615126,753.599027274259,765.805419921875,300989,0.0,0,98777800
2018-12-04,771.1204037067139,778.2821053685822,764.4541539244575,770.6699829101562,448940,0.0,0,98777800
2018-12-05,770.2196057600845,782.8313887783784,768.462953557363,780.5792846679688,343225,0.0,0,98777800
2018-12-06,777.6966004164618,790.5786252627956,772.5167608292671,786.7050170898438,424101,0.0,0,98777800
2018-12-07,792.6505623776358,796.2539288528462,773.1923504216936,775.6246337890625,382290,0.0,0,98777800
2018-12-10,765.7153476485618,776.4804155915165,759.5896358639746,768.5079345703125,159576,0.0,0,98777800
2018-12-11,759.4095095999754,768.4179260839609,757.6078263031783,762.4273071289062,159829,0.0,0,98777800
2018-12-12,763.0127627488367,788.9569873687255,763.0127627488367,785.48876953125,131677,0.0,0,98777800
2018-12-13,786.9752643533616,803.7309524782951,779.7685309619095,787.1104125976562,330133,0.0,0,98777800
2018-12-14,786.4347231926738,797.5600950499053,783.7321983707059,785.1735229492188,115186,0.0,0,98777800
2018-12-17,784.0474985989355,812.874431050189,784.0474985989355,808.50537109375,485223,0.0,0,98777800
2018-12-18,809.856638699778,817.5137926808104,797.5150971690414,800.3077392578125,557597,0.0,0,98777800
2018-12-19,802.2895252483893,816.7480772442593,801.8391044381256,809.0458374023438,330354,0.0,0,98777800
2018-12-20,800.8933476098382,808.9558922766824,796.7044664581266,799.6322021484375,150776,0.0,0,98777800
2018-12-21,801.6590127914594,810.3070707079787,792.7406583913522,795.0828247070312,199585,0.0,0,98777800
2018-12-24,795.0828215496778,803.5507550875266,787.3806364072684,790.57861328125,117816,0.0,0,98777800
2018-12-26,786.4348313296783,798.4610464478708,779.3632457330358,788.0563354492188,221910,0.0,0,98777800
2018-12-27,791.6597349973121,812.8745476444917,785.624084153008,806.3434448242188,392491,0.0,0,98777800
2018-12-28,807.6044720139214,813.1446696935552,806.3432718156777,808.3251342773438,121213,0.0,0,98777800
2018-12-31,816.3427564987694,822.3784068629119,803.9111520816335,814.7212524414062,585806,0.0,0,98777800
2019-01-01,817.7839523041725,827.8733887127241,802.6498251828478,821.9278564453125,528515,0.0,0,98777800
2019-01-02,817.0632109820972,825.621204922924,805.2622097516306,810.9375,193454,0.0,0,98777800
2019-01-03,810.7574320247778,815.5769125441666,797.3348703236092,802.5147094726562,139272,0.0,0,98777800
2019-01-04,803.3705742166668,814.3158222811218,798.1457036319314,809.316162109375,164264,0.0,0,98777800
2019-01-07,810.3070566344254,818.8650522297862,807.3793212991704,815.9373168945312,194314,0.0,0,98777800
2019-01-08,817.87400870125,818.8649123445501,807.2891212204486,814.315673828125,74826,0.0,0,98777800
2019-01-09,814.3608064436904,824.2700640442221,804.1813073597458,808.1900634765625,242255,0.0,0,98777800
2019-01-10,812.4690579884449,814.7661930632347,805.0371148162964,810.5322265625,82160,0.0,0,98777800
2019-01-11,811.9286282910989,812.2889869709965,800.0375066336753,804.81201171875,86051,0.0,0,98777800
2019-01-14,799.947416713721,807.4694227943443,794.6324287761341,797.6953125,87386,0.0,0,98777800
2019-01-15,803.5507682165568,812.4691227269633,795.4431932009189,810.3521118164062,137440,0.0,0,98777800
2019-01-16,810.802541399414,815.2166876154295,806.2533019214875,808.8206787109375,88559,0.0,0,98777800
2019-01-17,810.7574205630752,815.2616284550924,801.929184091323,810.6673583984375,80380,0.0,0,98777800
2019-01-18,809.8565767311677,828.7742498249992,807.1090209212839,814.7661743164062,392528,0.0,0,98777800
2019-01-21,815.2616783093059,827.7833990080339,811.8835221837148,816.7030029296875,214296,0.0,0,98777800
2019-01-22,812.6492321854807,824.2701114881908,811.56826618961,816.1625366210938,289495,0.0,0,98777800
2019-01-23,817.5138171706394,823.3692880374264,809.4963042982955,814.8563232421875,287115,0.0,0,98777800
2019-01-24,820.6666948965905,820.6666948965905,811.7033100095157,817.3786010742188,91096,0.0,0,98777800
2019-01-25,816.748152225175,823.3693167506975,807.5145247670845,817.2886352539062,195615,0.0,0,98777800
2019-01-28,815.8921880160215,819.7657956140806,805.3973621558924,812.108642578125,296576,0.0,0,98777800
2019-01-29,809.9467052394082,833.2785259594779,807.0189698779288,828.8643798828125,855726,0.0,0,98777800
2019-01-30,836.8367839557907,836.8367839557907,813.054544613837,821.3873291015625,765729,0.0,0,98777800
2019-01-31,823.3692294841566,831.0263831500376,820.216283857029,828.729248046875,231903,0.0,0,98777800
2019-02-01,834.9902047933155,839.9448342090028,822.3333347541023,835.4856567382812,237703,0.0,0,98777800
2019-02-04,835.3504816517301,852.9168944702812,825.4862542262488,847.3316650390625,259560,0.0,0,98777800
2019-02-05,850.3945191936866,870.7986045976294,847.7370253246041,865.3935546875,530924,0.0,0,98777800
2019-02-06,870.7985946152481,877.3747276005846,863.4567132449482,870.258056640625,409532,0.0,0,98777800
2019-02-07,864.298973978958,878.7646316498154,849.2419871696662,852.6082153320312,256864,9.5,0,98777800
2019-02-08,856.975190977795,866.6189257666877,835.5496853513156,841.0538940429688,260101,0.0,0,98777800
2019-02-11,841.5541988709696,854.2002787737406,827.9073740244132,833.7300415039062,532158,0.0,0,98777800
2019-02-12,836.095521437398,853.9728853206768,785.602266334269,794.5636596679688,1367309,0.0,0,98777800
2019-02-14,791.5158901153908,799.0216442457954,781.5082179415181,786.2846069335938,493200,0.0,0,98777800
2019-02-15,790.5150970960932,797.8843603103637,782.235990028565,784.7833862304688,217270,0.0,0,98777800
2019-02-18,785.1928565744569,798.794204070771,778.8698161767375,782.099609375,235835,0.0,0,98777800
2019-02-19,785.2382529206297,798.7941206883588,785.2382529206297,791.0154418945312,158287,0.0,0,98777800
2019-02-20,794.0632873095506,804.3438849022845,783.5097643085111,786.739501953125,220857,0.0,0,98777800
2019-02-21,787.0578927169289,808.8018568621995,786.9669360920165,800.204345703125,262919,0.0,0,98777800
2019-02-22,800.6136955031332,804.8442332648632,786.9668711479661,790.1056518554688,261526,0.0,0,98777800
2019-02-25,791.5158634278247,801.5235352642684,783.873619086547,797.111083984375,230445,0.0,0,98777800
2019-02-26,786.9668877757667,816.9899019914895,784.6469386921842,810.2574462890625,395740,0.0,0,98777800
2019-02-27,814.2150852304239,826.9976002897031,809.8935906194491,824.3591918945312,498264,0.0,0,98777800
2019-02-28,827.9074383603287,830.181909344835,815.80726382857,817.99072265625,207947,0.0,0,98777800
2019-03-01,823.3129764354584,839.734645007195,823.3129764354584,837.2327270507812,427619,0.0,0,98777800
2019-03-05,824.7232605082663,831.7286429388633,813.1689356589804,816.944580078125,596175,0.0,0,98777800
2019-03-06,817.8997405594051,827.7254438006887,805.162703442796,808.9838256835938,266385,0.0,0,98777800
2019-03-07,811.531283043641,814.8520330390276,796.9746681011542,799.74951171875,214478,0.0,0,98777800
2019-03-08,802.34239429714,808.7563912684343,793.3354671261644,799.20361328125,302967,0.0,0,98777800
2019-03-11,804.1620011120301,814.3971207665493,802.7973184914276,810.9398803710938,511359,0.0,0,98777800
2019-03-12,817.8543116699019,831.2736908715485,811.9861652521797,823.3585205078125,513383,0.0,0,98777800
2019-03-13,820.6745533136793,846.1031482846066,820.6745533136793,837.8240966796875,549334,0.0,0,98777800
2019-03-14,846.1031912675966,866.8463551735031,838.4154683701564,844.4201049804688,830106,0.0,0,98777800
2019-03-15,844.6020449371163,858.7947773955337,844.6020449371163,854.3367919921875,761997,0.0,0,98777800
2019-03-18,854.2912892781844,872.3050881060307,838.2335021509418,866.5279541015625,435718,0.0,0,98777800
2019-03-19,868.8478650355863,893.4121502250741,864.6173270413229,890.31884765625,606743,0.0,0,98777800
2019-03-20,896.0506767560581,896.0506767560581,871.3953761646185,879.310546875,428537,0.0,0,98777800
2019-03-22,885.133202462971,889.7731013319041,853.3815634451187,881.2666015625,302954,0.0,0,98777800
2019-03-25,882.4946799758369,900.6904465732769,857.111563360779,884.860107421875,455309,0.0,0,98777800
2019-03-26,889.77301625211,918.8862437777414,883.1315723286402,909.5609130859376,972618,0.0,0,98777800
2019-03-27,912.517803649754,950.7289180598136,900.6905539514023,936.627197265625,1005466,0.0,0,98777800
2019-03-28,931.5779271544812,953.2308819180512,923.4353091355972,945.9981079101562,568402,0.0,0,98777800
2019-04-01,959.053440236977,959.053440236977,929.1668587222802,934.7620239257812,457620,0.0,0,98777800
2019-04-02,935.3533865582392,942.404246316985,903.8292533414208,907.2864379882812,409286,0.0,0,98777800
2019-04-03,913.427515716078,925.3457210501458,901.50931038201,906.7860717773438,300581,0.0,0,98777800
2019-04-04,915.4745348370644,922.5253946084802,896.1415322380207,900.3720703125,231959,0.0,0,98777800
2019-04-05,900.5084954488088,918.8862311781874,897.0513108333591,911.5169677734376,200728,0.0,0,98777800
2019-04-08,917.7945168202402,934.0342729008504,909.6064213094012,918.1129760742188,627865,0.0,0,98777800
2019-04-09,923.4352362049462,928.848488350584,913.882457899378,924.3905029296876,358961,0.0,0,98777800
2019-04-10,924.3904939989484,924.3904939989484,905.3759497299676,907.4229736328124,191181,0.0,0,98777800
2019-04-11,915.9749359170164,920.7058466300216,898.1431057630853,915.8385009765624,122551,0.0,0,98777800
2019-04-12,916.156880071062,934.2161568360068,909.106020269125,930.7589721679688,290462,0.0,0,98777800
2019-04-15,930.7589006567526,942.7681172122182,924.3449043065028,929.9401245117188,389172,0.0,0,98777800
2019-04-16,933.943304234674,936.1722413384092,927.0743575547514,928.3480834960938,120549,0.0,0,98777800
2019-04-18,929.803710531934,936.2631857222384,918.886250134299,925.6641845703124,169084,0.0,0,98777800
2019-04-22,918.8862032064064,930.8499418261188,896.2779856658777,900.6449584960938,255820,0.0,0,98777800
2019-04-23,905.2394402496232,909.2425313427594,892.7753283082101,896.9603881835938,134303,0.0,0,98777800
2019-04-24,900.6450236936668,903.1924200682756,873.3968504311707,882.1763305664062,322019,0.0,0,98777800
2019-04-25,887.043673681597,895.3682596000856,874.3066363159126,879.8563232421875,220797,0.0,0,98777800
2019-04-26,882.4946894135916,897.1877933097875,874.3975509795075,878.3551635742188,110952,0.0,0,98777800
2019-04-30,877.9458166559307,883.8594413277063,860.7507934755979,878.7646484375,174641,0.0,0,98777800
2019-05-02,877.9456938699959,886.5886825661254,866.846265701784,869.9850463867188,208344,0.0,0,98777800
2019-05-03,869.9851279434808,877.945776173029,855.8379299099274,860.6143188476562,174838,0.0,0,98777800
2019-05-06,856.2017531287706,866.2094245013606,850.7885571277633,857.8394165039062,153554,0.0,0,98777800
2019-05-07,862.4794906406745,879.492546551323,857.6121444188396,861.5697021484375,209818,0.0,0,98777800
2019-05-08,859.7501413137378,866.0277042397256,838.8704839188731,843.4649047851562,157098,0.0,0,98777800
2019-05-09,845.1478437578174,857.9303581364328,841.5086905949906,853.7908325195312,153750,0.0,0,98777800
2019-05-10,841.5542702341199,846.0577339211882,802.4333690232365,809.2113037109375,1251817,0.0,0,98777800
2019-05-13,806.5728338533052,818.6275292407151,774.4118385596556,776.4588623046875,313463,0.0,0,98777800
2019-05-14,771.7279784684606,787.4218277211348,762.4026477531035,782.2360229492188,423462,0.0,0,98777800
2019-05-15,783.1458333990187,790.9700468544078,764.2222460316688,769.635498046875,223859,0.0,0,98777800
2019-05-16,772.3647939469874,774.9576684090115,760.5830242714185,769.2260131835938,149727,0.0,0,98777800
2019-05-17,769.5444505989151,788.1041550773001,765.3139681055549,779.59765625,310154,0.0,0,98777800
2019-05-20,788.7865202975618,804.2529226563374,787.8767319235161,796.4742431640625,124411,0.0,0,98777800
2019-05-21,800.5227864773043,801.068637272334,775.3216382307245,778.6878662109375,152920,0.0,0,98777800
2019-05-22,778.6878710876484,783.8281419484368,762.9484882071453,772.6377563476562,172014,0.0,0,98777800
2019-05-23,777.8690916009792,807.8011525420516,776.95930318975,797.6115112304688,353437,0.0,0,98777800
2019-05-24,801.3415615502138,814.2605671289118,787.376332694325,802.2058715820312,410141,0.0,0,98777800
2019-05-27,806.2998966705443,825.7238550444342,800.6591979942278,806.52734375,537519,0.0,0,98777800
2019-05-28,811.0763371552875,815.8072478160186,793.6083892313216,797.384033203125,462107,0.0,0,98777800
2019-05-29,794.2453005038865,812.4410691294052,792.5166802728306,803.4796752929688,408551,0.0,0,98777800
2019-05-30,807.7101080683632,816.9899605974455,800.1588756630883,813.5327758789062,153481,0.0,0,98777800
2019-05-31,816.9900274805309,826.5428061982876,801.8875614336141,811.6222534179688,433390,0.0,0,98777800
2019-06-03,807.8920931355337,818.8095538535815,802.4333627765099,809.711669921875,193469,0.0,0,98777800
2019-06-04,807.8920093243507,824.3591553207975,803.3885461395327,809.8935546875,304409,0.0,0,98777800
2019-06-06,814.4426478748326,816.8080756806257,792.425755837593,795.382568359375,251053,0.0,0,98777800
2019-06-07,799.9313947536091,805.0717210657307,773.2291292927692,774.0933837890625,328537,0.0,0,98777800
2019-06-10,777.8690347132982,810.1665209499323,774.912222593043,806.80029296875,459314,0.0,0,98777800
2019-06-11,806.9823408741139,811.3493142510441,791.9708317146743,799.74951171875,315029,0.0,0,98777800
2019-06-12,804.1620516676903,807.2098208336771,790.7881500391859,796.7472534179688,168629,0.0,0,98777800
2019-06-13,796.7472130875914,804.116477117478,792.6531651756368,800.29541015625,138288,0.0,0,98777800
2019-06-14,802.706229500398,809.3021948686344,791.6068008094131,794.47265625,118221,0.0,0,98777800
2019-06-17,794.2452459389699,805.1627063642478,781.0078362791354,797.8843994140625,153985,0.0,0,98777800
2019-06-18,798.7032346002175,802.4333447166351,778.0965057470546,783.100341796875,169030,0.0,0,98777800
2019-06-19,786.8759984084527,790.0147239214606,765.4049591501524,782.099609375,442714,0.0,0,98777800
2019-06-20,778.0510166208721,788.4225706080013,770.5907409626444,785.0108642578125,175141,0.0,0,98777800
2019-06-21,786.9668769686647,787.8766652657382,766.2237149012007,773.45654296875,368126,0.0,0,98777800
2019-06-24,773.3201693797416,773.3201693797416,744.2069394736807,753.2138671875,849371,0.0,0,98777800
2019-06-25,749.1198960574842,754.1692112813301,741.386693570613,748.9379272460938,424213,0.0,0,98777800
2019-06-26,750.1204345703126,775.6854629486493,746.9816539080795,772.1828002929688,465081,0.0,0,98777800
2019-06-27,771.5005408653847,787.4218374044698,767.9978778384161,783.5552368164062,378867,0.0,0,98777800
2019-06-28,782.4179819662032,789.8782575512307,769.5899884269917,773.0926513671875,328146,0.0,0,98777800
2019-07-01,768.7711687026396,772.4103221639538,746.2993849732089,750.3934326171875,971343,0.0,0,98777800
2019-07-02,751.0757659216873,758.1266256781686,742.8876707206123,749.9840087890625,481827,0.0,0,98777800
2019-07-03,750.4844224286034,751.894583247066,735.2454677630266,743.2061157226562,662225,0.0,0,98777800
2019-07-04,746.0264049452404,760.4920611064167,743.2970400490993,753.57763671875,273766,0.0,0,98777800
2019-07-05,757.353424898056,757.353424898056,732.7891361451093,735.9279174804688,242759,0.0,0,98777800
2019-07-08,736.7466357631115,741.9324407527907,718.141451863434,720.6889038085938,395987,0.0,0,98777800
2019-07-09,721.4621934847347,727.8307122166302,709.6804227249127,716.1399536132812,339894,0.0,0,98777800
2019-07-10,720.5524037407208,731.9247585977398,713.7289908265095,719.3696899414062,357631,0.0,0,98777800
2019-07-11,722.781408375922,736.7466381601324,720.8253410964696,734.0172729492188,136904,0.0,0,98777800
2019-07-12,736.8830567507244,742.3872649499926,729.3318248429543,732.2431030273438,243205,0.0,0,98777800
2019-07-15,732.3796996534239,735.9278968074761,717.8230845050329,723.1453247070312,136692,0.0,0,98777800
2019-07-16,723.7365995583405,733.2438984899055,718.7327638605769,725.8291015625,194566,0.0,0,98777800
2019-07-17,727.785248210461,732.2887119366502,715.9579989044288,728.0126953125,309594,0.0,0,98777800
2019-07-18,727.7851590288277,729.6502139311918,718.0504131486199,720.8252563476562,151314,0.0,0,98777800
2019-07-19,724.1005778498624,724.1005778498624,699.4452799793379,707.0875244140625,537544,0.0,0,98777800
2019-07-22,706.450632042303,706.8600478930229,686.1168852569642,695.3057250976562,305064,0.0,0,98777800
2019-07-23,695.4422395395119,709.3619902404953,694.0320231685049,704.358154296875,345757,0.0,0,98777800
2019-07-24,707.9973434617638,713.547030486025,697.6712118119608,702.2201538085938,328449,0.0,0,98777800
2019-07-25,703.9942610669152,719.5516762067368,698.8084560203081,703.08447265625,359176,0.0,0,98777800
2019-07-26,700.6735230314407,711.4544928145065,695.3967061550812,708.4976806640625,252811,0.0,0,98777800
2019-07-29,710.5447903926253,712.1369202046445,700.0367447391139,700.946533203125,167770,0.0,0,98777800
2019-07-30,704.5855463017319,726.9208375253902,704.2216087772001,714.91162109375,552406,0.0,0,98777800
2019-07-31,714.183853792332,738.6571825861447,711.3179982820452,735.2909545898438,379361,0.0,0,98777800
2019-08-01,735.2909437300797,748.71032167639,713.274054908963,724.7373657226562,458291,0.0,0,98777800
2019-08-02,725.0103873907537,725.0103873907537,705.9957879018692,718.4598999023438,301089,0.0,0,98777800
2019-08-05,715.1846240121808,737.3380044044894,696.9433780809939,732.7890625,371307,0.0,0,98777800
2019-08-06,729.149810364025,740.5221635872175,727.4666687695515,736.2916259765625,315885,0.0,0,98777800
2019-08-07,736.8375720789703,746.0264117683914,734.0171950097201,737.3834228515625,247401,0.0,0,98777800
2019-08-08,735.563941466849,754.1236475448054,735.109047254439,747.7095947265625,363144,0.0,0,98777800
2019-08-09,762.4027326709213,779.0518504527876,707.0876051772244,714.3204345703125,2703609,0.0,0,98777800
2019-08-13,714.1838538213101,742.9331434322963,711.5909792388114,715.002685546875,1242242,0.0,0,98777800
2019-08-14,716.6402218005106,736.9284888443627,716.6402218005106,728.92236328125,745508,0.0,0,98777800
2019-08-16,732.5616337150291,745.9810126686878,724.9193889128401,734.0172729492188,738031,0.0,0,98777800
2019-08-19,734.7450354142444,744.1613779768935,712.3642646372698,716.00341796875,740554,0.0,0,98777800
2019-08-20,760.5831356247819,802.5243604852822,758.126695731661,772.0464477539062,8805775,0.0,0,98777800
2019-08-21,773.3200992986898,777.8235627474794,759.6732740169482,773.5475463867188,1741071,0.0,0,98777800
2019-08-22,771.5005733250969,778.7334023058352,756.0796486368987,758.8544921875,1221526,0.0,0,98777800
2019-08-23,751.5761884662213,773.0927067225581,748.3464506942905,769.908447265625,834503,0.0,0,98777800
2019-08-26,772.0009772974681,775.5036961435859,752.5770161228411,764.1768188476562,1274608,0.0,0,98777800
2019-08-27,766.4057024110919,786.8304057566826,757.0348382987856,783.4642333984375,1550713,0.0,0,98777800
2019-08-28,786.0570687111666,793.3353749029367,774.2752994574249,778.1873779296875,594636,0.0,0,98777800
2019-08-29,781.0889067115953,785.1877925248539,774.0425043461506,779.4769897460938,569059,10.5,0,98777800
2019-08-30,790.8089333831101,797.1976840976286,778.3577859400514,788.3373413085938,546757,10.5,0,98777800
2019-09-03,788.1042381134861,788.1042381134861,766.0466233534742,773.6478881835938,420990,0.0,0,98777800
2019-09-04,776.9121465830016,786.2388230125694,772.9483091004353,780.31640625,390249,0.0,0,98777800
2019-09-05,784.420117267367,798.7832218772357,780.9692355701371,795.0525512695312,454373,0.0,0,98777800
2019-09-06,797.524080187795,802.1407964140185,785.3061568128137,789.736328125,284842,0.0,0,98777800
2019-09-09,790.9022367372801,797.4309108612906,786.2388980772724,794.2131958007812,186540,0.0,0,98777800
2019-09-11,797.384337437809,798.8765831297133,788.0110375452606,794.4464111328125,360220,0.0,0,98777800
2019-09-12,794.6328435803651,799.2029378688155,782.6480869608912,783.9071655273438,283023,0.0,0,98777800
2019-09-13,788.1041526226647,794.2131142549327,779.9899328022751,790.5757446289062,193543,0.0,0,98777800
2019-09-16,792.7675010362339,794.1665025086508,778.777486312065,784.74658203125,258807,0.0,0,98777800
2019-09-17,784.7466578106881,788.1042388985088,774.8603456289562,776.3059692382812,289845,0.0,0,98777800
2019-09-18,780.0832570565078,786.238840869622,776.4924523942607,780.40966796875,217005,0.0,0,98777800
2019-09-19,784.3268687579151,788.0575393441464,767.1191392938199,772.9949340820312,180279,0.0,0,98777800
2019-09-20,777.3784885253152,844.204148611465,776.2592759569723,832.6856689453125,1480426,0.0,0,98777800
2019-09-23,839.4009625315829,862.6244119318317,829.6545733037508,853.6241455078125,709381,0.0,0,98777800
2019-09-24,858.0076609588588,875.914892162231,828.5820064446724,847.281982421875,777730,0.0,0,98777800
2019-09-25,846.8622341448865,849.6602371211362,835.5302993208691,842.1056518554688,283024,0.0,0,98777800
2019-09-26,846.7689670109629,870.1789018356938,842.8051295695892,867.5674438476562,489152,0.0,0,98777800
2019-09-27,867.8472878431943,876.6143869226182,852.318347993364,855.4894409179688,526364,0.0,0,98777800
2019-09-30,850.8261272474202,866.4016895506189,838.1418690304373,850.3131713867188,465725,0.0,0,98777800
2019-10-01,858.9868952616431,868.733283471376,829.1415308225849,841.7325439453125,448040,0.0,0,98777800
2019-10-03,841.4528532398501,844.0176895456588,817.996236618337,831.3333740234375,283285,0.0,0,98777800
2019-10-04,831.100187620339,843.4114129849686,817.9495954578721,818.8822631835938,229953,0.0,0,98777800
2019-10-07,822.9859973799657,832.8256301835894,811.9338510316293,829.934326171875,163593,0.0,0,98777800
2019-10-09,837.3023566927975,856.1888760166952,832.7322625800191,851.0592041015625,379939,0.0,0,98777800
2019-10-10,854.3236025423565,864.7694920371484,848.2146405686693,855.7692260742188,549899,0.0,0,98777800
2019-10-11,858.054288075414,865.3290847848626,850.686190440211,854.3702392578125,415044,0.0,0,98777800
2019-10-14,860.3859950550126,888.7391172828607,860.3859950550126,878.9461059570312,1070202,0.0,0,98777800
2019-10-15,884.1690345255392,899.8378414737988,877.920149162248,885.1949462890625,844828,0.0,0,98777800
2019-10-16,888.6457516453676,917.9781614848248,886.4073833749085,913.0350341796876,859574,0.0,0,98777800
2019-10-17,914.9470499579826,917.6984311671196,897.3196069592259,909.2111206054688,413506,0.0,0,98777800
2019-10-18,909.7240873325676,917.2786728491708,895.9672389090542,901.330078125,401923,0.0,0,98777800
2019-10-22,899.4647104465641,903.7549588950544,885.4746956029875,891.4903564453125,302924,0.0,0,98777800
2019-10-23,893.3090378961512,902.3093032280232,883.3294829452627,888.6923217773438,472012,0.0,0,98777800
2019-10-24,891.5369975704072,895.9204898284697,877.3138164157853,883.6559448242188,385820,0.0,0,98777800
2019-10-25,885.1016430063842,912.1490061751778,883.2363076154329,906.366455078125,1250943,0.0,0,98777800
2019-10-27,911.0297358263635,918.6776218297448,910.2836131023664,916.9522094726562,83308,0.0,0,98777800
2019-10-29,921.5223431630476,931.7350662351132,910.2837083538244,919.190673828125,540740,0.0,0,98777800
2019-10-30,922.4083873830742,944.792412961632,920.5430519181944,936.818115234375,1052542,0.0,0,98777800
2019-10-31,941.0616524208408,960.4611849487192,937.8905596622988,951.0878295898438,926424,0.0,0,98777800
2019-11-01,951.4609213882125,963.212510952062,936.538239059253,941.1082763671876,562356,0.0,0,98777800
2019-11-04,941.4347784863144,947.5903624009958,907.7654411000236,911.8692016601562,329696,0.0,0,98777800
2019-11-05,916.5325957250108,925.1597722846366,889.9981872457067,895.0812377929688,675833,0.0,0,98777800
2019-11-06,895.7807798608718,914.0144235579694,895.3610679751537,910.2837524414062,350120,0.0,0,98777800
2019-11-07,913.9211564426136,917.2787375924177,889.765038803423,893.4024658203125,360512,0.0,0,98777800
2019-11-08,889.578436984856,917.7916347864824,886.9669788213794,904.3145751953124,1197308,0.0,0,98777800
2019-11-11,906.553026100808,915.8797033240676,894.1951787799895,904.1281127929688,777333,0.0,0,98777800
2019-11-13,914.3874574050508,976.1766939866076,895.4542571083238,935.8854370117188,4278979,0.0,0,98777800
2019-11-14,941.7145202082116,971.233416630551,940.128973847374,960.7409057617188,1735048,0.0,0,98777800
2019-11-15,959.7150054850252,969.9743495669836,929.076896155928,933.740234375,788824,0.0,0,98777800
2019-11-18,938.1704088985751,963.4456793623672,937.2843632488116,959.3419189453124,692018,0.0,0,98777800
2019-11-19,959.7150380967314,987.2287345241888,959.7150380967314,974.4512329101562,1378938,0.0,0,98777800
2019-11-20,980.0472350109692,984.38404860376,959.901522220431,965.637451171875,493992,0.0,0,98777800
2019-11-21,968.0624073362484,981.399601174883,956.4507398477951,972.0262451171876,558371,0.0,0,98777800
2019-11-22,973.7050845970635,974.6377523026164,941.248259828932,949.9220581054688,514048,0.0,0,98777800
2019-11-25,951.3209825136878,969.414757304252,944.978854015366,965.7306518554688,291506,0.0,0,98777800
2019-11-26,971.7465286338642,982.0991176451,953.839296870046,957.3834228515624,458690,0.0,0,98777800
2019-11-27,957.4767010020684,973.7051428192652,957.4767010020684,968.7153930664062,258322,0.0,0,98777800
2019-11-28,968.1090359885108,992.3583952714602,968.1090359885108,972.9588623046876,1118947,0.0,0,98777800
2019-11-29,974.6377407267092,982.7985830533682,959.8083016143444,973.378662109375,308135,0.0,0,98777800
2019-12-02,974.6377837041724,977.715632772076,961.8136023396438,965.9639282226562,197203,0.0,0,98777800
2019-12-03,959.7150490973704,969.0417259593468,954.352209901734,957.7564697265624,235978,0.0,0,98777800
2019-12-04,955.984383779873,965.9638825384288,946.9374957872916,958.3627319335938,238343,0.0,0,98777800
2019-12-05,959.7150673372146,965.1711506349592,944.6524611486436,949.0360107421876,529038,0.0,0,98777800
2019-12-06,950.4816011063808,964.2384492588484,944.8855950782586,952.11376953125,437899,0.0,0,98777800
2019-12-09,955.9376610069032,977.2957729326132,948.8960885697468,969.0416870117188,1176688,0.0,0,98777800
2019-12-10,969.0417716215368,972.2128646742408,953.2796642118636,956.2175903320312,415695,0.0,0,98777800
2019-12-11,957.8030017009312,970.9070277795792,955.238165652522,958.5025024414062,435577,0.0,0,98777800
2019-12-12,961.5804519324358,975.2906223410064,961.5804519324358,970.1609497070312,326697,0.0,0,98777800
2019-12-13,970.9070498556424,986.4825544906266,954.3055766226572,974.17138671875,480231,0.0,0,98777800
2019-12-16,973.7050540088376,976.3165690427616,962.55972081802,970.3474731445312,330491,0.0,0,98777800
2019-12-17,970.0677126025388,1009.3330024553396,964.7515519208388,999.586669921875,1033472,0.0,0,98777800
2019-12-18,1002.61782995796,1010.079171948345,985.8764894074516,998.933837890625,600847,0.0,0,98777800
2019-12-19,998.3741542112826,1000.752502530314,984.524060800154,993.7108154296876,330787,0.0,0,98777800
2019-12-20,996.0890062144676,1015.6750259995836,989.7468209341148,993.8040161132812,673662,0.0,0,98777800
2019-12-23,997.9543966752808,998.7938203398872,977.0160532387218,979.6741333007812,217004,0.0,0,98777800
2019-12-24,981.1664290459164,983.9644321705722,974.124742308451,978.461669921875,328606,0.0,0,98777800
2019-12-26,982.658657666745,987.1355081294236,971.1869133640654,974.2646484375,197832,0.0,0,98777800
2019-12-27,979.3011184653204,983.3582003287542,971.8397766103466,975.6171264648438,196059,0.0,0,98777800
2019-12-30,979.347787502882,988.5811068743408,976.8761952681716,984.1043701171876,261301,0.0,0,98777800
2019-12-31,992.3583224522062,1003.5503336076822,989.5603196633372,993.4774780273438,796823,0.0,0,98777800
2020-01-01,992.2184533609308,999.4933065469916,989.9800282382174,994.3169555664062,225628,0.0,0,98777800
2020-01-02,997.8610681974358,1002.0580723141032,989.5603039520444,992.2183837890624,229512,0.0,0,98777800
2020-01-03,997.9544544119811,997.9544544119811,981.7260134111486,988.7677001953124,297783,0.0,0,98777800
2020-01-06,983.1717185501384,988.4878791150628,970.9071150281336,978.8814697265624,186901,0.0,0,98777800
2020-01-07,981.1664005731294,992.1719247511508,966.3836405970588,970.6738891601562,416576,0.0,0,98777800
2020-01-08,974.5445057337272,974.5445057337272,957.8964100036968,964.3317260742188,839540,0.0,0,98777800
2020-01-09,969.9276743294045,971.8396885469006,954.72525998809,959.6217651367188,456854,0.0,0,98777800
2020-01-10,959.7150096960684,959.7150096960684,931.7349802588652,937.8905639648438,798825,0.0,0,98777800
2020-01-13,938.263731270654,945.7250730700232,933.7869375761368,937.377685546875,334029,0.0,0,98777800
2020-01-14,939.196359060026,955.0517097095004,938.8232692157136,946.0048217773438,598095,0.0,0,98777800
2020-01-15,951.2742519658416,1035.8672077312294,949.9218726716834,1026.866943359375,4483234,0.0,0,98777800
2020-01-16,1027.7998079451704,1070.7025222514117,1020.3384663266936,1049.857421875,3794668,0.0,0,98777800
2020-01-17,1048.3184833325354,1093.9725212077146,1035.9139575178124,1060.396484375,2530053,0.0,0,98777800
2020-01-20,1064.173825572091,1091.127944362485,1054.9870716710575,1058.2979736328125,1483104,0.0,0,98777800
2020-01-21,1049.25119722187,1082.82723553297,1049.25119722187,1069.1170654296875,1018999,0.0,0,98777800
2020-01-22,1081.8943848085526,1086.5577226741066,1055.173436068723,1063.8472900390625,907437,0.0,0,98777800
2020-01-23,1066.0393965054832,1104.1855359135557,1059.65064423977,1100.31494140625,1923129,0.0,0,98777800
2020-01-24,1102.3667504836103,1117.336115433642,1095.9779983033045,1101.9937744140625,1018094,0.0,0,98777800
2020-01-27,1101.4339159338529,1125.4035450301917,1098.6825916564542,1105.9107666015625,968841,0.0,0,98777800
2020-01-28,1099.615236039351,1157.4406343722092,1099.615236039351,1146.0621337890625,1751440,0.0,0,98777800
2020-01-29,1153.709805776366,1161.1711464766172,1137.8544567883318,1143.8701171875,1126829,0.0,0,98777800
2020-01-30,1144.3831451387268,1162.2903175173578,1126.8023836498733,1153.6165771484375,1068514,0.0,0,98777800
2020-01-31,1156.4145768107735,1158.6995668840414,1091.221088980938,1094.5321044921875,1351299,0.0,0,98777800
2020-02-03,1082.827264307021,1099.5220399033246,1073.687074761256,1086.6046142578125,551834,0.0,0,98777800
2020-02-04,1091.2214102287974,1128.434881091427,1091.2214102287974,1119.0615234375,889718,0.0,0,98777800
2020-02-05,1123.8645427774666,1132.491718728248,1106.2837799614863,1111.4134521484375,438451,0.0,0,98777800
2020-02-06,1119.2013655802316,1132.1654708350793,1104.138757764921,1110.714111328125,565554,0.0,0,98777800
2020-02-07,1117.568957122306,1133.0978955078556,1102.926121271671,1117.8021240234375,925426,0.0,0,98777800
2020-02-10,1095.884631219899,1130.393338756185,1077.2312757948791,1114.9576416015625,1219428,0.0,0,98777800
2020-02-11,1122.4655709535562,1123.3049946492793,1090.0553685516982,1095.091796875,688930,0.0,0,98777800
2020-02-12,1108.9420154572538,1150.7255784850454,1095.9779102523455,1141.865234375,1448109,0.0,0,98777800
2020-02-13,1141.5386249180035,1151.2850710269784,1092.9933377832583,1110.9005126953125,2146732,0.0,0,98777800
2020-02-14,1105.211221237323,1114.024885435889,1079.0965257144155,1082.780517578125,868857,0.0,0,98777800
2020-02-17,1088.4232112909986,1089.355878995618,1053.9145062200755,1057.8316650390625,799669,0.0,0,98777800
2020-02-18,1057.6451836503873,1094.9518920683904,1042.1162435011856,1061.3758544921875,1526981,0.0,0,98777800
2020-02-19,1073.407056541541,1085.9980678856307,1046.406263904162,1061.1424560546875,801261,0.0,0,98777800
2020-02-20,1070.7025926085105,1075.3659314264917,1047.5258214533524,1051.6761474609375,731297,0.0,0,98777800
2020-02-24,1043.655181233687,1056.5726064170865,1022.0173356171582,1027.33349609375,636816,0.0,0,98777800
2020-02-25,1027.7065167373544,1035.1678580130938,1007.467560216292,1025.5147705078125,771325,0.0,0,98777800
2020-02-26,1020.3384275899458,1032.463107259662,998.980315247701,1002.9441528320312,636854,0.0,0,98777800
2020-02-27,1009.1465325274468,1015.4887189377235,980.9333323343272,990.5398559570312,570114,0.0,0,98777800
2020-02-28,978.3684302586968,978.3684302586968,928.004373791614,937.61083984375,1230192,0.0,0,98777800
2020-03-02,951.3210443078806,963.0726344379472,926.1390166644368,933.08740234375,577674,0.0,0,98777800
2020-03-03,941.9943578357448,997.0217510162486,941.9943578357448,963.9120483398438,1896743,0.0,0,98777800
2020-03-04,967.1764643632764,978.788132401762,917.7450732241696,947.8236083984376,777129,0.0,0,98777800
2020-03-05,958.4092906440686,964.425065524875,941.9943621529958,955.098388671875,494916,0.0,0,98777800
2020-03-06,896.2136897639828,948.6497333143632,896.2136897639828,940.4595336914062,468282,9.5,0,98777800
2020-03-09,922.5729687320772,927.2799736745878,890.5653351230052,906.6632690429688,440619,0.0,0,98777800
2020-03-11,902.0503842597824,934.2933661709768,902.0503842597824,918.3366088867188,615965,0.0,0,98777800
2020-03-12,892.4481032533129,895.4605977939801,848.4376087099665,856.9102172851562,919508,0.0,0,98777800
2020-03-13,790.7767719856229,914.900460176374,734.810475857549,884.069580078125,815750,0.0,0,98777800
2020-03-16,851.9679556474345,856.6279023661684,804.0506189154418,818.877685546875,637576,0.0,0,98777800
2020-03-17,828.4327895874859,835.8227636475448,800.1907626697307,826.5499877929688,315359,0.0,0,98777800
2020-03-18,829.6567029276255,839.3531218892433,655.4975151736514,702.5675659179688,1519481,0.0,0,98777800
2020-03-19,659.3572448414355,720.1717229031706,624.996110349977,703.885498046875,1466599,0.0,0,98777800
2020-03-20,712.6405671600749,770.2072621142228,687.2227397976944,746.3897705078125,691503,0.0,0,98777800
2020-03-23,673.1017250295273,745.2130197205962,651.4495017068992,658.5570678710938,407425,0.0,0,98777800
2020-03-24,687.2226785616213,709.0631916185779,642.7885431957894,669.5714111328125,690508,0.0,0,98777800
2020-03-25,659.1689331818089,733.0218465681041,653.2851774540695,700.119873046875,780746,0.0,0,98777800
2020-03-26,720.1717151924211,821.560607372006,714.2409007943118,810.7815551757812,1197913,0.0,0,98777800
2020-03-27,837.8468268199819,878.421183876944,754.0621441379836,766.818115234375,1037951,0.0,0,98777800
2020-03-30,753.1207482849056,762.534757638467,732.4569862621279,745.7307739257812,403182,0.0,0,98777800
2020-03-31,771.9487228629587,781.1744400103426,736.5049566895503,770.4895629882812,537529,0.0,0,98777800
2020-04-01,771.9017686809996,784.8460325523974,754.1563251894395,767.147705078125,275019,0.0,0,98777800
2020-04-03,771.0074141613999,794.9660809527543,754.2034294002793,776.1851196289062,696751,0.0,0,98777800
2020-04-07,795.4838408447408,833.6105811455834,783.8575615388943,809.1341552734375,677242,0.0,0,98777800
2020-04-08,812.0524549302253,886.56436479849,809.134134902365,838.4116821289062,1068870,0.0,0,98777800
2020-04-09,863.2646106491044,863.2646106491044,830.5038713768134,845.8016357421875,586149,0.0,0,98777800
2020-04-13,856.6748344662849,903.7448803160808,820.90159962044,894.0014038085938,985382,0.0,0,98777800
2020-04-15,902.756435033981,912.1704443519044,871.4548540518855,885.8112182617188,864910,0.0,0,98777800
2020-04-16,883.9754669795228,901.8620845222396,867.0302503601071,884.3991088867188,780373,0.0,0,98777800
2020-04-17,892.5893492828765,911.6527188526322,886.4702430012264,891.7420654296875,1364794,0.0,0,98777800
2020-04-20,896.213724093998,929.021524939017,890.3770265840278,903.6036987304688,882036,0.0,0,98777800
2020-04-21,894.3308684655888,902.8034766931576,885.4346183349313,893.9072265625,675268,0.0,0,98777800
2020-04-22,886.7996923765216,888.2588523531587,848.7200125656705,877.9505004882812,687505,0.0,0,98777800
2020-04-23,882.6574608135656,894.3308549564172,854.8390757116315,858.9342041015625,660055,0.0,0,98777800
2020-04-24,858.5576220881958,882.0455860701477,837.8468022571209,859.5460815429688,718412,0.0,0,98777800
2020-04-27,872.6786418896247,884.7285620227118,862.3702904532635,871.2665405273438,274980,0.0,0,98777800
2020-04-28,873.620039203486,908.9225731152648,869.8544355862297,903.1329345703124,678818,0.0,0,98777800
2020-04-29,910.993721742179,931.9869516874686,885.1522538627701,890.7536010742188,1211246,0.0,0,98777800
2020-04-30,899.0379353496048,920.7842749908692,899.0379353496048,915.747802734375,747775,0.0,0,98777800
2020-05-04,877.4797899332806,918.5719637951636,877.4797899332806,886.47021484375,607293,0.0,0,98777800
2020-05-05,903.6507256551292,903.6507256551292,851.9677944764007,855.4039306640625,574382,0.0,0,98777800
2020-05-06,847.7315341095235,867.9716540244094,829.4212746017884,841.8477783203125,1458619,0.0,0,98777800
2020-05-07,841.8477870393828,854.4625825655245,812.711416577732,821.5135498046875,817562,0.0,0,98777800
2020-05-08,828.903514103776,841.612426585776,805.4626080979996,809.0870361328125,708735,0.0,0,98777800
2020-05-11,814.3118297812783,851.9678681526669,812.240736179141,847.35498046875,1013613,0.0,0,98777800
2020-05-12,842.5538925094526,861.5231455868033,826.2206081911557,853.47412109375,421098,0.0,0,98777800
2020-05-13,874.4674298318315,874.4674298318315,850.3675292620478,868.0658569335938,495952,0.0,0,98777800
2020-05-14,868.7248054840198,884.6345048945009,839.0706748655375,849.1436767578125,412464,0.0,0,98777800
2020-05-15,849.1436265240332,859.4519780494887,835.3050215623634,840.52978515625,330863,0.0,0,98777800
2020-05-18,847.3549455876621,848.0139377237451,821.0428358256274,830.033203125,425603,0.0,0,98777800
2020-05-19,834.269543119919,856.6748744997398,821.2782213499855,836.7642211914062,641697,0.0,0,98777800
2020-05-20,833.1397766283295,851.1676264167579,828.5740053556507,844.9072875976562,483243,0.0,0,98777800
2020-05-21,845.3780994462185,862.9823096680461,844.5308155613462,853.8036499023438,708799,0.0,0,98777800
2020-05-22,853.7565234597082,856.5807262399804,834.4106884480015,842.17724609375,445496,0.0,0,98777800
2020-05-26,843.306948641391,880.2098768971312,842.1772560242509,875.8794555664062,704496,0.0,0,98777800
2020-05-27,877.385666827862,893.6718914264111,861.3818510166242,863.9236450195312,606882,0.0,0,98777800
2020-05-28,865.1474917468549,887.4587062357374,863.2646898061654,870.5134887695312,603775,0.0,0,98777800
2020-05-29,868.9131019000974,922.6200161542156,865.1945565486837,915.6065673828124,1058723,0.0,0,98777800
2020-06-01,924.4557671844196,942.7189692751514,897.4846059832439,905.5336303710938,1041860,0.0,0,98777800
2020-06-02,910.3347150452794,922.4316942214564,887.2703918616089,909.7698974609376,1102110,0.0,0,98777800
2020-06-03,914.4768481775484,964.3710953829108,912.4057547263706,954.4392700195312,1827727,0.0,0,98777800
2020-06-04,986.5881331194804,996.0021420232924,956.039662734901,964.6064453125,2844770,0.0,0,98777800
2020-06-05,977.4095336532048,977.4095336532048,943.2837493094256,953.3096923828124,1165354,0.0,0,98777800
2020-06-08,960.2289582446176,980.9397789126388,927.3740424741992,930.6218872070312,1134082,0.0,0,98777800
2020-06-09,939.5181198832504,953.639133709151,933.86971435289,938.4354858398438,1133120,0.0,0,98777800
2020-06-10,950.8149744992496,950.8149744992496,925.3971484482796,935.0935668945312,1076796,0.0,0,98777800
2020-06-11,936.6939472540366,987.341364439239,935.0935541439018,975.5738525390624,2923931,0.0,0,98777800
2020-06-12,946.06096651297,1023.5853749828318,942.3424209923676,1011.2529296875,2261362,0.0,0,98777800
2020-06-15,1012.9474187116504,1033.093421955694,999.767805457038,1007.1107788085938,1682066,0.0,0,98777800
2020-06-16,1012.0060246067964,1021.0434507733517,974.1617522581112,987.3883666992188,2181100,0.0,0,98777800
2020-06-17,991.0597764142274,1006.0750744833,979.7158498434536,984.1405029296876,720198,0.0,0,98777800
2020-06-18,981.6930175064746,1026.5506836221334,972.5143576747604,1019.2078247070312,1467632,0.0,0,98777800
2020-06-19,1019.2077263445676,1030.4574213421795,998.8263734966764,1012.617919921875,1159119,0.0,0,98777800
2020-06-22,1013.8887315625813,1025.6091263645017,988.5180242187316,991.8129272460938,1168185,0.0,0,98777800
2020-06-23,996.6611930341344,1003.5334663030555,980.7516080630214,996.0022583007812,583340,0.0,0,98777800
2020-06-24,1004.4748292485511,1047.026106882489,986.541094905714,1000.662109375,1605119,0.0,0,98777800
2020-06-25,998.7322820899911,1010.9704943327902,974.3499747151473,1006.9224243164062,874077,0.0,0,98777800
2020-06-26,1020.4786640726844,1028.1981061550978,1008.2404513116652,1014.0300903320312,410500,0.0,0,98777800
2020-06-29,1016.713066991236,1023.30287390692,978.1156264850872,982.4931640625,696422,0.0,0,98777800
2020-06-30,994.1193625147253,1011.064578921226,987.6707892545606,990.4478759765624,656947,0.0,0,98777800
2020-07-01,988.470950394152,996.8494414332944,973.03195256648,988.51806640625,631653,0.0,0,98777800
2020-07-02,993.1780042658204,1000.6620958666672,984.7053956986236,986.3999633789062,542838,0.0,0,98777800
2020-07-03,996.1905612453556,1016.4778001676224,987.5768334323216,1008.4758911132812,796618,0.0,0,98777800
2020-07-06,1016.7130425053232,1024.3854833557994,1005.9810485176783,1010.6410522460938,460284,0.0,0,98777800
2020-07-07,997.8849668200908,1015.8657012576735,964.0886510924802,968.2779541015624,1989701,0.0,0,98777800
2020-07-08,968.2780211331363,971.5258085378574,942.3423782426312,948.3202514648438,1576167,0.0,0,98777800
2020-07-09,948.8380330250316,962.5354052480797,937.635338824728,952.69775390625,1965498,0.0,0,98777800
2020-07-10,952.6977128444912,959.287519158633,906.851477424395,913.11181640625,1991354,0.0,0,98777800
2020-07-13,913.5354583038694,925.7736700301326,906.4749515387176,913.11181640625,685399,0.0,0,98777800
2020-07-14,913.1117985338508,933.8696765253916,910.4287715404774,931.5161743164062,1431249,0.0,0,98777800
2020-07-15,941.4009597535286,944.4605128727276,919.1368040719358,922.9495239257812,894341,0.0,0,98777800
2020-07-16,929.1627565803808,929.1627565803808,902.8035294433488,924.5969848632812,722716,0.0,0,98777800
2020-07-17,923.5143517666172,942.907188769324,917.1128366609656,935.658447265625,1131974,0.0,0,98777800
2020-07-20,939.8947578623288,955.5219910878304,937.6824310925584,947.6613159179688,705362,0.0,0,98777800
2020-07-21,957.4047662688408,957.4047662688408,927.75063634016,942.9542846679688,739311,0.0,0,98777800
2020-07-22,942.2482409880416,954.0157529523316,928.2213437431864,944.4605102539062,510513,0.0,0,98777800
2020-07-23,943.2837113172908,976.1386260422016,940.4595085887958,967.8072509765624,1565080,0.0,0,98777800
2020-07-24,966.8187928066992,974.6324667972002,947.9907734725864,967.6660766601562,573795,0.0,0,98777800
2020-07-27,967.6660609678908,971.99648236109,941.2126597573136,943.1896362304688,535914,0.0,0,98777800
2020-07-28,943.1895608675962,949.7793670011316,932.7870352185328,940.93017578125,563628,0.0,0,98777800
2020-07-29,942.0599615725552,956.3692677991806,937.02343191112,946.9081420898438,731289,0.0,0,98777800
2020-07-30,950.7208855744916,954.8159569095868,927.3740949871308,929.2568969726562,402133,0.0,0,98777800
2020-07-31,931.2337462412984,934.4344747040468,913.2058967107148,917.3480834960938,730836,0.0,0,98777800
2020-08-03,913.158946961183,926.1032103846018,912.2175459849344,915.3241577148438,319294,0.0,0,98777800
2020-08-04,913.3001045063212,920.1252610192738,905.6276642014436,912.7352294921876,667781,0.0,0,98777800
2020-08-05,917.8659098575192,933.7756086118042,914.571006591364,929.3980712890624,725875,0.0,0,98777800
2020-08-06,933.540241404152,933.8226501872624,912.6881881297826,926.66796875,576447,0.0,0,98777800
2020-08-07,927.2799446413022,929.6805055951096,902.803519706608,912.217529296875,775997,0.0,0,98777800
2020-08-10,907.510520129998,913.1589258569484,890.5653029491475,911.1820068359376,692507,0.0,0,98777800
2020-08-11,922.5728902730856,933.9638182818125,910.8524374712734,914.3356323242188,1079422,0.0,0,98777800
2020-08-12,914.3827472599772,929.115695368967,909.4874507425184,924.1262817382812,544636,0.0,0,98777800
2020-08-13,932.2223185766524,945.9196913164892,923.5143595291048,926.29150390625,1108782,0.0,0,98777800
2020-08-14,926.3385575015434,933.634415042841,911.2761419324124,914.9005126953124,517328,0.0,0,98777800
2020-08-17,920.6901399321916,920.6901399321916,896.2137149442192,901.5797119140624,837677,0.0,0,98777800
2020-08-18,903.2742271405854,916.8304240383632,903.2742271405854,913.7237548828124,538412,0.0,0,98777800
2020-08-19,917.8659341440032,917.8659341440032,904.309737363993,912.3116455078124,616229,0.0,0,98777800
2020-08-20,910.0052454100623,959.1934447291457,908.5460279801651,952.93310546875,2416654,0.0,0,98777800
2020-08-21,961.8293354648764,994.1193756637596,960.7467014189428,981.9752807617188,2760672,0.0,0,98777800
2020-08-24,987.529602380489,1011.9119101128666,983.8111145728778,997.93212890625,1624120,0.0,0,98777800
2020-08-25,1002.544968557946,1010.0761767049936,973.3145358874876,977.7390747070312,854860,0.0,0,98777800
2020-08-26,979.0569331573932,981.0338520582328,951.9916573609748,955.6160278320312,863933,0.0,0,98777800
2020-08-27,956.4633151225852,960.22891872543,931.986891704094,934.622802734375,931220,0.0,0,98777800
2020-08-28,940.9301980177922,945.8254941815308,929.7746203543784,934.1050415039062,846032,0.0,0,98777800
2020-08-31,940.4595917773848,949.8736017050862,894.3309431316471,896.2137451171875,1163974,0.0,0,98777800
2020-09-01,896.2136810658476,903.6978299151984,841.000493802477,852.7680053710938,2674771,0.0,0,98777800
2020-09-02,865.1474310883312,875.4087239290562,853.2858026770696,860.0167846679688,1427130,0.0,0,98777800
2020-09-03,864.2060376866143,886.799659586918,862.0408270795456,871.9725952148438,1070176,0.0,0,98777800
2020-09-04,864.2060261578853,873.4317434857255,847.2608099587111,858.9342041015625,716437,0.0,0,98777800
2020-09-07,861.3348437680651,869.5250438392662,844.0601011971106,851.167724609375,613831,0.0,0,98777800
2020-09-08,852.1091122293508,858.0869854142009,835.9640625867365,838.4116821289062,738782,0.0,0,98777800
2020-09-09,833.0927611976771,847.2608336463867,824.8084445381785,841.8477783203125,775277,0.0,0,98777800
2020-09-10,847.2609078550282,856.1571588792176,833.1398927241111,843.8718872070312,682931,0.0,0,98777800
2020-09-11,846.2253162263353,856.4865518550504,842.6479467370513,853.0033569335938,867419,0.0,0,98777800
2020-09-14,857.6161897992152,893.3894227436391,857.6161897992152,875.2674560546875,1350393,0.0,0,98777800
2020-09-15,884.3991531805383,885.8583131930241,863.7353903874597,881.6690673828125,714646,0.0,0,98777800
2020-09-16,877.3159445000933,880.1861166195048,865.8352560224477,869.9491577148438,1015945,15.0,0,98777800
2020-09-17,872.149653883194,878.2727113942266,864.926398708985,872.245361328125,430542,0.0,0,98777800
2020-09-18,876.3592207208889,888.5574522320147,872.4366755140472,879.3729248046875,1072290,0.0,0,98777800
2020-09-21,883.7260175916787,900.2773319952972,840.3385468423404,848.0402221679688,1848316,0.0,0,98777800
2020-09-22,849.5709515956719,850.5276756402616,794.4157870675539,814.4591674804688,3108303,0.0,0,98777800
2020-09-23,822.7827497521013,827.5663703901948,798.0514544106799,806.4227905273438,666470,0.0,0,98777800
2020-09-24,807.4750712362841,810.2974187682988,780.6867987308149,782.6480712890625,837156,0.0,0,98777800
2020-09-25,785.9488638267966,800.0605445832729,777.0513411980846,785.7575073242188,1051760,0.0,0,98777800
2020-09-28,791.2108183861134,817.8077362734153,789.297370215893,812.928466796875,908265,0.0,0,98777800
2020-09-29,818.9558321574087,828.0447111357912,789.4887414641508,799.8213500976562,826051,0.0,0,98777800
2020-09-30,803.6482001338427,809.1493634085684,787.7666042982422,794.1287841796875,571212,0.0,0,98777800
2020-10-01,814.4114135496566,836.8466060187138,802.7871920427907,826.657470703125,1372096,0.0,0,98777800
2020-10-05,826.6096080276218,835.172300252502,815.1289190272382,817.377197265625,547684,0.0,0,98777800
2020-10-06,818.9558214759793,823.4046118543695,808.4318564803768,820.7736206054688,690293,0.0,0,98777800
2020-10-07,819.8169046082774,819.8169046082774,791.2108306621247,792.9329223632812,1137699,0.0,0,98777800
2020-10-08,791.2108439342975,807.4751539063446,782.6003268902724,801.63916015625,1582922,0.0,0,98777800
2020-10-09,800.2996606861672,801.9739277587324,786.0444491108058,788.2927856445312,994941,0.0,0,98777800
2020-10-12,788.2928392038468,789.9671063901674,769.3018306541551,775.0421752929688,1147199,0.0,0,98777800
2020-10-13,774.8508747938719,774.8508747938719,751.7459643364759,753.8507690429688,1325831,0.0,0,98777800
2020-10-14,750.7414098681257,762.7004610690523,745.9099648617123,758.3952026367188,982053,0.0,0,98777800
2020-10-15,761.2653620360029,792.1675381372334,758.6821953415773,779.347412109375,2593337,0.0,0,98777800
2020-10-16,782.2654340861756,799.7256478032891,762.6047083636449,785.326904296875,1594434,0.0,0,98777800
2020-10-19,792.0718859765428,793.9853341287811,777.051306302712,790.7802734375,429149,0.0,0,98777800
2020-10-20,790.3497149675834,803.5525535829837,790.0148849073414,793.6026000976562,692179,0.0,0,98777800
2020-10-21,794.8463565919886,798.6732529245392,777.3861420747268,786.23583984375,847137,0.0,0,98777800
2020-10-22,783.5570222916998,801.1128858194686,776.8599537251041,792.6937255859375,1053638,0.0,0,98777800
2020-10-23,795.6117337458285,799.8213431197702,783.5570335108753,785.614013671875,666038,0.0,0,98777800
2020-10-26,789.0103818862507,801.7348008171169,781.2608815914728,784.4659423828125,978137,0.0,0,98777800
2020-10-27,784.5137318775045,809.5320894894119,778.0080199260614,805.8008422851562,918704,0.0,0,98777800
2020-10-28,811.6847497155143,813.2154849178377,781.8827706460033,785.518310546875,1044667,0.0,0,98777800
2020-10-29,777.8166391200369,788.8189655036537,774.0853920324205,778.0079956054688,526186,0.0,0,98777800
2020-10-30,778.0080787750385,793.1243084392692,772.1242019833763,779.634521484375,427686,0.0,0,98777800
2020-11-02,781.1652176940551,791.497826163605,774.0854360867648,780.7346801757812,377954,0.0,0,98777800
2020-11-03,781.6435732585985,787.3839177378538,777.8645014643281,779.347412109375,319146,0.0,0,98777800
2020-11-04,779.8257435161557,789.2973348923849,775.0900062218425,784.8007202148438,473079,0.0,0,98777800
2020-11-05,788.3406127059828,812.8327248888423,785.4704405723446,805.5616455078125,876930,0.0,0,98777800
2020-11-06,808.4318321958709,811.3020043811817,798.8645915781683,801.35205078125,558270,0.0,0,98777800
2020-11-09,806.5183801040915,817.3293502701428,802.4044783374812,808.8623657226562,847009,0.0,0,98777800
2020-11-10,813.2154556438603,825.652868494884,805.9922006283724,815.6550903320312,792395,0.0,0,98777800
2020-11-11,820.1995802074354,836.7030713541016,818.9558505244189,834.5982666015625,1028912,0.0,0,98777800
2020-11-12,840.960460497342,854.0675919813514,837.1335642038388,840.7691040039062,1317587,0.0,0,98777800
2020-11-13,842.8738929726068,854.0675761017412,816.0856194161562,822.73486328125,2231081,0.0,0,98777800
2020-11-14,828.4274049783456,832.2064183827187,822.7827095437219,825.84423828125,101032,0.0,0,98777800
2020-11-17,828.5230860788629,835.7463414900502,819.1950259295916,832.2543334960938,656402,0.0,0,98777800
2020-11-18,846.7007782909859,868.7054312861188,844.0697871720026,865.930908203125,2988744,0.0,0,98777800
2020-11-19,870.236247611015,898.1726039602703,867.7487882239047,881.429931640625,2676032,0.0,0,98777800
2020-11-20,882.147395603272,898.3638798740072,881.429852568229,891.140625,930461,0.0,0,98777800
2020-11-23,889.753427679992,914.1020681054798,887.8399794484221,901.95166015625,1596108,0.0,0,98777800
2020-11-24,905.9698318674376,908.409466465124,892.0016259934628,899.7989501953125,751088,0.0,0,98777800
2020-11-25,904.1042495555356,908.8878699235544,887.5529347609515,890.2317504882812,568120,0.0,0,98777800
2020-11-26,886.9788588131901,897.3115254478136,881.2863973317965,888.844482421875,488047,0.0,0,98777800
2020-11-27,929.9357989799516,1022.1640229770484,929.9357989799516,1017.8587646484376,9103753,0.0,0,98777800
2020-12-01,1017.8588177439128,1037.5673113187709,1002.264167825091,1013.5056762695312,2269915,0.0,0,98777800
2020-12-02,1009.4395063012532,1024.507909857433,985.473639289223,995.232177734375,1212696,0.0,0,98777800
2020-12-03,1004.5603077041768,1006.138925830948,977.7720328320652,996.0933227539062,815381,0.0,0,98777800
2020-12-04,1001.9292240761636,1010.0134952827696,980.6421147558536,992.6490478515624,522561,0.0,0,98777800
2020-12-07,994.9930736342912,999.6810451272056,981.7424680785105,995.9976806640624,386734,0.0,0,98777800
2020-12-08,995.9497690496544,998.8199412947544,976.1455688797048,992.9839477539062,419454,0.0,0,98777800
2020-12-09,992.1707574749944,1016.806402624282,988.4872763235584,993.4144287109376,1191998,0.0,0,98777800
2020-12-10,992.6012730719068,1004.5603245547009,986.3346833798778,992.8404541015624,633414,0.0,0,98777800
2020-12-11,996.9063936634072,1018.4326833538358,994.3710517423486,1013.3619995117188,817204,0.0,0,98777800
2020-12-14,1018.9110494474083,1051.1526011984522,1015.6581645235782,1029.6741943359375,2660270,0.0,0,98777800
2020-12-15,1036.1321456318246,1038.9544348628715,996.4280975766808,1009.8701171875,927781,0.0,0,98777800
2020-12-16,1014.1275309687657,1026.0865820415104,1006.9521003251186,1016.614990234375,603753,0.0,0,98777800
2020-12-17,1014.1754124136878,1020.7289490345028,995.1843459076916,997.3369750976562,445154,0.0,0,98777800
2020-12-18,996.906511720366,1010.7311282436708,981.6945751801628,997.576171875,952355,0.0,0,98777800
2020-12-21,994.9930418600044,1020.681060015888,946.8698323795744,971.2662963867188,1081347,0.0,0,98777800
2020-12-22,971.2662423297731,1012.8836790436552,954.0930343939352,1001.355224609375,1338868,0.0,0,98777800
2020-12-23,995.949746054223,1017.9543994252576,992.1228498157824,1010.6354370117188,714102,0.0,0,98777800
2020-12-24,1015.9454065212516,1025.7995952739816,1001.2118311336676,1005.51708984375,384752,0.0,0,98777800
2020-12-28,1014.1275495350668,1027.9043999806124,1002.694743215258,1006.9042358398438,606515,0.0,0,98777800
2020-12-29,1013.8405059547554,1039.002397092954,1003.8427855891176,1035.74951171875,1468432,0.0,0,98777800
2020-12-30,1047.6129044876236,1047.6129044876236,1019.4851921876938,1024.0775146484375,1084657,0.0,0,98777800
2020-12-31,1014.031902466266,1032.4009585711935,1012.214103308851,1015.2755737304688,649905,0.0,0,98777800
2021-01-01,1016.8062855626396,1027.5215473488186,1012.2618466893556,1014.0795288085938,409774,0.0,0,98777800
2021-01-04,1018.9110569552925,1037.8063558988297,1014.2230860117814,1036.4669189453125,617427,0.0,0,98777800
2021-01-05,1042.8292981677596,1081.098263238136,1038.3805076208057,1049.0001220703125,3324073,0.0,0,98777800
2021-01-06,1061.8679840559582,1083.6812210416256,1052.396393159999,1080.6197509765625,1462556,0.0,0,98777800
2021-01-07,1090.6654749940526,1097.6973737779397,1065.0252223756395,1068.7564697265625,1448924,0.0,0,98777800
2021-01-08,1071.578881048839,1085.2121995518137,1064.4034502578,1068.2303466796875,623408,0.0,0,98777800
2021-01-11,1069.7131197283074,1081.9592340862232,1055.1230782006633,1077.414794921875,592423,0.0,0,98777800
2021-01-12,1082.246090325504,1096.4056515633483,1074.8793625928638,1077.89306640625,1069239,0.0,0,98777800
2021-01-13,1089.4693908615925,1089.7085718475114,1047.517069288897,1065.69482421875,439109,0.0,0,98777800
2021-01-14,1065.6950240478436,1078.8977468736748,1050.1482570479177,1062.442138671875,563608,0.0,0,98777800
2021-01-15,1069.617576154615,1075.5971019604883,1026.8520543060547,1043.5947265625,588418,0.0,0,98777800
2021-01-18,1035.6538818160009,1036.3714249211853,993.079657575066,1000.3986206054688,575516,0.0,0,98777800
2021-01-19,1000.7332891136592,1033.2140217154551,1000.7332891136592,1031.2528076171875,497055,0.0,0,98777800
2021-01-20,1037.949937258068,1047.1344647102492,1024.6993326245088,1038.1412353515625,468600,0.0,0,98777800
2021-01-21,1047.5650681555016,1047.61295107836,992.266481997634,996.6195068359376,789327,0.0,0,98777800
2021-01-22,990.2094530879724,1019.8200175546408,974.9018673397526,995.9976806640624,1742494,0.0,0,98777800
2021-01-25,1000.8768660530573,1016.997642580276,967.582823136894,1006.7607421875,916591,0.0,0,98777800
2021-01-27,1009.343934049278,1033.2620367518675,990.257334807656,998.437255859375,1264231,0.0,0,98777800
2021-01-28,980.7856996596912,1018.9111303339132,980.7856996596912,1010.0135498046876,535036,0.0,0,98777800
2021-01-29,1019.5807238256708,1019.5807238256708,983.703573694042,990.3049926757812,386722,0.0,0,98777800
2021-02-01,990.3049866675644,1027.5215735358324,978.2024631328676,1023.1206665039062,608562,0.0,0,98777800
2021-02-02,1028.621968573082,1039.0024019942311,1015.2755969279364,1034.1708984375,614642,0.0,0,98777800
2021-02-03,1034.170690638917,1051.391721465848,1028.4782299417172,1037.614990234375,400019,0.0,0,98777800
2021-02-04,1036.132192532456,1057.1801225746665,1029.817836877315,1053.5924072265625,530156,0.0,0,98777800
2021-02-05,1060.050304691107,1072.487718013295,1028.5740583874322,1036.1322021484375,556310,0.0,0,98777800
2021-02-08,1042.8292941488912,1065.886322157413,1042.8292941488912,1062.442138671875,541994,0.0,0,98777800
2021-02-09,1068.660841241679,1104.681527690293,1055.984246661149,1090.71337890625,1483268,0.0,0,98777800
2021-02-10,1104.824942978805,1104.824942978805,1051.2961640857068,1079.7109375,1510652,0.0,0,98777800
2021-02-11,1079.184755588206,1133.4309638748043,1075.3578592917938,1113.2919921875,2075301,0.0,0,98777800
2021-02-12,1112.670058370702,1127.2122170617097,1083.537858071652,1091.191650390625,789522,0.0,0,98777800
2021-02-15,1091.717794464064,1095.9752865761552,1076.314560554976,1079.9979248046875,314625,0.0,0,98777800
2021-02-16,1080.141466408467,1100.1847887999418,1078.22801828374,1095.688232421875,561526,0.0,0,98777800
2021-02-17,1100.23270631644,1107.7908500043095,1080.2850323463986,1101.0458984375,527046,0.0,0,98777800
2021-02-18,1117.5829610714436,1189.90282481636,1107.2171139346722,1123.0792236328125,4096352,9.0,0,98777800
2021-02-19,1126.261567762254,1162.9036393161628,1122.9349004544292,1140.7738037109375,1523367,0.0,0,98777800
2021-02-22,1128.1900177499906,1137.543340899368,1103.504857997257,1109.2421875,593322,0.0,0,98777800
2021-02-23,1111.0742684917514,1123.657972944336,1083.062325118908,1088.703369140625,509328,0.0,0,98777800
2021-02-24,1099.2620173196412,1113.7259912317418,1080.9409836976472,1093.0906982421875,221354,0.0,0,98777800
2021-02-25,1102.1548979275258,1163.8678580914468,1093.090783361824,1154.900146484375,1251626,0.0,0,98777800
2021-02-26,1126.4542422750214,1161.023234124701,1110.833197518171,1117.0045166015625,644317,0.0,0,98777800
2021-03-01,1119.511571892146,1129.6846138793237,1100.9012118566857,1117.149169921875,386954,0.0,0,98777800
2021-03-02,1121.4400775139302,1159.432138075372,1119.5598080441655,1141.8824462890625,593277,0.0,0,98777800
2021-03-03,1141.9306490537213,1171.485390259263,1135.13253477535,1139.423583984375,496604,0.0,0,98777800
2021-03-04,1138.7969192793255,1175.342584853708,1133.0113295116068,1158.2750244140625,457325,0.0,0,98777800
2021-03-05,1154.225094322732,1212.0809887749992,1151.959095331642,1175.4871826171875,2290987,0.0,0,98777800
2021-03-08,1185.9495403120056,1193.7600632260592,1157.4554626404422,1161.5535888671875,638805,0.0,0,98777800
2021-03-09,1164.7836749233434,1171.533528852766,1129.298799176388,1137.83251953125,421480,0.0,0,98777800
2021-03-10,1138.748616825547,1154.5144425259011,1119.9937111055217,1127.370361328125,447343,0.0,0,98777800
2021-03-12,1142.6539699123605,1174.9568458550302,1133.300646946538,1164.928466796875,1239058,0.0,0,98777800
2021-03-15,1159.335837628612,1182.574600207042,1139.7612113653963,1179.633544921875,733094,0.0,0,98777800
2021-03-16,1179.055006284798,1186.045927401596,1140.7254732651122,1146.0289306640625,475352,0.0,0,98777800
2021-03-17,1147.4753205324985,1163.3374322919028,1101.0941987652052,1104.324462890625,390186,0.0,0,98777800
2021-03-18,1110.1582411744985,1141.2557846118673,1066.7663200991,1077.5660400390625,834244,0.0,0,98777800
2021-03-19,1079.012415912783,1080.362410305414,1039.4775552761212,1072.9375,615891,0.0,0,98777800
2021-03-22,1082.2910492114834,1098.249564184286,1073.0341288414638,1083.4481201171875,404991,0.0,0,98777800
2021-03-23,1085.7623211127318,1122.88652125735,1085.039122408616,1118.981201171875,621779,0.0,0,98777800
2021-03-24,1116.3293959997798,1137.7361467977876,1102.2030097817449,1119.4632568359375,655534,0.0,0,98777800
2021-03-25,1128.1900355919854,1128.1900355919854,1090.1979715355526,1100.32275390625,636618,0.0,0,98777800
2021-03-26,1118.5473918057858,1125.297246756338,1084.0749183083228,1095.9354248046875,470938,0.0,0,98777800
2021-03-30,1096.417434567296,1123.2239277452993,1096.417434567296,1119.3187255859375,257210,0.0,0,98777800
2021-03-31,1123.368569026146,1157.0214363952475,1119.4632492351277,1127.1773681640625,593455,0.0,0,98777800
2021-04-01,1140.7735882784368,1151.2358384547194,1115.750844567888,1139.2789306640625,454224,0.0,0,98777800
2021-04-05,1137.8325034639756,1137.8325034639756,1075.1552892901125,1094.0067138671875,555399,0.0,0,98777800
2021-04-06,1094.440680169769,1102.347605401404,1051.0487589295578,1054.7130126953125,856911,0.0,0,98777800
2021-04-07,1057.75024902302,1089.619248461714,1055.4361076175524,1082.7247314453125,651207,0.0,0,98777800
2021-04-08,1084.7015268543807,1102.154696672134,1072.4552929331585,1090.8245849609375,633745,0.0,0,98777800
2021-04-09,1095.3566142975412,1104.03499798734,1076.167837861031,1095.3084716796875,536215,0.0,0,98777800
2021-04-12,1085.7621652157936,1086.2925579392388,1036.584660396961,1042.2255859375,730986,0.0,0,98777800
2021-04-13,1036.5847933539842,1063.728874507622,1025.351083447175,1055.0986328125,700497,0.0,0,98777800
2021-04-15,1055.0021800772636,1077.8070679965365,1035.668739887254,1044.9256591796875,561205,0.0,0,98777800
2021-04-16,1050.5666866789786,1067.4413236839189,1041.5025724032712,1064.2110595703125,288518,0.0,0,98777800
2021-04-19,1032.2456147963685,1046.2274563793178,1017.5888348409392,1042.9971923828125,199869,0.0,0,98777800
2021-04-20,1052.9772434439446,1070.2857508660277,1033.4026193992408,1037.886474609375,517026,0.0,0,98777800
2021-04-22,1032.293846993719,1056.8343418820948,1028.5331903012373,1052.591552734375,245343,0.0,0,98777800
2021-04-23,1041.4060791754548,1072.9374939339095,1041.4060791754548,1069.22509765625,302773,0.0,0,98777800
2021-04-26,1075.9750296116017,1080.699951446412,1060.691453572209,1063.294921875,206047,0.0,0,98777800
2021-04-27,1062.619928132756,1078.0481666537398,1057.316471141168,1068.405517578125,231310,0.0,0,98777800
2021-04-28,1071.6840456254977,1083.592693734707,1061.655667009488,1069.99658203125,292283,0.0,0,98777800
2021-04-29,1072.2625601008997,1080.1694851335048,1055.4361848156564,1058.3289794921875,292095,0.0,0,98777800
2021-04-30,1058.3290040472652,1102.8779960162133,1048.734497522624,1085.135498046875,584164,0.0,0,98777800
2021-05-03,1086.0033508455615,1110.833172185649,1077.2767063592933,1097.237060546875,531738,0.0,0,98777800
2021-05-04,1102.1546734488938,1123.368499184568,1097.8154818211424,1107.4581298828125,600865,0.0,0,98777800
2021-05-05,1122.404396364037,1136.868370543986,1092.3193771529925,1104.75830078125,503803,0.0,0,98777800
2021-05-06,1111.7492618666138,1117.197382546508,1097.8156799856204,1108.036865234375,200518,0.0,0,98777800
2021-05-07,1107.940432383723,1119.4633515032458,1095.887120456137,1116.570556640625,247037,0.0,0,98777800
2021-05-10,1118.4989732246304,1128.1898821157931,1115.8955051953003,1120.813232421875,164921,0.0,0,98777800
2021-05-11,1116.5705384983428,1146.4146089710075,1102.154824750429,1124.4293212890625,452899,0.0,0,98777800
2021-05-12,1124.332915680422,1132.8666368247082,1087.5461848204372,1092.946044921875,292247,0.0,0,98777800
2021-05-14,1096.8513396302596,1103.1190615710038,1051.289822445618,1054.1826171875,473273,0.0,0,98777800
2021-05-17,1064.5484100698116,1075.155323575942,1045.79350554449,1067.3929443359375,569890,0.0,0,98777800
2021-05-18,1068.5500387049965,1092.9458669960154,1068.5500387049965,1087.1602783203125,276987,0.0,0,98777800
2021-05-19,1092.4639822985416,1097.6228942038622,1075.0590697111493,1081.18212890625,242705,0.0,0,98777800
2021-05-20,1079.9768210257846,1087.3534719610243,1068.4539011347,1075.97509765625,214954,0.0,0,98777800
2021-05-21,1084.7979171459003,1102.0582808803322,1072.4552804275752,1090.4388427734375,525963,0.0,0,98777800
2021-05-24,1105.5298210875903,1115.654603574655,1094.9229061011415,1100.70849609375,681804,0.0,0,98777800
2021-05-25,1098.7315463403422,1153.8393065655912,1090.5835553662532,1097.960205078125,2940577,0.0,0,98777800
2021-05-26,1113.725960870436,1156.8285548702263,1101.190517155011,1147.8609619140625,1798442,0.0,0,98777800
2021-05-27,1147.4270488369775,1172.9800704277052,1127.225744889068,1167.435546875,1444494,0.0,0,98777800
2021-05-28,1172.2569238942212,1180.0675646305356,1130.2149930600822,1133.1077880859375,587871,0.0,0,98777800
2021-05-31,1139.761180606362,1154.7555477898054,1121.4401464003374,1148.584228515625,539140,0.0,0,98777800
2021-06-01,1148.921636056989,1171.244392183354,1134.4576624599642,1140.6771240234375,441031,0.0,0,98777800
2021-06-02,1142.6537998468782,1166.3746906311922,1106.9760018769755,1143.859130859375,452417,0.0,0,98777800
2021-06-03,1152.2966192292656,1155.1894140892557,1136.000517976365,1144.871826171875,280801,0.0,0,98777800
2021-06-04,1144.8716695713194,1149.8857995595308,1128.6237131636774,1139.857421875,353619,0.0,0,98777800
2021-06-07,1149.40377508987,1159.4321537161704,1137.3504636900182,1142.798583984375,518159,0.0,0,98777800
2021-06-08,1144.5824262197714,1151.4286834078534,1131.661253131943,1143.0877685546875,276879,0.0,0,98777800
2021-06-09,1148.6322638855845,1172.6424826447392,1130.5522976073228,1140.1949462890625,994580,0.0,0,98777800
2021-06-10,1146.2217266081611,1154.0323670579132,1129.877482394979,1146.173583984375,307593,0.0,0,98777800
2021-06-11,1147.5716448836154,1190.4814333425038,1146.800303581136,1183.056640625,1577211,0.0,0,98777800
2021-06-14,1188.8905088625,1190.7226359414126,1158.2269518633273,1177.994384765625,469196,0.0,0,98777800
2021-06-15,1183.9245814020958,1233.0538347126758,1176.403267526463,1220.566650390625,1993785,0.0,0,98777800
2021-06-16,1224.616360501126,1231.3662144566442,1199.8348009191118,1204.125732421875,857467,0.0,0,98777800
2021-06-17,1203.402659921671,1238.5019277110111,1187.2994823088534,1200.268798828125,1085735,0.0,0,98777800
2021-06-18,1210.1041837391692,1210.1041837391692,1119.029411426283,1145.739501953125,1136427,0.0,0,98777800
2021-06-21,1123.8508071678232,1154.1287503534377,1116.7152229457677,1149.114501953125,372755,0.0,0,98777800
2021-06-22,1152.2965052312022,1160.396353579471,1139.7610620780597,1143.6663818359375,593553,0.0,0,98777800
2021-06-23,1148.391207008578,1151.7661340746358,1123.3685805591963,1126.50244140625,352331,0.0,0,98777800
2021-06-24,1126.5025920029657,1128.1417954280848,1095.4050455941526,1097.3818359375,447008,0.0,0,98777800
2021-06-25,1093.572797090258,1097.3334537334283,1084.7980100616055,1086.4854736328125,593801,0.0,0,98777800
2021-06-28,1093.4764574583037,1115.654551392643,1085.1838023983928,1110.061767578125,1216305,0.0,0,98777800
2021-06-29,1118.258024047868,1129.154265150073,1105.0476412143323,1118.16162109375,664622,0.0,0,98777800
2021-06-30,1120.4758404967968,1124.0435736285556,1094.4406875764753,1095.8870849609375,406478,0.0,0,98777800
2021-07-01,1101.335273519299,1107.8922047767044,1093.139021166447,1096.6103515625,394575,0.0,0,98777800
2021-07-02,1105.9636504927098,1105.9636504927098,1092.0783292138167,1100.7567138671875,250609,0.0,0,98777800
2021-07-05,1107.4099700118816,1122.4043361911529,1104.6136959868334,1113.7259521484375,477735,0.0,0,98777800
2021-07-06,1113.7260052685594,1123.8025268044069,1107.5065434912176,1111.942138671875,540817,0.0,0,98777800
2021-07-07,1111.7973746999703,1127.2256123367438,1109.3867125692248,1123.609619140625,591766,0.0,0,98777800
2021-07-08,1128.189877189042,1140.5325143817054,1120.76508490959,1123.609619140625,791180,0.0,0,98777800
2021-07-09,1125.2971690048337,1136.3862156574091,1119.6562427275392,1133.879150390625,325337,0.0,0,98777800
2021-07-12,1139.8575844388984,1146.993168676789,1127.948935737431,1137.68798828125,296631,0.0,0,98777800
2021-07-13,1137.8325548945943,1147.2823977727278,1136.8682900175652,1143.907470703125,372809,0.0,0,98777800
2021-07-14,1150.3680111811084,1168.689044049877,1124.3328592097002,1127.9488525390625,840989,0.0,0,98777800
2021-07-15,1133.8791449172163,1136.289807221357,1116.184907146448,1119.2705078125,304898,0.0,0,98777800
2021-07-16,1117.5830522883457,1123.2722389089183,1105.7225465828826,1111.556396484375,247285,0.0,0,98777800
2021-07-19,1112.7617317141596,1117.2937298120692,1097.381753129435,1107.6993408203125,373234,0.0,0,98777800
2021-07-20,1102.1549460261144,1114.690391606464,1087.8356336548038,1091.355224609375,265913,0.0,0,98777800
2021-07-22,1094.344160708539,1107.9402710413149,1091.3549633274206,1106.2528076171875,235834,0.0,0,98777800
2021-07-23,1111.797302259429,1124.81487691728,1099.7922527137634,1103.3599853515625,341985,0.0,0,98777800
2021-07-26,1103.1190867670143,1108.9046763829251,1095.694293843177,1098.3941650390625,182190,0.0,0,98777800
2021-07-27,1102.1548069602743,1113.436659475832,1093.4764226535003,1095.8870849609375,277426,0.0,0,98777800
2021-07-28,1099.262037654261,1099.744170126916,1068.743028593551,1079.2535400390625,371128,0.0,0,98777800
2021-07-29,1142.6539425692674,1142.6539425692674,1062.9574225269257,1069.177001953125,2702433,0.0,0,98777800
2021-07-30,1079.6392534335894,1131.7577023243336,1075.1553979632397,1125.6346435546875,1470443,0.0,0,98777800
2021-08-02,1128.18986143198,1146.5108933697643,1128.18986143198,1143.42529296875,499574,0.0,0,98777800
2021-08-03,1143.6182340271614,1155.1894134608258,1139.5683683086286,1146.4627685546875,310895,0.0,0,98777800
2021-08-04,1150.368063365525,1154.2251230918132,1128.2382302691933,1132.1434326171875,239882,0.0,0,98777800
2021-08-05,1137.7843510653129,1146.3181898172706,1124.3329024460547,1134.409423828125,208065,0.0,0,98777800
2021-08-06,1137.7843720094108,1145.3539459757967,1124.3329231425412,1127.0810546875,131276,0.0,0,98777800
2021-08-09,1127.2257049079533,1128.0453065580928,1098.2977569633524,1101.1905517578125,295336,0.0,0,98777800
2021-08-10,1094.8745300518178,1112.7616909717422,1081.0373523235587,1085.4248046875,297965,0.0,0,98777800
2021-08-11,1091.1620841115428,1092.5120784473631,1054.6646829671697,1077.9034423828125,645398,0.0,0,98777800
2021-08-12,1080.8444867356363,1109.8688349864487,1077.951692204829,1105.8189697265625,461786,0.0,0,98777800
2021-08-13,1106.0118980978468,1116.1366800769467,1096.5139118781258,1100.3709716796875,227297,0.0,0,98777800
2021-08-16,1094.44067910304,1099.792396467364,1080.9409702859098,1086.1961669921875,152489,0.0,0,98777800
2021-08-17,1084.7980100616055,1096.2245255592975,1076.1678863092511,1086.4854736328125,304844,0.0,0,98777800
2021-08-18,1089.619301855124,1097.7672929140697,1079.0123882972423,1086.3890380859375,481038,0.0,0,98777800
2021-08-20,1086.389040562043,1086.389040562043,1055.8700338502283,1059.6788330078125,302841,0.0,0,98777800
2021-08-23,1067.344874021257,1077.662461683814,1041.2614605946403,1045.26318359375,876045,0.0,0,98777800
2021-08-24,1051.0488678205309,1082.628547105964,1045.7454102306108,1079.3018798828125,471960,0.0,0,98777800
2021-08-25,1087.6908679359303,1088.6551328897742,1068.405568859052,1084.5570068359375,156919,0.0,0,98777800
2021-08-26,1088.3657627274904,1091.54788403097,1072.5036519553412,1078.096435546875,258370,0.0,0,98777800
2021-08-27,1076.11970159153,1094.4407359376223,1070.4305147529603,1091.4515380859375,188741,0.0,0,98777800
2021-08-30,1102.1548624917118,1102.1548624917118,1088.703413221717,1096.224609375,271016,0.0,0,98777800
2021-08-31,1096.2245947976971,1110.5439058933057,1094.0068560174786,1105.6744384765625,244169,0.0,0,98777800
2021-09-01,1105.9154653618516,1119.3187713529492,1097.3334839928668,1108.9046630859375,224230,0.0,0,98777800
2021-09-02,1108.9046429704429,1142.6539147130215,1108.9046429704429,1139.086181640625,476006,0.0,0,98777800
2021-09-03,1147.475280346108,1152.2002021009223,1120.9579944557563,1131.468505859375,282862,0.0,0,98777800
2021-09-06,1131.4686163893302,1149.0664532901917,1125.1044906955772,1145.1611328125,238876,0.0,0,98777800
2021-09-07,1152.2966269954072,1158.9018184286094,1128.4310692396446,1138.7486572265625,407754,0.0,0,98777800
2021-09-08,1138.748586007256,1146.944837653193,1123.7543374445595,1134.8433837890625,200914,0.0,0,98777800
2021-09-09,1139.7128258980454,1147.3788023059012,1124.5256540638263,1127.0328369140625,231015,0.0,0,98777800
2021-09-13,1124.3328155344218,1144.7751832790757,1114.8348302998745,1139.423583984375,308367,0.0,0,98777800
2021-09-14,1142.6538842493628,1152.2965330615937,1140.8217574334158,1146.5592041015625,207221,0.0,0,98777800
2021-09-15,1152.0072691199066,1163.1928365164672,1133.1076999624584,1138.1219482421875,406977,0.0,0,98777800
2021-09-16,1137.8325648502118,1142.84669517139,1124.670325621974,1132.8665771484375,255204,0.0,0,98777800
2021-09-17,1136.0382307463492,1144.3821724585796,1102.7602677314944,1108.51806640625,512342,14.0,0,98777800
2021-09-20,1116.5215269396729,1130.0087358791002,1088.8555068031146,1094.33935546875,293080,14.0,0,98777800
2021-09-21,1091.8197240943066,1099.7243012823196,1070.1809199192655,1089.1519775390625,408836,0.0,0,98777800
2021-09-22,1091.7208542723338,1093.6969984123457,1076.998556306393,1081.247314453125,388010,0.0,0,98777800
2021-09-23,1087.9661967238826,1095.771990663002,1078.0854754374714,1091.8197021484375,521437,0.0,0,98777800
2021-09-24,1103.4790245575837,1109.407457453242,1077.04809456444,1083.964599609375,561328,0.0,0,98777800
2021-09-27,1086.879249482269,1087.867321527253,1061.3376112422882,1067.5130615234375,407054,0.0,0,98777800
2021-09-28,1067.5131622062493,1083.6186656899238,1062.2763316282162,1066.72265625,772425,0.0,0,98777800
2021-09-29,1062.1774620342696,1067.6613102002457,1046.1212910965423,1062.2762451171875,558127,0.0,0,98777800
2021-09-30,1067.1179128271524,1074.824923776614,1054.075408804975,1069.736328125,546767,0.0,0,98777800
2021-10-01,1069.094057083664,1095.7720049036814,1057.2371913858783,1086.5828857421875,972509,0.0,0,98777800
2021-10-04,1086.9287291500295,1089.4976924098871,1074.5283764223911,1077.7890625,275847,0.0,0,98777800
2021-10-05,1086.3852844786893,1094.487427531503,1066.1298062323835,1067.26611328125,890346,0.0,0,98777800
2021-10-06,1085.3971951525575,1085.3971951525575,1060.2013567580286,1062.57275390625,637680,0.0,0,98777800
2021-10-07,1068.3035170599514,1074.5284195985064,1061.1894461138352,1063.807861328125,228548,0.0,0,98777800
2021-10-08,1072.0582253528146,1072.0582253528146,1051.1111451400157,1055.2115478515625,440440,0.0,0,98777800
2021-10-11,1058.323954611845,1062.671495779262,1053.2848112512258,1057.5335693359375,275676,0.0,0,98777800
2021-10-12,1056.2491297159022,1061.9305445857492,1038.5626140851757,1046.368408203125,325260,0.0,0,98777800
2021-10-13,1056.2984962819423,1067.117837219152,1049.4313230164628,1062.2269287109375,360757,0.0,0,98777800
2021-10-14,1077.0973773428818,1078.9747384648963,1052.2967916347204,1054.3223876953125,539067,0.0,0,98777800
2021-10-18,1057.3359026886098,1068.599948459581,1053.0378132878393,1056.5948486328125,502488,0.0,0,98777800
2021-10-19,1059.2132332530591,1075.4669701631497,1046.3188448077717,1050.2218017578125,626400,0.0,0,98777800
2021-10-20,1048.344537331587,1055.4586084721047,1025.618878181138,1031.30029296875,454915,0.0,0,98777800
2021-10-21,1031.3002643789475,1034.3139325588893,1004.474082480871,1007.6359252929688,472550,0.0,0,98777800
2021-10-22,1009.4144208517448,1012.9714562452464,982.1436553492078,988.2697143554688,560314,0.0,0,98777800
2021-10-25,988.0721178754824,990.888099288573,964.4077785909374,969.1505126953124,551185,0.0,0,98777800
2021-10-26,969.54576941809,997.952842916964,965.2476798115496,995.9273071289062,358527,0.0,0,98777800
2021-10-27,976.2152284823376,1000.5217778621816,975.7211924355348,985.0090942382812,556913,0.0,0,98777800
2021-10-28,988.07210813659,1001.11467202542,959.7638181156224,965.2970581054688,504783,0.0,0,98777800
2021-10-29,970.0891943872537,996.964768085882,952.0074866707108,991.1845703125,498334,0.0,0,98777800
2021-11-01,1005.9067983026204,1009.8096951938084,995.4332580721924,1003.5354614257812,296845,0.0,0,98777800
2021-11-02,1003.9800415039064,1020.0856650568836,1000.67002407588,1003.9800415039062,411549,0.0,0,98777800
2021-11-03,1004.8693357297216,1017.3190201911292,990.24588056519,994.8898315429688,339233,0.0,0,98777800
2021-11-04,994.9885978159016,1007.8335350270304,994.9885978159016,1001.2134399414062,45346,0.0,0,98777800
2021-11-08,1005.8573968132052,1005.8573968132052,988.2697255118863,996.2236938476562,515989,0.0,0,98777800
2021-11-09,995.976691750919,1011.4894360152128,994.0005475212546,1007.8335571289062,268224,0.0,0,98777800
2021-11-10,1012.378663667377,1012.378663667377,994.1981729579046,1000.2747802734376,245569,0.0,0,98777800
2021-11-11,1000.274786557688,1011.2918148185264,990.641083387702,993.555908203125,350575,0.0,0,98777800
2021-11-12,994.9391913393744,1004.8693036651996,992.024366646864,997.162353515625,205848,0.0,0,98777800
2021-11-15,997.9528308939754,1008.7228410136062,993.802915971405,1005.9067993164062,242548,0.0,0,98777800
2021-11-16,1006.8454723426496,1011.3905798908224,992.0243908066932,995.779052734375,136437,0.0,0,98777800
2021-11-17,992.0243850080152,998.7926547470188,986.095952428286,988.022705078125,172852,0.0,0,98777800
2021-11-18,986.0959384989582,993.0124430776082,947.561127275051,952.205078125,624685,0.0,0,98777800
2021-11-22,966.828562459796,966.828562459796,923.8474255492172,928.9854125976562,553940,0.0,0,98777800
2021-11-23,930.5663074900204,933.5305238402586,905.568094997772,926.8116455078124,1764235,0.0,0,98777800
2021-11-24,928.7877790115872,941.1386803282307,924.2426714499168,926.4163818359376,363214,0.0,0,98777800
2021-11-25,928.096113684868,930.6156854844578,911.6447493648632,921.6736450195312,244224,0.0,0,98777800
2021-11-26,920.883217838387,930.714547515149,910.3602256146968,914.2631225585938,422407,0.0,0,98777800
2021-11-29,916.9309113825262,923.2051451123436,890.1541815199639,907.1984252929688,485527,0.0,0,98777800
2021-11-30,907.198417972682,925.7741612936836,904.13535829449,906.3585205078124,278290,0.0,0,98777800
2021-12-01,915.3500044501716,920.6855575294568,895.242701318934,901.4181518554688,548661,0.0,0,98777800
2021-12-02,905.0246715990324,912.978640114359,901.9616118386092,910.1626586914062,508133,0.0,0,98777800
2021-12-03,913.966707316854,926.811644825091,904.085986156672,906.5067749023438,713370,0.0,0,98777800
2021-12-06,907.0502122616772,911.002500768264,881.4591200586727,884.8679809570312,468282,0.0,0,98777800
2021-12-07,885.3126000115283,900.2819164225236,876.5187342144527,896.6260375976562,854116,0.0,0,98777800
2021-12-08,906.0621293353628,906.7537918771988,889.2649033825808,898.947998046875,1055910,0.0,0,98777800
2021-12-09,899.4914271454875,911.9411719978432,890.0553504942079,903.0485229492188,800672,0.0,0,98777800
2021-12-10,902.9991064117291,910.2120206012148,900.6771008179084,904.4317626953124,666253,0.0,0,98777800
2021-12-13,917.918994943435,917.918994943435,895.1933362957503,897.2188720703125,477440,0.0,0,98777800
2021-12-14,892.3278850743588,904.5306116346618,886.84409700729,902.9002685546876,792411,0.0,0,98777800
2021-12-15,904.9752344368115,907.4948061577855,888.2767923051082,889.3636474609375,402427,0.0,0,98777800
2021-12-16,892.2291121128331,895.6379729414688,875.5306693911896,879.5324096679688,644844,0.0,0,98777800
2021-12-17,880.8662974504672,880.8662974504672,858.9310842635207,861.5494995117188,615615,0.0,0,98777800
2021-12-20,861.5988658546241,861.5988658546241,824.0521262875648,833.9822387695312,1076963,0.0,0,98777800
2021-12-21,837.1441020543024,847.7658773238022,830.9686513162211,836.5018310546875,613176,0.0,0,98777800
2021-12-22,844.5052582659616,844.5052582659616,837.1935004097344,840.7999877929688,528358,0.0,0,98777800
2021-12-23,842.7267308295882,854.4353612670279,842.7267308295882,847.9635009765625,541699,0.0,0,98777800
2021-12-24,849.6925842171016,852.4591739372157,833.5375697727542,838.8237915039062,272905,0.0,0,98777800
2021-12-27,838.8238089919365,839.6142545988581,828.1031906806803,838.3297729492188,181362,0.0,0,98777800
2021-12-28,844.5052638282524,852.508623979776,836.8970963455022,848.5563354492188,439530,0.0,0,98777800
2021-12-29,846.9754215597463,854.4847454445768,842.4797055376255,847.1235961914062,343773,0.0,0,98777800
2021-12-30,850.730054073987,851.7181261460823,838.6755627329986,844.8510131835938,416229,0.0,0,98777800
2021-12-31,847.765830540324,861.1541949402277,846.5801320026173,852.6567993164062,299115,0.0,0,98777800
