Date,Capital
2016-01-01,299947.9243777071
2016-01-02,299947.9243777071
2016-01-03,299947.9243777071
2016-01-04,300373.53166577383
2016-01-05,300682.67205703026
2016-01-06,301379.6614086565
2016-01-07,301908.45111216814
2016-01-08,301650.3754930217
2016-01-09,301650.3754930217
2016-01-10,301650.3754930217
2016-01-11,301467.8943420518
2016-01-12,301590.7157162948
2016-01-13,301108.73901654896
2016-01-14,301144.9976967795
2016-01-15,300491.3245942249
2016-01-16,300491.3245942249
2016-01-17,300491.3245942249
2016-01-18,299259.0828865855
2016-01-19,299898.7946061007
2016-01-20,300081.1136055601
2016-01-21,300383.84144116496
2016-01-22,299838.4423806292
2016-01-23,299838.4423806292
2016-01-24,299838.4423806292
2016-01-25,300015.8779073507
2016-01-26,300015.8779073507
2016-01-27,299255.5947518211
2016-01-28,299903.2780564598
2016-01-29,300470.03275580367
2016-01-30,300470.03275580367
2016-01-31,300470.03275580367
2016-02-01,301284.94248102955
2016-02-02,301735.4952071184
2016-02-03,302291.8482401051
2016-02-04,302594.5285322788
2016-02-05,302230.423570518
2016-02-06,302230.423570518
2016-02-07,302230.423570518
2016-02-08,302111.59480570024
2016-02-09,303380.19684736035
2016-02-10,304774.5518809428
2016-02-11,304938.61001210054
2016-02-12,305085.25689939084
2016-02-13,305085.25689939084
2016-02-14,305085.25689939084
2016-02-15,304995.10550432664
2016-02-16,304957.27077423123
2016-02-17,304836.4625196938
2016-02-18,305236.62063807517
2016-02-19,305279.82509029045
2016-02-20,305279.82509029045
2016-02-21,305279.82509029045
2016-02-22,305395.80065969814
2016-02-23,305896.9686507327
2016-02-24,305683.32412936614
2016-02-25,305801.9755867515
2016-02-26,305596.9696531314
2016-02-27,305596.9696531314
2016-02-28,305596.9696531314
2016-02-29,306260.54575574416
2016-03-01,304951.0476787517
2016-03-02,303629.2746936013
2016-03-03,303383.91844494944
2016-03-04,302571.20673802076
2016-03-05,302571.20673802076
2016-03-06,302571.20673802076
2016-03-07,302571.20673802076
2016-03-08,302430.0986652164
2016-03-09,302491.2354975054
2016-03-10,303245.7193388698
2016-03-11,303622.501039885
2016-03-12,303622.501039885
2016-03-13,303622.501039885
2016-03-14,303702.0217835563
2016-03-15,303026.80629254144
2016-03-16,302990.26653535233
2016-03-17,303407.0049180497
2016-03-18,303285.28714200435
2016-03-19,303285.28714200435
2016-03-20,303285.28714200435
2016-03-21,302644.0098170837
2016-03-22,303064.26123179647
2016-03-23,303784.345407882
2016-03-24,303784.345407882
2016-03-25,303784.345407882
2016-03-26,303784.345407882
2016-03-27,303784.345407882
2016-03-28,303499.4114879537
2016-03-29,303683.5488731018
2016-03-30,303370.1904899295
2016-03-31,303374.1266058873
2016-04-01,302456.43519665505
2016-04-02,302456.43519665505
2016-04-03,302456.43519665505
2016-04-04,302381.74640847015
2016-04-05,303379.606884875
2016-04-06,303660.4823456972
2016-04-07,303853.5548969016
2016-04-08,304104.2741029207
2016-04-09,304104.2741029207
2016-04-10,304104.2741029207
2016-04-11,304394.09217241936
2016-04-12,305481.0018323343
2016-04-13,305951.82245836745
2016-04-14,305951.82245836745
2016-04-15,305951.82245836745
2016-04-16,305951.82245836745
2016-04-17,305951.82245836745
2016-04-18,306883.6301413706
2016-04-19,306883.6301413706
2016-04-20,306149.43425836094
2016-04-21,305723.7314628172
2016-04-22,305678.01896547066
2016-04-23,305678.01896547066
2016-04-24,305678.01896547066
2016-04-25,306016.2360995091
2016-04-26,305914.7671330082
2016-04-27,305741.3862617981
2016-04-28,305990.08944254817
2016-04-29,305971.73712720495
2016-04-30,305971.73712720495
2016-05-01,305971.73712720495
2016-05-02,306558.53765860567
2016-05-03,306414.50556906476
2016-05-04,306695.8952875682
2016-05-05,306846.6902265382
2016-05-06,307005.6386440301
2016-05-07,307005.6386440301
2016-05-08,307005.6386440301
2016-05-09,307104.9664213727
2016-05-10,307832.49172854994
2016-05-11,308231.938921044
2016-05-12,308661.79130260774
2016-05-13,308946.05381076643
2016-05-14,308946.05381076643
2016-05-15,308946.05381076643
2016-05-16,309525.4451996281
2016-05-17,309547.39337176876
2016-05-18,309743.52675126446
2016-05-19,310104.26917743037
2016-05-20,310185.7840889618
2016-05-21,310185.7840889618
2016-05-22,310185.7840889618
2016-05-23,310157.10005758295
2016-05-24,309937.1580848433
2016-05-25,310107.6660639037
2016-05-26,309938.5142404345
2016-05-27,309810.1176793181
2016-05-28,309810.1176793181
2016-05-29,309810.1176793181
2016-05-30,309718.2168828377
2016-05-31,309430.6071795669
2016-06-01,309965.17984284303
2016-06-02,309585.75567106856
2016-06-03,309715.8105059876
2016-06-04,309715.8105059876
2016-06-05,309715.8105059876
2016-06-06,309522.211968951
2016-06-07,309141.74637264595
2016-06-08,308926.6911155741
2016-06-09,308330.1437061629
2016-06-10,308016.60093068384
2016-06-11,308016.60093068384
2016-06-12,308016.60093068384
2016-06-13,308196.55808868224
2016-06-14,307783.67635889753
2016-06-15,307327.0271546339
2016-06-16,306200.69084289623
2016-06-17,305043.4420854197
2016-06-18,305043.4420854197
2016-06-19,305043.4420854197
2016-06-20,303560.03888590506
2016-06-21,304322.9362433593
2016-06-22,304280.31632521877
2016-06-23,303549.1546507414
2016-06-24,302918.23267175554
2016-06-25,302918.23267175554
2016-06-26,302918.23267175554
2016-06-27,302424.27997570107
2016-06-28,302114.796452403
2016-06-29,302500.14337188
2016-06-30,303099.16802121437
2016-07-01,303672.50801869
2016-07-02,303672.50801869
2016-07-03,303672.50801869
2016-07-04,302847.15256161673
2016-07-05,303752.67174043006
2016-07-06,303752.67174043006
2016-07-07,304562.19424618594
2016-07-08,304555.6473758744
2016-07-09,304555.6473758744
2016-07-10,304555.6473758744
2016-07-11,303672.56120696286
2016-07-12,303526.11500300816
2016-07-13,303552.80379327893
2016-07-14,302607.4201598613
2016-07-15,302638.07014126366
2016-07-16,302638.07014126366
2016-07-17,302638.07014126366
2016-07-18,303688.55656240194
2016-07-19,303911.76648496004
2016-07-20,304941.9887989975
2016-07-21,306044.62758977665
2016-07-22,307332.7616776809
2016-07-23,307332.7616776809
2016-07-24,307332.7616776809
2016-07-25,306515.3954509123
2016-07-26,306850.81808279693
2016-07-27,306612.1326102953
2016-07-28,307462.6380809933
2016-07-29,307796.88902711537
2016-07-30,307796.88902711537
2016-07-31,307796.88902711537
2016-08-01,307899.3775171892
2016-08-02,306389.4443382237
2016-08-03,305763.85655425664
2016-08-04,304913.9897524283
2016-08-05,304871.68509991537
2016-08-06,304871.68509991537
2016-08-07,304871.68509991537
2016-08-08,306352.5316532888
2016-08-09,305432.79239835136
2016-08-10,306160.82052311447
2016-08-11,306285.5120504158
2016-08-12,305439.7467405409
2016-08-13,305439.7467405409
2016-08-14,305439.7467405409
2016-08-15,305439.7467405409
2016-08-16,304740.3613554844
2016-08-17,302964.99679210095
2016-08-18,303300.2008940128
2016-08-19,302732.8946491447
2016-08-20,302732.8946491447
2016-08-21,302732.8946491447
2016-08-22,303295.20378602104
2016-08-23,302727.77009118313
2016-08-24,303344.65960880305
2016-08-25,303964.0934646264
2016-08-26,304317.55389595573
2016-08-27,304317.55389595573
2016-08-28,304317.55389595573
2016-08-29,304352.4483618091
2016-08-30,303235.48610158794
2016-08-31,303866.3679194734
2016-09-01,305126.72033186024
2016-09-02,304927.58321217564
2016-09-03,304927.58321217564
2016-09-04,304927.58321217564
2016-09-05,304927.58321217564
2016-09-06,304200.2161652269
2016-09-07,303317.5300647352
2016-09-08,302762.7589060915
2016-09-09,303356.99130897236
2016-09-10,303356.99130897236
2016-09-11,303356.99130897236
2016-09-12,304723.2179772109
2016-09-13,304723.2179772109
2016-09-14,304269.6948959957
2016-09-15,304432.0976369664
2016-09-16,305284.2421098003
2016-09-17,305284.2421098003
2016-09-18,305284.2421098003
2016-09-19,305070.41031658143
2016-09-20,305589.33810647065
2016-09-21,307188.6330205905
2016-09-22,307610.91644530225
2016-09-23,308654.17386671907
2016-09-24,308654.17386671907
2016-09-25,308654.17386671907
2016-09-26,309439.1790809293
2016-09-27,309825.35465497966
2016-09-28,308656.94492769137
2016-09-29,310358.2517993361
2016-09-30,310436.7664065412
2016-10-01,310436.7664065412
2016-10-02,310436.7664065412
2016-10-03,310284.1409448307
2016-10-04,310795.1675576661
2016-10-05,311617.072785184
2016-10-06,312964.381337366
2016-10-07,313426.5953945089
2016-10-08,313426.5953945089
2016-10-09,313426.5953945089
2016-10-10,314812.4134081177
2016-10-11,314812.4134081177
2016-10-12,314812.4134081177
2016-10-13,315737.563329256
2016-10-14,315457.7824631572
2016-10-15,315457.7824631572
2016-10-16,315457.7824631572
2016-10-17,315537.0206518165
2016-10-18,315571.6348094774
2016-10-19,315037.4010631565
2016-10-20,314091.5315431782
2016-10-21,314915.73290552455
2016-10-22,314915.73290552455
2016-10-23,314915.73290552455
2016-10-24,314600.769116313
2016-10-25,314820.638516028
2016-10-26,313895.25205407786
2016-10-27,313816.53016475297
2016-10-28,312253.22176680516
2016-10-29,312253.22176680516
2016-10-30,312253.22176680516
2016-10-31,312253.22176680516
2016-11-01,312669.1932596166
2016-11-02,313399.7926541214
2016-11-03,313904.39646800415
2016-11-04,312745.77485971735
2016-11-05,312745.77485971735
2016-11-06,312745.77485971735
2016-11-07,312212.1881193337
2016-11-08,312172.52704908134
2016-11-09,310966.83750166773
2016-11-10,307218.4796900795
2016-11-11,306510.46523113747
2016-11-12,306510.46523113747
2016-11-13,306510.46523113747
2016-11-14,306510.46523113747
2016-11-15,304067.952171225
2016-11-16,304804.6008369161
2016-11-17,304676.2587012906
2016-11-18,304245.68874988565
2016-11-19,304245.68874988565
2016-11-20,304245.68874988565
2016-11-21,304719.2745972046
2016-11-22,305305.4101130079
2016-11-23,306090.736815289
2016-11-24,306630.417476849
2016-11-25,306865.96477434697
2016-11-26,306865.96477434697
2016-11-27,306865.96477434697
2016-11-28,307256.6403181653
2016-11-29,307485.84169191547
2016-11-30,307265.1619715479
2016-12-01,307631.5732583655
2016-12-02,307551.332777396
2016-12-03,307551.332777396
2016-12-04,307551.332777396
2016-12-05,307256.68231094547
2016-12-06,307169.23578459886
2016-12-07,307298.96792738663
2016-12-08,307808.07812073117
2016-12-09,307162.108532238
2016-12-10,307162.108532238
2016-12-11,307162.108532238
2016-12-12,307767.81265865517
2016-12-13,307397.3810901169
2016-12-14,307283.8299812466
2016-12-15,306925.87552462914
2016-12-16,307560.71316380193
2016-12-17,307560.71316380193
2016-12-18,307560.71316380193
2016-12-19,307791.1010178487
2016-12-20,308236.0018314197
2016-12-21,309404.5661412445
2016-12-22,310287.13193400134
2016-12-23,309686.92076570296
2016-12-24,309686.92076570296
2016-12-25,309686.92076570296
2016-12-26,309974.99669425446
2016-12-27,310751.5368871688
2016-12-28,310613.36029942543
2016-12-29,311141.1084543815
2016-12-30,311248.7292783171
2016-12-31,311248.7292783171
2017-01-01,311248.7292783171
2017-01-02,310705.953545553
2017-01-03,310628.3246162959
2017-01-04,309794.4795013643
2017-01-05,310101.94669557223
2017-01-06,310129.92894404725
2017-01-07,310129.92894404725
2017-01-08,310129.92894404725
2017-01-09,310496.7240312198
2017-01-10,309970.52759494114
2017-01-11,310330.17024582904
2017-01-12,310811.00092962396
2017-01-13,310664.3872392327
2017-01-14,310664.3872392327
2017-01-15,310664.3872392327
2017-01-16,311470.53769045725
2017-01-17,311278.204565082
2017-01-18,311217.54377853125
2017-01-19,310316.00923892925
2017-01-20,310541.56499926577
2017-01-21,310541.56499926577
2017-01-22,310541.56499926577
2017-01-23,311239.6728189189
2017-01-24,311519.4328974861
2017-01-25,311654.06020820275
2017-01-26,311654.06020820275
2017-01-27,312143.1601369902
2017-01-28,312143.1601369902
2017-01-29,312143.1601369902
2017-01-30,310600.9548411341
2017-01-31,308152.1149176797
2017-02-01,308054.4061021732
2017-02-02,307134.1353074195
2017-02-03,306227.25313406345
2017-02-04,306227.25313406345
2017-02-05,306227.25313406345
2017-02-06,306801.29124794353
2017-02-07,307479.4783677594
2017-02-08,307207.70114328706
2017-02-09,306987.6803687655
2017-02-10,306861.92847991816
2017-02-11,306861.92847991816
2017-02-12,306861.92847991816
2017-02-13,308924.4290316304
2017-02-14,308217.67038232734
2017-02-15,309578.40317217377
2017-02-16,309097.0285837343
2017-02-17,308978.1790317872
2017-02-18,308978.1790317872
2017-02-19,308978.1790317872
2017-02-20,309075.91476151306
2017-02-21,308833.47617733356
2017-02-22,308288.249503707
2017-02-23,309063.84672788176
2017-02-24,309063.84672788176
2017-02-25,309063.84672788176
2017-02-26,309063.84672788176
2017-02-27,310611.3493599269
2017-02-28,310765.6757352697
2017-03-01,310761.9369328753
2017-03-02,311917.4698791537
2017-03-03,311712.4928032209
2017-03-04,311712.4928032209
2017-03-05,311712.4928032209
2017-03-06,313525.47367234516
2017-03-07,313367.28081857396
2017-03-08,312748.6908283903
2017-03-09,312926.11528699246
2017-03-10,313673.5704645767
2017-03-11,313673.5704645767
2017-03-12,313673.5704645767
2017-03-13,313673.5704645767
2017-03-14,314321.6578520697
2017-03-15,313875.7484086382
2017-03-16,313068.27743232925
2017-03-17,313327.2341269926
2017-03-18,313327.2341269926
2017-03-19,313327.2341269926
2017-03-20,313963.6828119367
2017-03-21,314172.3473303622
2017-03-22,315133.23651972006
2017-03-23,314815.03193416225
2017-03-24,313686.0359728068
2017-03-25,313686.0359728068
2017-03-26,313686.0359728068
2017-03-27,313684.9764997776
2017-03-28,314666.36233523814
2017-03-29,314333.1041699391
2017-03-30,315127.31536306354
2017-03-31,315565.6414100032
2017-04-01,315565.6414100032
2017-04-02,315565.6414100032
2017-04-03,315971.54382758134
2017-04-04,315971.54382758134
2017-04-05,316501.3569409022
2017-04-06,317058.20767783094
2017-04-07,316866.3020335728
2017-04-08,316866.3020335728
2017-04-09,316866.3020335728
2017-04-10,316841.315120806
2017-04-11,316791.30097186303
2017-04-12,317120.7959178287
2017-04-13,316666.14470023673
2017-04-14,316666.14470023673
2017-04-15,316666.14470023673
2017-04-16,316666.14470023673
2017-04-17,317830.2574803615
2017-04-18,316359.9975307693
2017-04-19,315914.67554703564
2017-04-20,316890.41204745497
2017-04-21,316483.2834614712
2017-04-22,316483.2834614712
2017-04-23,316483.2834614712
2017-04-24,316073.0914939529
2017-04-25,315665.33116213715
2017-04-26,315255.00268984545
2017-04-27,314451.54233349394
2017-04-28,312915.0649857877
2017-04-29,312915.0649857877
2017-04-30,312915.0649857877
2017-05-01,312915.0649857877
2017-05-02,313107.08469860756
2017-05-03,313131.14522980346
2017-05-04,313646.27685678983
2017-05-05,316028.4708089191
2017-05-06,316028.4708089191
2017-05-07,316028.4708089191
2017-05-08,316060.1006851105
2017-05-09,317918.39058921527
2017-05-10,318707.92225664
2017-05-11,321385.0261773706
2017-05-12,320744.50337306625
2017-05-13,320744.50337306625
2017-05-14,320744.50337306625
2017-05-15,324022.6413647996
2017-05-16,323165.2187887195
2017-05-17,324855.55887612986
2017-05-18,325411.71049372817
2017-05-19,324777.72207788186
2017-05-20,324777.72207788186
2017-05-21,324777.72207788186
2017-05-22,324462.6830790797
2017-05-23,324607.1592269599
2017-05-24,323802.85886743857
2017-05-25,325317.4735627077
2017-05-26,326676.0907050577
2017-05-27,326676.0907050577
2017-05-28,326676.0907050577
2017-05-29,327727.0503732367
2017-05-30,327785.04339507956
2017-05-31,328285.7421909644
2017-06-01,329174.82069519727
2017-06-02,331202.77571205
2017-06-03,331202.77571205
2017-06-04,331202.77571205
2017-06-05,331846.5452467653
2017-06-06,331712.6994834878
2017-06-07,333333.8434040803
2017-06-08,333772.3780273875
2017-06-09,333596.80429942196
2017-06-10,333596.80429942196
2017-06-11,333596.80429942196
2017-06-12,335017.7930617464
2017-06-13,335555.4627149065
2017-06-14,334123.7244939701
2017-06-15,336269.57567094476
2017-06-16,335424.5061194795
2017-06-17,335424.5061194795
2017-06-18,335424.5061194795
2017-06-19,334166.0529941095
2017-06-20,335960.0290613102
2017-06-21,337039.23913413216
2017-06-22,335580.25108543993
2017-06-23,334521.13669313275
2017-06-24,334521.13669313275
2017-06-25,334521.13669313275
2017-06-26,334521.13669313275
2017-06-27,331726.9247133707
2017-06-28,332761.6786690478
2017-06-29,332316.9078589623
2017-06-30,332052.11698615376
2017-07-01,332052.11698615376
2017-07-02,332052.11698615376
2017-07-03,333436.6147620787
2017-07-04,335607.6399420176
2017-07-05,335797.4102714936
2017-07-06,334525.85058189975
2017-07-07,334089.93986750074
2017-07-08,334089.93986750074
2017-07-09,334089.93986750074
2017-07-10,333670.19881993387
2017-07-11,337782.64373138495
2017-07-12,336887.42063097283
2017-07-13,336483.201925933
2017-07-14,335773.644163675
2017-07-15,335773.644163675
2017-07-16,335773.644163675
2017-07-17,337564.0312278456
2017-07-18,336089.86240179266
2017-07-19,335538.59260914207
2017-07-20,336258.008307793
2017-07-21,335068.66842619074
2017-07-22,335068.66842619074
2017-07-23,335068.66842619074
2017-07-24,336009.0933170879
2017-07-25,333575.65673198516
2017-07-26,334830.52947846707
2017-07-27,336972.6085362532
2017-07-28,337183.7228494778
2017-07-29,337183.7228494778
2017-07-30,337183.7228494778
2017-07-31,336088.360540678
2017-08-01,334308.7907718617
2017-08-02,335521.4834130983
2017-08-03,337139.6027343025
2017-08-04,337011.88463010546
2017-08-05,337011.88463010546
2017-08-06,337011.88463010546
2017-08-07,338597.5202630258
2017-08-08,339366.95963297196
2017-08-09,338397.93405643397
2017-08-10,338387.1451243532
2017-08-11,339895.25605760544
2017-08-12,339895.25605760544
2017-08-13,339895.25605760544
2017-08-14,343689.7188993358
2017-08-15,343689.7188993358
2017-08-16,344348.88614778244
2017-08-17,346341.74590687396
2017-08-18,345735.6416488621
2017-08-19,345735.6416488621
2017-08-20,345735.6416488621
2017-08-21,345324.9011998202
2017-08-22,345906.9112894996
2017-08-23,346008.01477245026
2017-08-24,347393.8118168073
2017-08-25,347393.8118168073
2017-08-26,347393.8118168073
2017-08-27,347393.8118168073
2017-08-28,349594.0961456159
2017-08-29,349237.15526317735
2017-08-30,350445.6079114403
2017-08-31,350614.2123386916
2017-09-01,351043.6018894485
2017-09-02,351043.6018894485
2017-09-03,351043.6018894485
2017-09-04,350971.70988421154
2017-09-05,350211.1449267438
2017-09-06,350377.75527057645
2017-09-07,352374.4476621958
2017-09-08,353585.63371262595
2017-09-09,353585.63371262595
2017-09-10,353585.63371262595
2017-09-11,354907.1805578033
2017-09-12,352552.3407580057
2017-09-13,351192.00144720904
2017-09-14,351656.3017771738
2017-09-15,351575.1285575503
2017-09-16,351575.1285575503
2017-09-17,351575.1285575503
2017-09-18,354515.5948569551
2017-09-19,355233.41249312996
2017-09-20,355341.79833101697
2017-09-21,354526.6557081951
2017-09-22,352114.2976314955
2017-09-23,352114.2976314955
2017-09-24,352114.2976314955
2017-09-25,349316.9709305938
2017-09-26,351409.90033859987
2017-09-27,351766.3873499882
2017-09-28,353926.38393611286
2017-09-29,354094.04852859204
2017-09-30,354094.04852859204
2017-10-01,354094.04852859204
2017-10-02,354094.04852859204
2017-10-03,354444.4857405511
2017-10-04,355770.95206738985
2017-10-05,355880.00389390445
2017-10-06,356173.03101845906
2017-10-07,356173.03101845906
2017-10-08,356173.03101845906
2017-10-09,356929.3237581465
2017-10-10,357480.8816792435
2017-10-11,356684.7101456827
2017-10-12,356441.0038129428
2017-10-13,355000.87978083873
2017-10-14,355000.87978083873
2017-10-15,355000.87978083873
2017-10-16,354228.89756436326
2017-10-17,355243.84587239905
2017-10-18,355040.93640764063
2017-10-19,355424.3602269986
2017-10-20,355424.3602269986
2017-10-21,355424.3602269986
2017-10-22,355424.3602269986
2017-10-23,354399.18163952173
2017-10-24,352513.5934452674
2017-10-25,342223.82974249544
2017-10-26,343883.75929186377
2017-10-27,345672.059487236
2017-10-28,345672.059487236
2017-10-29,345672.059487236
2017-10-30,345149.3730471316
2017-10-31,345454.36197971815
2017-11-01,344539.5298275517
2017-11-02,344064.38061453647
2017-11-03,343233.7569843125
2017-11-04,343233.7569843125
2017-11-05,343233.7569843125
2017-11-06,342003.71728290763
2017-11-07,344121.7425918188
2017-11-08,342552.99747314927
2017-11-09,342985.8253022132
2017-11-10,342580.0419014737
2017-11-11,342580.0419014737
2017-11-12,342580.0419014737
2017-11-13,341763.1825139038
2017-11-14,342328.0853319603
2017-11-15,343084.1328537804
2017-11-16,342421.7674631014
2017-11-17,343869.00225599325
2017-11-18,343869.00225599325
2017-11-19,343869.00225599325
2017-11-20,341779.6153795024
2017-11-21,342972.27300775994
2017-11-22,342461.0483202585
2017-11-23,341553.3673152047
2017-11-24,341902.04044419754
2017-11-25,341902.04044419754
2017-11-26,341902.04044419754
2017-11-27,341308.0519198953
2017-11-28,340932.3794093477
2017-11-29,340110.25615812745
2017-11-30,342323.51894284575
2017-12-01,343584.0678254174
2017-12-02,343584.0678254174
2017-12-03,343584.0678254174
2017-12-04,343879.109638834
2017-12-05,343061.90666674287
2017-12-06,343291.74947376765
2017-12-07,344076.5963661966
2017-12-08,344494.586733858
2017-12-09,344494.586733858
2017-12-10,344494.586733858
2017-12-11,345283.61921522237
2017-12-12,347703.667046438
2017-12-13,349421.8777309496
2017-12-14,348728.7096366511
2017-12-15,350669.83673929283
2017-12-16,350669.83673929283
2017-12-17,350669.83673929283
2017-12-18,349551.21016959584
2017-12-19,349867.6552925191
2017-12-20,351702.3632394377
2017-12-21,352443.8357210024
2017-12-22,352331.34002071794
2017-12-23,352331.34002071794
2017-12-24,352331.34002071794
2017-12-25,352331.34002071794
2017-12-26,351764.07502305496
2017-12-27,352458.6995176021
2017-12-28,351542.286071138
2017-12-29,349966.7201176478
2017-12-30,349966.7201176478
2017-12-31,349966.7201176478
2018-01-01,349894.4703799557
2018-01-02,349549.58484568144
2018-01-03,349803.35591925844
2018-01-04,347352.81871033367
2018-01-05,349121.6836104229
2018-01-06,349121.6836104229
2018-01-07,349121.6836104229
2018-01-08,349639.39933960984
2018-01-09,349790.869804541
2018-01-10,350532.01961510396
2018-01-11,351296.42461651465
2018-01-12,349551.24285060255
2018-01-13,349551.24285060255
2018-01-14,349551.24285060255
2018-01-15,348211.0009218759
2018-01-16,348258.4902826507
2018-01-17,347327.160924608
2018-01-18,345956.16986730276
2018-01-19,346860.19642983057
2018-01-20,346860.19642983057
2018-01-21,346860.19642983057
2018-01-22,348014.3659774447
2018-01-23,346783.92954508914
2018-01-24,344974.1138804477
2018-01-25,344384.8402477597
2018-01-26,344384.8402477597
2018-01-27,344384.8402477597
2018-01-28,344384.8402477597
2018-01-29,345121.77722015756
2018-01-30,344291.0020853568
2018-01-31,344530.8688304605
2018-02-01,347165.38186158636
2018-02-02,346780.7059391798
2018-02-03,346780.7059391798
2018-02-04,346780.7059391798
2018-02-05,343594.8086119899
2018-02-06,344169.2440793171
2018-02-07,343336.8707789156
2018-02-08,343144.3692577571
2018-02-09,342529.79310881003
2018-02-10,342529.79310881003
2018-02-11,342529.79310881003
2018-02-12,343632.39604808926
2018-02-13,343632.39604808926
2018-02-14,344903.2445690466
2018-02-15,346463.4076695014
2018-02-16,346288.61841606593
2018-02-17,346288.61841606593
2018-02-18,346288.61841606593
2018-02-19,347476.992708792
2018-02-20,347342.4474935997
2018-02-21,348688.49074740545
2018-02-22,349859.04648300295
2018-02-23,348722.62591086776
2018-02-24,348722.62591086776
2018-02-25,348722.62591086776
2018-02-26,347653.9520144473
2018-02-27,350904.2610571242
2018-02-28,351206.74128917756
2018-03-01,351413.0568693215
2018-03-02,351413.0568693215
2018-03-03,351413.0568693215
2018-03-04,351413.0568693215
2018-03-05,350663.92896623316
2018-03-06,351667.4165608407
2018-03-07,351605.1463386379
2018-03-08,351336.75923703995
2018-03-09,349973.96324668423
2018-03-10,349973.96324668423
2018-03-11,349973.96324668423
2018-03-12,349390.0579897613
2018-03-13,347453.5495366291
2018-03-14,346883.98564647336
2018-03-15,345944.1314483459
2018-03-16,346175.5877313196
2018-03-17,346175.5877313196
2018-03-18,346175.5877313196
2018-03-19,346663.1627142841
2018-03-20,347084.09376552777
2018-03-21,345000.67429145466
2018-03-22,344896.5072981767
2018-03-23,345338.66926895425
2018-03-24,345338.66926895425
2018-03-25,345338.66926895425
2018-03-26,345354.0905679411
2018-03-27,345921.97143590584
2018-03-28,349895.00799647404
2018-03-29,349895.00799647404
2018-03-30,349895.00799647404
2018-03-31,349895.00799647404
2018-04-01,349895.00799647404
2018-04-02,349501.03028666205
2018-04-03,350488.0959766038
2018-04-04,350708.1605289085
2018-04-05,350444.6178422747
2018-04-06,349631.4479591221
2018-04-07,349631.4479591221
2018-04-08,349631.4479591221
2018-04-09,349232.33860190446
2018-04-10,349349.57638435636
2018-04-11,351424.8040387476
2018-04-12,350667.9305517847
2018-04-13,350679.7565016025
2018-04-14,350679.7565016025
2018-04-15,350679.7565016025
2018-04-16,351215.7663457646
2018-04-17,350499.55117778346
2018-04-18,351025.19822294277
2018-04-19,350565.46414045023
2018-04-20,351597.20343504846
2018-04-21,351597.20343504846
2018-04-22,351597.20343504846
2018-04-23,352084.238244517
2018-04-24,353044.2187778812
2018-04-25,353420.4676800433
2018-04-26,353371.708098314
2018-04-27,352910.1252759333
2018-04-28,352910.1252759333
2018-04-29,352910.1252759333
2018-04-30,353837.8511080212
2018-05-01,353837.8511080212
2018-05-02,354309.4073838744
2018-05-03,354630.5387775603
2018-05-04,355354.4599467679
2018-05-05,355354.4599467679
2018-05-06,355354.4599467679
2018-05-07,354299.92971986526
2018-05-08,353025.67967996036
2018-05-09,351706.6149840628
2018-05-10,353504.57405433344
2018-05-11,353602.3512291743
2018-05-12,353602.3512291743
2018-05-13,353602.3512291743
2018-05-14,355269.4603782858
2018-05-15,355844.3777705233
2018-05-16,358986.7649004901
2018-05-17,359377.6045134674
2018-05-18,359498.9956352711
2018-05-19,359498.9956352711
2018-05-20,359498.9956352711
2018-05-21,358429.9812834482
2018-05-22,359938.9063319028
2018-05-23,358091.4369981152
2018-05-24,357488.6527704761
2018-05-25,356933.36817309493
2018-05-26,356933.36817309493
2018-05-27,356933.36817309493
2018-05-28,354868.947435059
2018-05-29,356104.91386270226
2018-05-30,354856.547296208
2018-05-31,355902.9882274958
2018-06-01,355148.3964245003
2018-06-02,355148.3964245003
2018-06-03,355148.3964245003
2018-06-04,353938.0441084141
2018-06-05,354031.4274203032
2018-06-06,352844.8926100279
2018-06-07,352602.3156160561
2018-06-08,350321.7196693066
2018-06-09,350321.7196693066
2018-06-10,350321.7196693066
2018-06-11,350146.8416184551
2018-06-12,350717.16056710883
2018-06-13,352339.48056187894
2018-06-14,352147.965731834
2018-06-15,353778.4473908738
2018-06-16,353778.4473908738
2018-06-17,353778.4473908738
2018-06-18,352707.40272880916
2018-06-19,350666.07742172247
2018-06-20,351612.4736888816
2018-06-21,351862.01361949916
2018-06-22,351734.6140288877
2018-06-23,351734.6140288877
2018-06-24,351734.6140288877
2018-06-25,353289.5712834345
2018-06-26,353137.68663139956
2018-06-27,353836.9862309209
2018-06-28,353676.03389344166
2018-06-29,352515.30397688545
2018-06-30,352515.30397688545
2018-07-01,352515.30397688545
2018-07-02,354495.52469472855
2018-07-03,355815.26319332415
2018-07-04,357116.5879025034
2018-07-05,359164.1972829172
2018-07-06,358832.5302976708
2018-07-07,358832.5302976708
2018-07-08,358832.5302976708
2018-07-09,358430.80002388323
2018-07-10,357014.6565801092
2018-07-11,356600.31307967484
2018-07-12,356978.2702391547
2018-07-13,357141.06723213097
2018-07-14,357141.06723213097
2018-07-15,357141.06723213097
2018-07-16,357197.6101026253
2018-07-17,356406.3915477998
2018-07-18,357342.59988749964
2018-07-19,357765.8808944265
2018-07-20,360494.05799785827
2018-07-21,360494.05799785827
2018-07-22,360494.05799785827
2018-07-23,361231.5607630585
2018-07-24,361582.889974716
2018-07-25,362330.9902990232
2018-07-26,361015.94277103775
2018-07-27,362308.9527129662
2018-07-28,362308.9527129662
2018-07-29,362308.9527129662
2018-07-30,361268.4496028624
2018-07-31,361873.1055247304
2018-08-01,361157.07348845224
2018-08-02,362342.89949685003
2018-08-03,362978.61263735243
2018-08-04,362978.61263735243
2018-08-05,362978.61263735243
2018-08-06,361375.8934362082
2018-08-07,363367.6373922852
2018-08-08,363028.2674678636
2018-08-09,363145.8463185328
2018-08-10,365232.2843625796
2018-08-11,365232.2843625796
2018-08-12,365232.2843625796
2018-08-13,367042.814877163
2018-08-14,366480.6802240771
2018-08-15,366480.6802240771
2018-08-16,365468.260982754
2018-08-17,365382.21634228015
2018-08-18,365382.21634228015
2018-08-19,365382.21634228015
2018-08-20,365686.6005888807
2018-08-21,365838.8982595979
2018-08-22,365838.8982595979
2018-08-23,365731.368553265
2018-08-24,364555.3206949517
2018-08-25,364555.3206949517
2018-08-26,364555.3206949517
2018-08-27,364106.46713651996
2018-08-28,364740.8911756492
2018-08-29,363857.02026515396
2018-08-30,362087.3277757528
2018-08-31,361556.4642975773
2018-09-01,361556.4642975773
2018-09-02,361556.4642975773
2018-09-03,362623.1988202466
2018-09-04,362681.87691344146
2018-09-05,362416.1676380886
2018-09-06,361992.2098095737
2018-09-07,361767.6993276676
2018-09-08,361767.6993276676
2018-09-09,361767.6993276676
2018-09-10,360588.779687251
2018-09-11,360730.8536766099
2018-09-12,360886.216739659
2018-09-13,360886.216739659
2018-09-14,360702.7287906668
2018-09-15,360702.7287906668
2018-09-16,360702.7287906668
2018-09-17,359979.01253802265
2018-09-18,359876.92553786177
2018-09-19,359810.0497556523
2018-09-20,359810.0497556523
2018-09-21,363014.14639916044
2018-09-22,363014.14639916044
2018-09-23,363014.14639916044
2018-09-24,362831.69893932616
2018-09-25,363344.4506774009
2018-09-26,362985.2134969162
2018-09-27,362464.0023260015
2018-09-28,364153.6609115937
2018-09-29,364153.6609115937
2018-09-30,364153.6609115937
2018-10-01,362323.9997357073
2018-10-02,362323.9997357073
2018-10-03,360407.6862869907
2018-10-04,359747.8479927853
2018-10-05,359030.20271881844
2018-10-06,359030.20271881844
2018-10-07,359030.20271881844
2018-10-08,357327.2044501138
2018-10-09,356029.02385345905
2018-10-10,356751.0458330232
2018-10-11,356103.8369380992
2018-10-12,357617.636001776
2018-10-13,357617.636001776
2018-10-14,357617.636001776
2018-10-15,356472.9301384735
2018-10-16,356111.4610244384
2018-10-17,355371.06891375745
2018-10-18,355371.06891375745
2018-10-19,356130.9573921555
2018-10-20,356130.9573921555
2018-10-21,356130.9573921555
2018-10-22,355062.1123737942
2018-10-23,353534.6469988611
2018-10-24,354386.8801757876
2018-10-25,354747.7693075657
2018-10-26,354854.7285422278
2018-10-27,354854.7285422278
2018-10-28,354854.7285422278
2018-10-29,353898.90720616403
2018-10-30,355339.4520656066
2018-10-31,353687.2515029954
2018-11-01,354617.1872148899
2018-11-02,356667.37963208545
2018-11-03,356667.37963208545
2018-11-04,356667.37963208545
2018-11-05,355072.4293938738
2018-11-06,353693.64962409285
2018-11-07,354374.44094579085
2018-11-08,354374.44094579085
2018-11-09,352850.3539458499
2018-11-10,352850.3539458499
2018-11-11,352850.3539458499
2018-11-12,352236.1729624328
2018-11-13,352166.4006594278
2018-11-14,352448.0878931279
2018-11-15,352851.72183721757
2018-11-16,352895.9685625336
2018-11-17,352895.9685625336
2018-11-18,352895.9685625336
2018-11-19,352872.2484506078
2018-11-20,352827.0859495019
2018-11-21,352520.2226458249
2018-11-22,352766.83508263784
2018-11-23,352766.83508263784
2018-11-24,352766.83508263784
2018-11-25,352766.83508263784
2018-11-26,353133.8411216138
2018-11-27,352274.5241166538
2018-11-28,353069.8419976812
2018-11-29,353497.94195428106
2018-11-30,354813.884245776
2018-12-01,354813.884245776
2018-12-02,354813.884245776
2018-12-03,354962.2484863967
2018-12-04,356925.8170522405
2018-12-05,357161.11627275374
2018-12-06,357494.88253749034
2018-12-07,356973.66071405093
2018-12-08,356973.66071405093
2018-12-09,356973.66071405093
2018-12-10,355383.05079989333
2018-12-11,354847.5312035148
2018-12-12,355381.05083109764
2018-12-13,356167.00221867964
2018-12-14,355350.6459561143
2018-12-15,355350.6459561143
2018-12-16,355350.6459561143
2018-12-17,355418.1246949004
2018-12-18,354996.9756988223
2018-12-19,355196.4829475172
2018-12-20,354929.2926987939
2018-12-21,354597.45103128406
2018-12-22,354597.45103128406
2018-12-23,354597.45103128406
2018-12-24,354143.95393022837
2018-12-25,354143.95393022837
2018-12-26,353036.088077361
2018-12-27,353474.5294522803
2018-12-28,353588.57618284295
2018-12-29,353588.57618284295
2018-12-30,353588.57618284295
2018-12-31,353386.3819162232
2019-01-01,351593.2917450877
2019-01-02,351460.6423596849
2019-01-03,352489.6301318202
2019-01-04,352081.71948119765
2019-01-05,352081.71948119765
2019-01-06,352081.71948119765
2019-01-07,352519.76952263457
2019-01-08,352958.0140631276
2019-01-09,352467.9426513077
2019-01-10,352439.61179295497
2019-01-11,352765.6095872709
2019-01-12,352765.6095872709
2019-01-13,352765.6095872709
2019-01-14,353415.0759023273
2019-01-15,353288.039454947
2019-01-16,352800.05376044894
2019-01-17,353729.98290025996
2019-01-18,354704.5641415028
2019-01-19,354704.5641415028
2019-01-20,354704.5641415028
2019-01-21,356114.4706434917
2019-01-22,356596.0736452668
2019-01-23,356079.4067338146
2019-01-24,356196.9491823024
2019-01-25,355954.75568873505
2019-01-26,355954.75568873505
2019-01-27,355954.75568873505
2019-01-28,356759.8500375587
2019-01-29,357096.9541632212
2019-01-30,357646.95962965814
2019-01-31,357157.43077167263
2019-02-01,357791.1117407132
2019-02-02,357791.1117407132
2019-02-03,357791.1117407132
2019-02-04,359413.3143506155
2019-02-05,361038.30928492855
2019-02-06,362458.6934368925
2019-02-07,363781.68328439037
2019-02-08,363812.4985909263
2019-02-09,363812.4985909263
2019-02-10,363812.4985909263
2019-02-11,365775.8411661328
2019-02-12,365428.9579679266
2019-02-13,365428.9579679266
2019-02-14,366131.8420636237
2019-02-15,365503.87187788135
2019-02-16,365503.87187788135
2019-02-17,365503.87187788135
2019-02-18,365121.97829284566
2019-02-19,364880.2891245902
2019-02-20,365156.3657191972
2019-02-21,362618.01971692336
2019-02-22,361528.5340538736
2019-02-23,361528.5340538736
2019-02-24,361528.5340538736
2019-02-25,362714.1217750358
2019-02-26,363663.6536198618
2019-02-27,362894.6062246497
2019-02-28,363713.48724100314
2019-03-01,362177.7840943568
2019-03-02,362177.7840943568
2019-03-03,362177.7840943568
2019-03-04,362177.7840943568
2019-03-05,359237.5397809767
2019-03-06,354753.15532462066
2019-03-07,355156.4594793403
2019-03-08,357039.12356450333
2019-03-09,357039.12356450333
2019-03-10,357039.12356450333
2019-03-11,355992.87255692144
2019-03-12,357918.25774329365
2019-03-13,358513.48502049805
2019-03-14,359089.51222269086
2019-03-15,361227.85957165505
2019-03-16,361227.85957165505
2019-03-17,361227.85957165505
2019-03-18,360815.5662757094
2019-03-19,359531.4103513255
2019-03-20,360529.24924810685
2019-03-21,360529.24924810685
2019-03-22,360763.0909865984
2019-03-23,360763.0909865984
2019-03-24,360763.0909865984
2019-03-25,361437.9431638196
2019-03-26,362006.2409389297
2019-03-27,362056.2822575978
2019-03-28,361273.508173876
2019-03-29,361273.508173876
2019-03-30,361273.508173876
2019-03-31,361273.508173876
2019-04-01,359585.65776623244
2019-04-02,359657.7303109112
2019-04-03,359954.6840260239
2019-04-04,360444.6815148184
2019-04-05,360527.4259304565
2019-04-06,360527.4259304565
2019-04-07,360527.4259304565
2019-04-08,360869.55837745074
2019-04-09,361904.9576832764
2019-04-10,362118.0300214121
2019-04-11,361728.3419936296
2019-04-12,362310.3517708137
2019-04-13,362310.3517708137
2019-04-14,362310.3517708137
2019-04-15,362958.2574489678
2019-04-16,363074.53144401195
2019-04-17,363074.53144401195
2019-04-18,362380.5492604204
2019-04-19,362380.5492604204
2019-04-20,362380.5492604204
2019-04-21,362380.5492604204
2019-04-22,361728.95599089714
2019-04-23,360958.5576191527
2019-04-24,360775.0802725129
2019-04-25,360955.9472860245
2019-04-26,359023.6101622475
2019-04-27,359023.6101622475
2019-04-28,359023.6101622475
2019-04-29,359023.6101622475
2019-04-30,361623.77899478015
2019-05-01,361623.77899478015
2019-05-02,362540.10459153284
2019-05-03,362403.33615141094
2019-05-04,362403.33615141094
2019-05-05,362403.33615141094
2019-05-06,362589.50815811305
2019-05-07,362969.7076963608
2019-05-08,364217.9027523501
2019-05-09,363253.28477319947
2019-05-10,361752.69851199817
2019-05-11,361752.69851199817
2019-05-12,361752.69851199817
2019-05-13,364028.90085978527
2019-05-14,365014.3650801423
2019-05-15,367395.9456793758
2019-05-16,368808.7810751144
2019-05-17,370083.53646494704
2019-05-18,370083.53646494704
2019-05-19,370083.53646494704
2019-05-20,368488.9528064536
2019-05-21,368473.94718712475
2019-05-22,368422.0801436695
2019-05-23,369881.1967331534
2019-05-24,371050.80413012556
2019-05-25,371050.80413012556
2019-05-26,371050.80413012556
2019-05-27,371454.7309950413
2019-05-28,373358.65392012335
2019-05-29,373877.4811650425
2019-05-30,373538.62009702704
2019-05-31,373404.029824298
2019-06-01,373404.029824298
2019-06-02,373404.029824298
2019-06-03,373514.8580000178
2019-06-04,372580.3250154591
2019-06-05,372580.3250154591
2019-06-06,373617.83001264615
2019-06-07,373984.3132994807
2019-06-08,373984.3132994807
2019-06-09,373984.3132994807
2019-06-10,376261.0119338212
2019-06-11,377560.9896067609
2019-06-12,379110.1455847813
2019-06-13,379979.3043525567
2019-06-14,379568.9235581611
2019-06-15,379568.9235581611
2019-06-16,379568.9235581611
2019-06-17,379237.04469276994
2019-06-18,380179.63432640105
2019-06-19,382637.9023625266
2019-06-20,382903.5756937325
2019-06-21,381912.58436642034
2019-06-22,381912.58436642034
2019-06-23,381912.58436642034
2019-06-24,381368.6932383018
2019-06-25,382030.7736528388
2019-06-26,381442.78806020867
2019-06-27,380429.2193350171
2019-06-28,380214.56157009717
2019-06-29,380214.56157009717
2019-06-30,380214.56157009717
2019-07-01,380129.7716799068
2019-07-02,380748.8107839268
2019-07-03,378151.8022307291
2019-07-04,377365.4879639676
2019-07-05,376653.1287999826
2019-07-06,376653.1287999826
2019-07-07,376653.1287999826
2019-07-08,375929.0505551871
2019-07-09,376267.1434441662
2019-07-10,376322.1272090492
2019-07-11,375001.5924097991
2019-07-12,375293.9302049945
2019-07-13,375293.9302049945
2019-07-14,375293.9302049945
2019-07-15,375569.3386903589
2019-07-16,375753.6988810332
2019-07-17,375637.9198139644
2019-07-18,375975.16311848327
2019-07-19,375183.78778547526
2019-07-20,375183.78778547526
2019-07-21,375183.78778547526
2019-07-22,375249.16942311527
2019-07-23,374562.03120627336
2019-07-24,374904.69397223176
2019-07-25,375139.42411366414
2019-07-26,375589.1007989731
2019-07-27,375589.1007989731
2019-07-28,375589.1007989731
2019-07-29,376552.64898265543
2019-07-30,378481.7898361314
2019-07-31,379319.01741077384
2019-08-01,379456.78626005515
2019-08-02,379504.0157171518
2019-08-03,379504.0157171518
2019-08-04,379504.0157171518
2019-08-05,380838.1744812225
2019-08-06,380780.0403096195
2019-08-07,380575.2833287571
2019-08-08,380892.6592818322
2019-08-09,382395.3832311039
2019-08-10,382395.3832311039
2019-08-11,382395.3832311039
2019-08-12,382395.3832311039
2019-08-13,382720.417208686
2019-08-14,383423.6778370758
2019-08-15,383423.6778370758
2019-08-16,384399.30278391787
2019-08-17,384399.30278391787
2019-08-18,384399.30278391787
2019-08-19,384959.7056289995
2019-08-20,385463.2052867317
2019-08-21,387376.14962094626
2019-08-22,389879.91365559027
2019-08-23,389920.2858242083
2019-08-24,389920.2858242083
2019-08-25,389920.2858242083
2019-08-26,388661.1749074023
2019-08-27,390191.93391207367
2019-08-28,389276.91243187955
2019-08-29,390351.2359931478
2019-08-30,388309.27474140667
2019-08-31,388309.27474140667
2019-09-01,388309.27474140667
2019-09-02,388309.27474140667
2019-09-03,388594.6152966992
2019-09-04,389397.90748808
2019-09-05,388943.90954439586
2019-09-06,389434.64026809507
2019-09-07,389434.64026809507
2019-09-08,389434.64026809507
2019-09-09,390864.4481583595
2019-09-10,390864.4481583595
2019-09-11,388822.2058693364
2019-09-12,389251.5834159268
2019-09-13,389436.7337184559
2019-09-14,389436.7337184559
2019-09-15,389436.7337184559
2019-09-16,389105.27104976773
2019-09-17,390088.5566341224
2019-09-18,388788.6431858071
2019-09-19,387710.90768731077
2019-09-20,392128.3751965667
2019-09-21,392128.3751965667
2019-09-22,392128.3751965667
2019-09-23,394507.0310296897
2019-09-24,394944.1566586136
2019-09-25,395483.90710935113
2019-09-26,394987.5599630154
2019-09-27,395614.6205989322
2019-09-28,395614.6205989322
2019-09-29,395614.6205989322
2019-09-30,395479.0244610972
2019-10-01,394422.7105686773
2019-10-02,394422.7105686773
2019-10-03,394295.95126173197
2019-10-04,392095.03162662615
2019-10-05,392095.03162662615
2019-10-06,392095.03162662615
2019-10-07,392524.6436575132
2019-10-08,392524.6436575132
2019-10-09,392231.0303310649
2019-10-10,392660.61583194335
2019-10-11,394851.7779984707
2019-10-12,394851.7779984707
2019-10-13,394851.7779984707
2019-10-14,396601.31938262295
2019-10-15,397444.5885233192
2019-10-16,396280.4406448646
2019-10-17,396277.9238948183
2019-10-18,395636.3711896549
2019-10-19,395636.3711896549
2019-10-20,395636.3711896549
2019-10-21,395636.3711896549
2019-10-22,395162.0450301914
2019-10-23,394983.05917879986
2019-10-24,396037.4149239231
2019-10-25,394998.6854796665
2019-10-26,394998.6854796665
2019-10-27,395399.757572444
2019-10-28,395399.757572444
2019-10-29,394037.4762956145
2019-10-30,390601.4786779956
2019-10-31,389565.2693514959
2019-11-01,390112.2449758332
2019-11-02,390112.2449758332
2019-11-03,390112.2449758332
2019-11-04,388969.01190943376
2019-11-05,390670.1109045848
2019-11-06,390645.36543926434
2019-11-07,390667.9823875388
2019-11-08,390855.57920846966
2019-11-09,390855.57920846966
2019-11-10,390855.57920846966
2019-11-11,389128.48363706213
2019-11-12,389128.48363706213
2019-11-13,389683.525684818
2019-11-14,390310.2745716671
2019-11-15,390736.14232691686
2019-11-16,390736.14232691686
2019-11-17,390736.14232691686
2019-11-18,391030.11437866103
2019-11-19,387493.04559284553
2019-11-20,385908.4155071979
2019-11-21,384176.63905199466
2019-11-22,385775.16953199013
2019-11-23,385775.16953199013
2019-11-24,385775.16953199013
2019-11-25,386628.9846816223
2019-11-26,387164.85854562937
2019-11-27,387258.8158212532
2019-11-28,386716.19749014376
2019-11-29,386180.68072629604
2019-11-30,386180.68072629604
2019-12-01,386180.68072629604
2019-12-02,385573.1771072828
2019-12-03,385293.08698234276
2019-12-04,384637.1469428175
2019-12-05,384549.31523279473
2019-12-06,385740.56762504403
2019-12-07,385740.56762504403
2019-12-08,385740.56762504403
2019-12-09,386919.28889330645
2019-12-10,386951.19629430503
2019-12-11,388271.36115212506
2019-12-12,387092.8373384025
2019-12-13,385991.66348528035
2019-12-14,385991.66348528035
2019-12-15,385991.66348528035
2019-12-16,387289.75477114524
2019-12-17,386845.7105144876
2019-12-18,386091.5303508052
2019-12-19,386625.4776005015
2019-12-20,386215.6534000279
2019-12-21,386215.6534000279
2019-12-22,386215.6534000279
2019-12-23,386438.7856972442
2019-12-24,386998.351955966
2019-12-25,386998.351955966
2019-12-26,385192.9906892181
2019-12-27,383663.7893474206
2019-12-28,383663.7893474206
2019-12-29,383663.7893474206
2019-12-30,383938.7948345332
2019-12-31,383210.8012331753
2020-01-01,383231.95286619326
2020-01-02,381878.796284172
2020-01-03,381789.138140058
2020-01-04,381789.138140058
2020-01-05,381789.138140058
2020-01-06,381273.47239434434
2020-01-07,381169.4736590724
2020-01-08,382057.35431607586
2020-01-09,382065.27835665643
2020-01-10,382277.1936617578
2020-01-11,382277.1936617578
2020-01-12,382277.1936617578
2020-01-13,381040.4081090659
2020-01-14,381788.8358966608
2020-01-15,381575.7649721424
2020-01-16,381712.8299224221
2020-01-17,381868.4160476932
2020-01-18,381868.4160476932
2020-01-19,381868.4160476932
2020-01-20,382187.13234139024
2020-01-21,381885.48442912777
2020-01-22,382773.26344197115
2020-01-23,382503.22576340823
2020-01-24,382482.999906791
2020-01-25,382482.999906791
2020-01-26,382482.999906791
2020-01-27,383299.46403414744
2020-01-28,383457.09554363217
2020-01-29,383409.37875923084
2020-01-30,383492.3242232263
2020-01-31,383354.2309982615
2020-02-01,383354.2309982615
2020-02-02,383354.2309982615
2020-02-03,385749.6335311391
2020-02-04,388632.2109524197
2020-02-05,389114.2653771539
2020-02-06,388605.59114706813
2020-02-07,388772.2602118908
2020-02-08,388772.2602118908
2020-02-09,388772.2602118908
2020-02-10,388791.6227544345
2020-02-11,390491.18447809655
2020-02-12,390579.94371029147
2020-02-13,390946.9353637369
2020-02-14,391521.1494387047
2020-02-15,391521.1494387047
2020-02-16,391521.1494387047
2020-02-17,392173.04839599074
2020-02-18,391340.15858605865
2020-02-19,391403.74119393114
2020-02-20,391515.3385431139
2020-02-21,391515.3385431139
2020-02-22,391515.3385431139
2020-02-23,391515.3385431139
2020-02-24,393091.8222983263
2020-02-25,393294.72654642275
2020-02-26,394007.743268127
2020-02-27,393822.9612837814
2020-02-28,394355.1979943179
2020-02-29,394355.1979943179
2020-03-01,394355.1979943179
2020-03-02,394521.8466226895
2020-03-03,394688.3755711352
2020-03-04,394975.8253792572
2020-03-05,394641.125867254
2020-03-06,395877.09553409007
2020-03-07,395877.09553409007
2020-03-08,395877.09553409007
2020-03-09,395459.60134144186
2020-03-10,395459.60134144186
2020-03-11,395317.70917679975
2020-03-12,393101.7594359785
2020-03-13,395151.6508637193
2020-03-14,395151.6508637193
2020-03-15,395151.6508637193
2020-03-16,393208.5869180395
2020-03-17,392222.65051922074
2020-03-18,391563.3942059127
2020-03-19,388196.7438472613
2020-03-20,388956.1120850903
2020-03-21,388956.1120850903
2020-03-22,388956.1120850903
2020-03-23,385183.1763018832
2020-03-24,385244.7383561189
2020-03-25,387226.82307126635
2020-03-26,386396.5867247864
2020-03-27,387196.5604275223
2020-03-28,387196.5604275223
2020-03-29,387196.5604275223
2020-03-30,386872.60300572525
2020-03-31,387015.15315076977
2020-04-01,385823.9255417744
2020-04-02,385823.9255417744
2020-04-03,383846.58244479453
2020-04-04,383846.58244479453
2020-04-05,383846.58244479453
2020-04-06,383846.58244479453
2020-04-07,385553.4661649973
2020-04-08,386663.0689685161
2020-04-09,386754.5511360001
2020-04-10,386754.5511360001
2020-04-11,386754.5511360001
2020-04-12,386754.5511360001
2020-04-13,384634.6261298283
2020-04-14,384634.6261298283
2020-04-15,386043.75287296344
2020-04-16,385043.3739912772
2020-04-17,384797.6718176404
2020-04-18,384797.6718176404
2020-04-19,384797.6718176404
2020-04-20,382625.1843033278
2020-04-21,379706.55324053694
2020-04-22,379831.083327332
2020-04-23,380278.39940686105
2020-04-24,381468.8999024444
2020-04-25,381468.8999024444
2020-04-26,381468.8999024444
2020-04-27,381593.6135664944
2020-04-28,381470.78465595795
2020-04-29,382086.6349132465
2020-04-30,383539.78909724375
2020-05-01,383539.78909724375
2020-05-02,383539.78909724375
2020-05-03,383539.78909724375
2020-05-04,381865.36274074914
2020-05-05,381497.6520450178
2020-05-06,380957.9360318044
2020-05-07,380443.82275811385
2020-05-08,381025.9017741893
2020-05-09,381025.9017741893
2020-05-10,381025.9017741893
2020-05-11,380542.5401475661
2020-05-12,379424.4266548024
2020-05-13,379082.3512796686
2020-05-14,377983.7771085404
2020-05-15,377251.8321097891
2020-05-16,377251.8321097891
2020-05-17,377251.8321097891
2020-05-18,377187.3548175074
2020-05-19,378110.16019671864
2020-05-20,378194.781488221
2020-05-21,378326.4345196575
2020-05-22,378855.85927092656
2020-05-23,378855.85927092656
2020-05-24,378855.85927092656
2020-05-25,378855.85927092656
2020-05-26,379231.5496263257
2020-05-27,378726.89217616577
2020-05-28,379160.20014793344
2020-05-29,380508.8912539644
2020-05-30,380508.8912539644
2020-05-31,380508.8912539644
2020-06-01,380360.86851818394
2020-06-02,380063.5480167152
2020-06-03,379110.96125475585
2020-06-04,377793.9760507321
2020-06-05,377148.4658802367
2020-06-06,377148.4658802367
2020-06-07,377148.4658802367
2020-06-08,375760.3328879332
2020-06-09,374862.89767067146
2020-06-10,373422.81805740483
2020-06-11,373849.2045688196
2020-06-12,373694.76583669113
2020-06-13,373694.76583669113
2020-06-14,373694.76583669113
2020-06-15,372192.5682929661
2020-06-16,372218.06945574743
2020-06-17,372652.7619425005
2020-06-18,372329.4500952086
2020-06-19,372978.1361142455
2020-06-20,372978.1361142455
2020-06-21,372978.1361142455
2020-06-22,372624.41553139995
2020-06-23,372671.15347924724
2020-06-24,372206.8465129519
2020-06-25,371683.3357926939
2020-06-26,369376.7677595065
2020-06-27,369376.7677595065
2020-06-28,369376.7677595065
2020-06-29,369562.5873669988
2020-06-30,369967.5764719301
2020-07-01,370430.61371565086
2020-07-02,370493.76249060826
2020-07-03,370368.18971772736
2020-07-04,370368.18971772736
2020-07-05,370368.18971772736
2020-07-06,371865.9594787782
2020-07-07,372339.75595515216
2020-07-08,371803.18021484575
2020-07-09,371636.48367643415
2020-07-10,372095.5778167065
2020-07-11,372095.5778167065
2020-07-12,372095.5778167065
2020-07-13,373533.3689483697
2020-07-14,374047.4127316392
2020-07-15,375818.09324936196
2020-07-16,376421.3944161734
2020-07-17,376190.1231597952
2020-07-18,376190.1231597952
2020-07-19,376190.1231597952
2020-07-20,375549.5469387191
2020-07-21,375027.28762925195
2020-07-22,375121.90595741925
2020-07-23,374700.465581708
2020-07-24,375026.21298004064
2020-07-25,375026.21298004064
2020-07-26,375026.21298004064
2020-07-27,376020.62572912814
2020-07-28,376150.96985578776
2020-07-29,374687.3012307363
2020-07-30,373880.1164721828
2020-07-31,374560.5987148954
2020-08-01,374560.5987148954
2020-08-02,374560.5987148954
2020-08-03,374903.7296945942
2020-08-04,373744.2438596324
2020-08-05,373811.5364199641
2020-08-06,373081.70684323186
2020-08-07,375077.1570349445
2020-08-08,375077.1570349445
2020-08-09,375077.1570349445
2020-08-10,373953.20975030155
2020-08-11,373531.48943510477
2020-08-12,372205.5488255561
2020-08-13,373403.6213970217
2020-08-14,373586.5902210186
2020-08-15,373586.5902210186
2020-08-16,373586.5902210186
2020-08-17,374350.6775569862
2020-08-18,374144.5584263801
2020-08-19,372790.9370397049
2020-08-20,373531.0204907801
2020-08-21,375135.7509990669
2020-08-22,375135.7509990669
2020-08-23,375135.7509990669
2020-08-24,376437.79262991576
2020-08-25,377102.7382282357
2020-08-26,375967.98563942895
2020-08-27,377168.2154522825
2020-08-28,377167.07675560866
2020-08-29,377167.07675560866
2020-08-30,377167.07675560866
2020-08-31,378756.1736543551
2020-09-01,379893.61896845396
2020-09-02,379472.65851519915
2020-09-03,378881.58276311925
2020-09-04,379018.7226501191
2020-09-05,379018.7226501191
2020-09-06,379018.7226501191
2020-09-07,378548.65323201637
2020-09-08,377094.7389085527
2020-09-09,377416.72796923056
2020-09-10,377143.54191855644
2020-09-11,377460.4979021176
2020-09-12,377460.4979021176
2020-09-13,377460.4979021176
2020-09-14,378053.2501154696
2020-09-15,380139.4362618703
2020-09-16,382066.4428382367
2020-09-17,382512.4684826295
2020-09-18,383368.43479471025
2020-09-19,383368.43479471025
2020-09-20,383368.43479471025
2020-09-21,382737.1219215577
2020-09-22,381546.6751855875
2020-09-23,381308.4167427416
2020-09-24,382512.2752017682
2020-09-25,382285.27446836955
2020-09-26,382285.27446836955
2020-09-27,382285.27446836955
2020-09-28,383306.8976878347
2020-09-29,382362.6707622217
2020-09-30,382091.9382642576
2020-10-01,383467.4589595364
2020-10-02,383467.4589595364
2020-10-03,383467.4589595364
2020-10-04,383467.4589595364
2020-10-05,381728.93156273605
2020-10-06,381367.4156083284
2020-10-07,380634.2168953592
2020-10-08,380232.65589261387
2020-10-09,380306.9430106575
2020-10-10,380306.9430106575
2020-10-11,380306.9430106575
2020-10-12,380547.3213092245
2020-10-13,381548.3401512584
2020-10-14,381861.85891931446
2020-10-15,380792.10184892954
2020-10-16,380884.93438300595
2020-10-17,380884.93438300595
2020-10-18,380884.93438300595
2020-10-19,379720.3036411982
2020-10-20,378885.4088137481
2020-10-21,379121.0696312164
2020-10-22,379195.8840438698
2020-10-23,379814.5865070261
2020-10-24,379814.5865070261
2020-10-25,379814.5865070261
2020-10-26,380852.463195179
2020-10-27,381428.6916662392
2020-10-28,381522.43198696314
2020-10-29,381235.01887317176
2020-10-30,380939.5620775521
2020-10-31,380939.5620775521
2020-11-01,380939.5620775521
2020-11-02,380444.65974849125
2020-11-03,379682.6914490005
2020-11-04,380435.6718333382
2020-11-05,380587.3317663915
2020-11-06,380600.4796240687
2020-11-07,380600.4796240687
2020-11-08,380600.4796240687
2020-11-09,381798.89202679764
2020-11-10,382696.51157009497
2020-11-11,382724.4149514558
2020-11-12,383019.5602409252
2020-11-13,383392.8410990717
2020-11-14,383670.13703666185
2020-11-15,383670.13703666185
2020-11-16,383670.13703666185
2020-11-17,383899.2772651382
2020-11-18,384596.10745029204
2020-11-19,385408.6993135805
2020-11-20,384666.12603976735
2020-11-21,384666.12603976735
2020-11-22,384666.12603976735
2020-11-23,385031.80359020864
2020-11-24,384497.7710950673
2020-11-25,382437.5367761736
2020-11-26,382882.9954303788
2020-11-27,382505.73828915646
2020-11-28,382505.73828915646
2020-11-29,382505.73828915646
2020-11-30,382505.73828915646
2020-12-01,382746.08747418656
2020-12-02,383100.2774029831
2020-12-03,381886.80438448244
2020-12-04,381834.8218621059
2020-12-05,381834.8218621059
2020-12-06,381834.8218621059
2020-12-07,378842.48545806983
2020-12-08,377163.0433106341
2020-12-09,378151.51701003173
2020-12-10,379167.5644030598
2020-12-11,376537.59802235814
2020-12-12,376537.59802235814
2020-12-13,376537.59802235814
2020-12-14,375094.2899507674
2020-12-15,375633.3889300517
2020-12-16,376872.5807041161
2020-12-17,376739.24498223723
2020-12-18,379043.87676909025
2020-12-19,379043.87676909025
2020-12-20,379043.87676909025
2020-12-21,382438.7990152865
2020-12-22,381988.16754074063
2020-12-23,382204.4786020115
2020-12-24,381779.94788950554
2020-12-25,381779.94788950554
2020-12-26,381779.94788950554
2020-12-27,381779.94788950554
2020-12-28,380315.01421673584
2020-12-29,382353.6635341601
2020-12-30,383716.06978371774
2020-12-31,382758.42669359484
2021-01-01,382321.16385177005
2021-01-02,382321.16385177005
2021-01-03,382321.16385177005
2021-01-04,382763.68507979764
2021-01-05,383266.89828889375
2021-01-06,384354.96192823106
2021-01-07,383320.67238119943
2021-01-08,384375.2195047701
2021-01-09,384375.2195047701
2021-01-10,384375.2195047701
2021-01-11,384668.4924520286
2021-01-12,383059.96816703095
2021-01-13,383078.57423807704
2021-01-14,384434.9293711729
2021-01-15,383475.06633690506
2021-01-16,383475.06633690506
2021-01-17,383475.06633690506
2021-01-18,382936.76002676506
2021-01-19,383951.8691834346
2021-01-20,383979.12439493334
2021-01-21,383006.80569048005
2021-01-22,383513.20807441964
2021-01-23,383513.20807441964
2021-01-24,383513.20807441964
2021-01-25,383435.1780138535
2021-01-26,383435.1780138535
2021-01-27,383935.96762504056
2021-01-28,382416.1426275753
2021-01-29,383669.6583079872
2021-01-30,383669.6583079872
2021-01-31,383669.6583079872
2021-02-01,383937.8785263863
2021-02-02,383498.5091636827
2021-02-03,383419.5831927449
2021-02-04,382759.47071591625
2021-02-05,384408.32950043667
2021-02-06,384408.32950043667
2021-02-07,384408.32950043667
2021-02-08,385893.6455226508
2021-02-09,386882.5166852301
2021-02-10,387861.2112259156
2021-02-11,388153.0216305348
2021-02-12,388042.4430912128
2021-02-13,388042.4430912128
2021-02-14,388042.4430912128
2021-02-15,388834.11622423504
2021-02-16,387224.1658448533
2021-02-17,385242.0723936948
2021-02-18,381127.8342551283
2021-02-19,381290.4807565346
2021-02-20,381290.4807565346
2021-02-21,381290.4807565346
2021-02-22,385134.6774823641
2021-02-23,384026.27275693987
2021-02-24,383840.2408737979
2021-02-25,382941.74443348055
2021-02-26,383397.2274442675
2021-02-27,383397.2274442675
2021-02-28,383397.2274442675
2021-03-01,381675.1450399356
2021-03-02,382124.0872475316
2021-03-03,383149.56171879364
2021-03-04,385088.5038970164
2021-03-05,385319.0230540305
2021-03-06,385319.0230540305
2021-03-07,385319.0230540305
2021-03-08,384260.2908328433
2021-03-09,386320.0810705493
2021-03-10,387980.3396395551
2021-03-11,387980.3396395551
2021-03-12,387268.9755716312
2021-03-13,387268.9755716312
2021-03-14,387268.9755716312
2021-03-15,387068.2650508024
2021-03-16,386687.4648809583
2021-03-17,385917.7608801018
2021-03-18,386747.21359194804
2021-03-19,387006.91488324734
2021-03-20,387006.91488324734
2021-03-21,387006.91488324734
2021-03-22,387581.8506398625
2021-03-23,385493.65253407194
2021-03-24,385828.8040360037
2021-03-25,386422.6286951225
2021-03-26,387427.8814260621
2021-03-27,387427.8814260621
2021-03-28,387427.8814260621
2021-03-29,387427.8814260621
2021-03-30,389430.4134976135
2021-03-31,388776.1737355243
2021-04-01,386616.25467433664
2021-04-02,386616.25467433664
2021-04-03,386616.25467433664
2021-04-04,386616.25467433664
2021-04-05,387294.9420286715
2021-04-06,387899.2552271744
2021-04-07,389017.35056260903
2021-04-08,387949.53018593765
2021-04-09,387541.5650109941
2021-04-10,387541.5650109941
2021-04-11,387541.5650109941
2021-04-12,391609.8839566471
2021-04-13,388982.5611566717
2021-04-14,388982.5611566717
2021-04-15,388981.2256538644
2021-04-16,389011.39701769943
2021-04-17,389011.39701769943
2021-04-18,389011.39701769943
2021-04-19,390877.5163983165
2021-04-20,389998.04649568466
2021-04-21,389998.04649568466
2021-04-22,390261.5999663437
2021-04-23,391235.13551785704
2021-04-24,391235.13551785704
2021-04-25,391235.13551785704
2021-04-26,391739.1569883567
2021-04-27,390518.85826590995
2021-04-28,392336.3786021557
2021-04-29,392336.06703451957
2021-04-30,391909.5811384944
2021-05-01,391909.5811384944
2021-05-02,391909.5811384944
2021-05-03,392737.6984014034
2021-05-04,391136.42350102216
2021-05-05,391446.34225162596
2021-05-06,390937.6113933084
2021-05-07,390923.185932508
2021-05-08,390923.185932508
2021-05-09,390923.185932508
2021-05-10,387590.0462204454
2021-05-11,386124.9267485718
2021-05-12,384285.558141459
2021-05-13,384285.558141459
2021-05-14,383480.9796911264
2021-05-15,383480.9796911264
2021-05-16,383480.9796911264
2021-05-17,384597.6154378975
2021-05-18,386638.8992163006
2021-05-19,386008.47169367416
2021-05-20,386222.27672924136
2021-05-21,384913.84415833914
2021-05-22,384913.84415833914
2021-05-23,384913.84415833914
2021-05-24,384002.0841110785
2021-05-25,382962.1212400445
2021-05-26,383437.3448904245
2021-05-27,382893.6229544219
2021-05-28,382251.1679331378
2021-05-29,382251.1679331378
2021-05-30,382251.1679331378
2021-05-31,382585.41424211184
2021-06-01,383281.8886237736
2021-06-02,380972.02731256315
2021-06-03,380876.63403414126
2021-06-04,379008.43909441354
2021-06-05,379008.43909441354
2021-06-06,379008.43909441354
2021-06-07,378463.7629542374
2021-06-08,380434.0415514031
2021-06-09,379316.0366242461
2021-06-10,378380.93186779646
2021-06-11,377610.77193987684
2021-06-12,377610.77193987684
2021-06-13,377610.77193987684
2021-06-14,378812.36438116094
2021-06-15,377786.6369528323
2021-06-16,375737.83725785627
2021-06-17,374761.8828177828
2021-06-18,373317.0134035767
2021-06-19,373317.0134035767
2021-06-20,373317.0134035767
2021-06-21,368680.40857369005
2021-06-22,366512.6813030752
2021-06-23,369389.18773907213
2021-06-24,371238.56147966336
2021-06-25,370985.6289559518
2021-06-26,370985.6289559518
2021-06-27,370985.6289559518
2021-06-28,369169.0451984003
2021-06-29,369132.5996157465
2021-06-30,367430.3024718142
2021-07-01,368316.2326969947
2021-07-02,369333.3765316652
2021-07-03,369333.3765316652
2021-07-04,369333.3765316652
2021-07-05,367741.3035396625
2021-07-06,368755.9954076683
2021-07-07,368962.1735458602
2021-07-08,369085.0403287179
2021-07-09,367859.0289787855
2021-07-10,367859.0289787855
2021-07-11,367859.0289787855
2021-07-12,366272.48367003887
2021-07-13,367208.0186734612
2021-07-14,369942.4321898646
2021-07-15,372685.9226206867
2021-07-16,373063.53255125514
2021-07-17,373063.53255125514
2021-07-18,373063.53255125514
2021-07-19,372905.1878101089
2021-07-20,374652.41190304654
2021-07-21,374652.41190304654
2021-07-22,375158.67276933556
2021-07-23,374976.65946355334
2021-07-24,374976.65946355334
2021-07-25,374976.65946355334
2021-07-26,373713.63330257486
2021-07-27,374143.1425880431
2021-07-28,374647.75562366354
2021-07-29,376312.9684675577
2021-07-30,375097.19003675174
2021-07-31,375097.19003675174
2021-08-01,375097.19003675174
2021-08-02,373002.85300893063
2021-08-03,375028.012021011
2021-08-04,376390.8815127355
2021-08-05,378149.8164572903
2021-08-06,376784.60670373763
2021-08-07,376784.60670373763
2021-08-08,376784.60670373763
2021-08-09,378319.7371365967
2021-08-10,380551.4777312214
2021-08-11,381872.8406304482
2021-08-12,379365.7813159218
2021-08-13,381267.3489485746
2021-08-14,381267.3489485746
2021-08-15,381267.3489485746
2021-08-16,383358.12678739586
2021-08-17,385101.20858800254
2021-08-18,386757.80431334616
2021-08-19,386757.80431334616
2021-08-20,388355.1467982367
2021-08-21,388355.1467982367
2021-08-22,388355.1467982367
2021-08-23,389530.4965925565
2021-08-24,388214.4358393247
2021-08-25,386877.701703271
2021-08-26,385753.250819491
2021-08-27,386023.6119970873
2021-08-28,386023.6119970873
2021-08-29,386023.6119970873
2021-08-30,384392.28429892415
2021-08-31,387392.19626978214
2021-09-01,387681.7603825482
2021-09-02,388500.76136421546
2021-09-03,389045.03814712807
2021-09-04,389045.03814712807
2021-09-05,389045.03814712807
2021-09-06,388834.2437470769
2021-09-07,389505.2202880649
2021-09-08,390497.133188218
2021-09-09,390465.1599158726
2021-09-10,390465.1599158726
2021-09-11,390465.1599158726
2021-09-12,390465.1599158726
2021-09-13,390187.8319872037
2021-09-14,389454.616138568
2021-09-15,389352.81701090315
2021-09-16,388276.6982504185
2021-09-17,388739.6168277058
2021-09-18,388739.6168277058
2021-09-19,388739.6168277058
2021-09-20,392076.1655729676
2021-09-21,392548.19703370077
2021-09-22,393079.04912918527
2021-09-23,394154.357120584
2021-09-24,394216.3217783588
2021-09-25,394216.3217783588
2021-09-26,394216.3217783588
2021-09-27,394397.2702102491
2021-09-28,391967.3100692801
2021-09-29,392081.16483623243
2021-09-30,390897.1890124546
2021-10-01,389885.9470525702
2021-10-02,389885.9470525702
2021-10-03,389885.9470525702
2021-10-04,388241.5963377338
2021-10-05,389308.1735357568
2021-10-06,389222.2830146281
2021-10-07,389542.051734464
2021-10-08,386287.61642828357
2021-10-09,386287.61642828357
2021-10-10,386287.61642828357
2021-10-11,384075.773785762
2021-10-12,383205.8953720321
2021-10-13,382470.0219799171
2021-10-14,384345.17903088906
2021-10-15,384345.17903088906
2021-10-16,384345.17903088906
2021-10-17,384345.17903088906
2021-10-18,382851.60186749196
2021-10-19,385045.3538961588
2021-10-20,385984.2971720692
2021-10-21,383990.4885097375
2021-10-22,384918.5387552539
2021-10-23,384918.5387552539
2021-10-24,384918.5387552539
2021-10-25,384146.8072507316
2021-10-26,384285.9851626819
2021-10-27,385080.52621554025
2021-10-28,387164.96748961264
2021-10-29,387419.89103989815
2021-10-30,387419.89103989815
2021-10-31,387419.89103989815
2021-11-01,389376.3152894847
2021-11-02,391998.7153917082
2021-11-03,392746.2015589912
2021-11-04,393556.7138897506
2021-11-05,393556.7138897506
2021-11-06,393556.7138897506
2021-11-07,393556.7138897506
2021-11-08,394200.78887079365
2021-11-09,393211.0293313656
2021-11-10,394373.68882915867
2021-11-11,395322.00930835825
2021-11-12,396646.77612901805
2021-11-13,396646.77612901805
2021-11-14,396646.77612901805
2021-11-15,398719.10007298423
2021-11-16,397474.8741490742
2021-11-17,400487.17982580326
2021-11-18,400523.0625398025
2021-11-19,400523.0625398025
2021-11-20,400523.0625398025
2021-11-21,400523.0625398025
2021-11-22,401060.11209611717
2021-11-23,399961.46858376294
2021-11-24,396196.2165857628
2021-11-25,395639.91876292916
2021-11-26,395467.0836594942
2021-11-27,395467.0836594942
2021-11-28,395467.0836594942
2021-11-29,397939.7744882781
2021-11-30,397651.9661873869
2021-12-01,398243.46307439834
2021-12-02,399687.1789492732
2021-12-03,397255.37887291313
2021-12-04,397255.37887291313
2021-12-05,397255.37887291313
2021-12-06,397500.1394986076
2021-12-07,397684.94438002305
2021-12-08,397705.2394620746
2021-12-09,394381.2149018473
2021-12-10,394435.98474449746
2021-12-11,394435.98474449746
2021-12-12,394435.98474449746
2021-12-13,394650.2203839149
2021-12-14,394506.39247680677
2021-12-15,393544.60646679095
2021-12-16,394932.81035477837
2021-12-17,395444.3414017101
2021-12-18,395444.3414017101
2021-12-19,395444.3414017101
2021-12-20,395723.91597493156
2021-12-21,395450.88551261695
2021-12-22,393482.11815717036
2021-12-23,394990.5462880705
2021-12-24,394267.1652300996
2021-12-25,394267.1652300996
2021-12-26,394267.1652300996
2021-12-27,394476.5352201945
2021-12-28,394083.78402189515
2021-12-29,396013.7619336897
2021-12-30,397091.04810614034
2021-12-31,396459.64739649364
